中曆紀日	西曆紀日	正朔組	舊年號	新年號
0801-01C-01	0581-01-21	正朔二		大定元年
0801-01C-02	0581-01-22	正朔二		大定元年
0801-01C-03	0581-01-23	正朔二		大定元年
0801-01C-04	0581-01-24	正朔二		大定元年
0801-01C-05	0581-01-25	正朔二		大定元年
0801-01C-06	0581-01-26	正朔二		大定元年
0801-01C-07	0581-01-27	正朔二		大定元年
0801-01C-08	0581-01-28	正朔二		大定元年
0801-01C-09	0581-01-29	正朔二		大定元年
0801-01C-10	0581-01-30	正朔二		大定元年
0801-01C-11	0581-01-31	正朔二		大定元年
0801-01C-12	0581-02-01	正朔二		大定元年
0801-01C-13	0581-02-02	正朔二		大定元年
0801-01C-14	0581-02-03	正朔二		大定元年
0801-01C-15	0581-02-04	正朔二		大定元年
0801-01C-16	0581-02-05	正朔二		大定元年
0801-01C-17	0581-02-06	正朔二		大定元年
0801-01C-18	0581-02-07	正朔二		大定元年
0801-01C-19	0581-02-08	正朔二		大定元年
0801-01C-20	0581-02-09	正朔二		大定元年
0801-01C-21	0581-02-10	正朔二		大定元年
0801-01C-22	0581-02-11	正朔二		大定元年
0801-01C-23	0581-02-12	正朔二		大定元年
0801-01C-24	0581-02-13	正朔二		大定元年
0801-01C-25	0581-02-14	正朔二		大定元年
0801-01C-26	0581-02-15	正朔二		大定元年
0801-01C-27	0581-02-16	正朔二		大定元年
0801-01C-28	0581-02-17	正朔二		大定元年
0801-01C-29	0581-02-18	正朔二		大定元年
0801-01C-30	0581-02-19	正朔二		大定元年
0801-02C-01	0581-02-20	正朔二		大定元年
0801-02C-02	0581-02-21	正朔二		大定元年
0801-02C-03	0581-02-22	正朔二		大定元年
0801-02C-04	0581-02-23	正朔二		大定元年
0801-02C-05	0581-02-24	正朔二		大定元年
0801-02C-06	0581-02-25	正朔二		大定元年
0801-02C-07	0581-02-26	正朔二		大定元年
0801-02C-08	0581-02-27	正朔二		大定元年
0801-02C-09	0581-02-28	正朔二		大定元年
0801-02C-10	0581-03-01	正朔二		大定元年
0801-02C-11	0581-03-02	正朔二		大定元年
0801-02C-12	0581-03-03	正朔二		大定元年
0801-11C-21	0582-01-01	正朔一	太建十四年	太建十三年
0801-11C-21	0582-01-01	正朔二	開皇二年	開皇元年
0801-11C-22	0582-01-02	正朔一	太建十四年	太建十三年
0801-11C-22	0582-01-02	正朔二	開皇二年	開皇元年
0801-11C-23	0582-01-03	正朔一	太建十四年	太建十三年
0801-11C-23	0582-01-03	正朔二	開皇二年	開皇元年
0801-11C-24	0582-01-04	正朔一	太建十四年	太建十三年
0801-11C-24	0582-01-04	正朔二	開皇二年	開皇元年
0801-11C-25	0582-01-05	正朔一	太建十四年	太建十三年
0801-11C-25	0582-01-05	正朔二	開皇二年	開皇元年
0801-11C-26	0582-01-06	正朔一	太建十四年	太建十三年
0801-11C-26	0582-01-06	正朔二	開皇二年	開皇元年
0801-11C-27	0582-01-07	正朔一	太建十四年	太建十三年
0801-11C-27	0582-01-07	正朔二	開皇二年	開皇元年
0801-11C-28	0582-01-08	正朔一	太建十四年	太建十三年
0801-11C-28	0582-01-08	正朔二	開皇二年	開皇元年
0801-11C-29	0582-01-09	正朔一	太建十四年	太建十三年
0801-11C-29	0582-01-09	正朔二	開皇二年	開皇元年
0801-12C-01	0582-01-10	正朔一	太建十四年	太建十三年
0801-12C-01	0582-01-10	正朔二	開皇二年	開皇元年
0801-12C-02	0582-01-11	正朔一	太建十四年	太建十三年
0801-12C-02	0582-01-11	正朔二	開皇二年	開皇元年
0801-12C-03	0582-01-12	正朔一	太建十四年	太建十三年
0801-12C-03	0582-01-12	正朔二	開皇二年	開皇元年
0801-12C-04	0582-01-13	正朔一	太建十四年	太建十三年
0801-12C-04	0582-01-13	正朔二	開皇二年	開皇元年
0801-12C-05	0582-01-14	正朔一	太建十四年	太建十三年
0801-12C-05	0582-01-14	正朔二	開皇二年	開皇元年
0801-12C-06	0582-01-15	正朔一	太建十四年	太建十三年
0801-12C-06	0582-01-15	正朔二	開皇二年	開皇元年
0801-12C-07	0582-01-16	正朔一	太建十四年	太建十三年
0801-12C-07	0582-01-16	正朔二	開皇二年	開皇元年
0801-12C-08	0582-01-17	正朔一	太建十四年	太建十三年
0801-12C-08	0582-01-17	正朔二	開皇二年	開皇元年
0801-12C-09	0582-01-18	正朔一	太建十四年	太建十三年
0801-12C-09	0582-01-18	正朔二	開皇二年	開皇元年
0801-12C-10	0582-01-19	正朔一	太建十四年	太建十三年
0801-12C-10	0582-01-19	正朔二	開皇二年	開皇元年
0801-12C-11	0582-01-20	正朔一	太建十四年	太建十三年
0801-12C-11	0582-01-20	正朔二	開皇二年	開皇元年
0801-12C-12	0582-01-21	正朔一	太建十四年	太建十三年
0801-12C-12	0582-01-21	正朔二	開皇二年	開皇元年
0801-12C-13	0582-01-22	正朔一	太建十四年	太建十三年
0801-12C-13	0582-01-22	正朔二	開皇二年	開皇元年
0801-12C-14	0582-01-23	正朔一	太建十四年	太建十三年
0801-12C-14	0582-01-23	正朔二	開皇二年	開皇元年
0801-12C-15	0582-01-24	正朔一	太建十四年	太建十三年
0801-12C-15	0582-01-24	正朔二	開皇二年	開皇元年
0801-12C-16	0582-01-25	正朔一	太建十四年	太建十三年
0801-12C-16	0582-01-25	正朔二	開皇二年	開皇元年
0801-12C-17	0582-01-26	正朔一	太建十四年	太建十三年
0801-12C-17	0582-01-26	正朔二	開皇二年	開皇元年
0801-12C-18	0582-01-27	正朔一	太建十四年	太建十三年
0801-12C-18	0582-01-27	正朔二	開皇二年	開皇元年
0801-12C-19	0582-01-28	正朔一	太建十四年	太建十三年
0801-12C-19	0582-01-28	正朔二	開皇二年	開皇元年
0801-12C-20	0582-01-29	正朔一	太建十四年	太建十三年
0801-12C-20	0582-01-29	正朔二	開皇二年	開皇元年
0801-12C-21	0582-01-30	正朔一	太建十四年	太建十三年
0801-12C-21	0582-01-30	正朔二	開皇二年	開皇元年
0801-12C-22	0582-01-31	正朔一	太建十四年	太建十三年
0801-12C-22	0582-01-31	正朔二	開皇二年	開皇元年
0801-12C-23	0582-02-01	正朔一	太建十四年	太建十三年
0801-12C-23	0582-02-01	正朔二	開皇二年	開皇元年
0801-12C-24	0582-02-02	正朔一	太建十四年	太建十三年
0801-12C-24	0582-02-02	正朔二	開皇二年	開皇元年
0801-12C-25	0582-02-03	正朔一	太建十四年	太建十三年
0801-12C-25	0582-02-03	正朔二	開皇二年	開皇元年
0801-12C-26	0582-02-04	正朔一	太建十四年	太建十三年
0801-12C-26	0582-02-04	正朔二	開皇二年	開皇元年
0801-12C-27	0582-02-05	正朔一	太建十四年	太建十三年
0801-12C-27	0582-02-05	正朔二	開皇二年	開皇元年
0801-12C-28	0582-02-06	正朔一	太建十四年	太建十三年
0801-12C-28	0582-02-06	正朔二	開皇二年	開皇元年
0801-12C-29	0582-02-07	正朔一	太建十四年	太建十三年
0801-12C-29	0582-02-07	正朔二	開皇二年	開皇元年
0801-12C-30	0582-02-08	正朔二	開皇二年	開皇元年
0802-12C-02	0583-01-01	正朔二	開皇三年	開皇二年
0802-12C-03	0583-01-02	正朔二	開皇三年	開皇二年
0802-12C-04	0583-01-03	正朔二	開皇三年	開皇二年
0802-12C-05	0583-01-04	正朔二	開皇三年	開皇二年
0802-12C-06	0583-01-05	正朔二	開皇三年	開皇二年
0802-12C-07	0583-01-06	正朔二	開皇三年	開皇二年
0802-12C-08	0583-01-07	正朔二	開皇三年	開皇二年
0802-12C-09	0583-01-08	正朔二	開皇三年	開皇二年
0802-12C-10	0583-01-09	正朔二	開皇三年	開皇二年
0802-12C-11	0583-01-10	正朔二	開皇三年	開皇二年
0802-12C-12	0583-01-11	正朔二	開皇三年	開皇二年
0802-12C-13	0583-01-12	正朔二	開皇三年	開皇二年
0802-12C-14	0583-01-13	正朔二	開皇三年	開皇二年
0802-12C-15	0583-01-14	正朔二	開皇三年	開皇二年
0802-12C-16	0583-01-15	正朔二	開皇三年	開皇二年
0802-12C-17	0583-01-16	正朔二	開皇三年	開皇二年
0802-12C-18	0583-01-17	正朔二	開皇三年	開皇二年
0802-12C-19	0583-01-18	正朔二	開皇三年	開皇二年
0802-12C-20	0583-01-19	正朔二	開皇三年	開皇二年
0802-12C-21	0583-01-20	正朔二	開皇三年	開皇二年
0802-12C-22	0583-01-21	正朔二	開皇三年	開皇二年
0802-12C-23	0583-01-22	正朔二	開皇三年	開皇二年
0802-12C-24	0583-01-23	正朔二	開皇三年	開皇二年
0802-12C-25	0583-01-24	正朔二	開皇三年	開皇二年
0802-12C-26	0583-01-25	正朔二	開皇三年	開皇二年
0802-12C-27	0583-01-26	正朔二	開皇三年	開皇二年
0802-12C-28	0583-01-27	正朔二	開皇三年	開皇二年
0802-12C-29	0583-01-28	正朔二	開皇三年	開皇二年
0803-12C-13	0584-01-01	正朔一	至德二年	至德元年
0803-12C-13	0584-01-01	正朔二	開皇四年	開皇三年
0803-12C-14	0584-01-02	正朔一	至德二年	至德元年
0803-12C-14	0584-01-02	正朔二	開皇四年	開皇三年
0803-12C-15	0584-01-03	正朔一	至德二年	至德元年
0803-12C-15	0584-01-03	正朔二	開皇四年	開皇三年
0803-12C-16	0584-01-04	正朔一	至德二年	至德元年
0803-12C-16	0584-01-04	正朔二	開皇四年	開皇三年
0803-12C-17	0584-01-05	正朔一	至德二年	至德元年
0803-12C-17	0584-01-05	正朔二	開皇四年	開皇三年
0803-12C-18	0584-01-06	正朔一	至德二年	至德元年
0803-12C-18	0584-01-06	正朔二	開皇四年	開皇三年
0803-12C-19	0584-01-07	正朔一	至德二年	至德元年
0803-12C-19	0584-01-07	正朔二	開皇四年	開皇三年
0803-12C-20	0584-01-08	正朔一	至德二年	至德元年
0803-12C-20	0584-01-08	正朔二	開皇四年	開皇三年
0803-12C-21	0584-01-09	正朔一	至德二年	至德元年
0803-12C-21	0584-01-09	正朔二	開皇四年	開皇三年
0803-12C-22	0584-01-10	正朔一	至德二年	至德元年
0803-12C-22	0584-01-10	正朔二	開皇四年	開皇三年
0803-12C-23	0584-01-11	正朔一	至德二年	至德元年
0803-12C-23	0584-01-11	正朔二	開皇四年	開皇三年
0803-12C-24	0584-01-12	正朔一	至德二年	至德元年
0803-12C-24	0584-01-12	正朔二	開皇四年	開皇三年
0803-12C-25	0584-01-13	正朔一	至德二年	至德元年
0803-12C-25	0584-01-13	正朔二	開皇四年	開皇三年
0803-12C-26	0584-01-14	正朔一	至德二年	至德元年
0803-12C-26	0584-01-14	正朔二	開皇四年	開皇三年
0803-12C-27	0584-01-15	正朔一	至德二年	至德元年
0803-12C-27	0584-01-15	正朔二	開皇四年	開皇三年
0803-12C-28	0584-01-16	正朔一	至德二年	至德元年
0803-12C-28	0584-01-16	正朔二	開皇四年	開皇三年
0803-12C-29	0584-01-17	正朔一	至德二年	至德元年
0803-12C-29	0584-01-17	正朔二	開皇四年	開皇三年
0803-12C-30	0584-01-18	正朔一	至德二年	至德元年
0803-12C-30	0584-01-18	正朔二	開皇四年	開皇三年
0803-12L-01	0584-01-19	正朔一	至德二年	至德元年
0803-12L-01	0584-01-19	正朔二	開皇四年	開皇三年
0803-12L-02	0584-01-20	正朔一	至德二年	至德元年
0803-12L-02	0584-01-20	正朔二	開皇四年	開皇三年
0803-12L-03	0584-01-21	正朔一	至德二年	至德元年
0803-12L-03	0584-01-21	正朔二	開皇四年	開皇三年
0803-12L-04	0584-01-22	正朔一	至德二年	至德元年
0803-12L-04	0584-01-22	正朔二	開皇四年	開皇三年
0803-12L-05	0584-01-23	正朔一	至德二年	至德元年
0803-12L-05	0584-01-23	正朔二	開皇四年	開皇三年
0803-12L-06	0584-01-24	正朔一	至德二年	至德元年
0803-12L-06	0584-01-24	正朔二	開皇四年	開皇三年
0803-12L-07	0584-01-25	正朔一	至德二年	至德元年
0803-12L-07	0584-01-25	正朔二	開皇四年	開皇三年
0803-12L-08	0584-01-26	正朔一	至德二年	至德元年
0803-12L-08	0584-01-26	正朔二	開皇四年	開皇三年
0803-12L-09	0584-01-27	正朔一	至德二年	至德元年
0803-12L-09	0584-01-27	正朔二	開皇四年	開皇三年
0803-12L-10	0584-01-28	正朔一	至德二年	至德元年
0803-12L-10	0584-01-28	正朔二	開皇四年	開皇三年
0803-12L-11	0584-01-29	正朔一	至德二年	至德元年
0803-12L-11	0584-01-29	正朔二	開皇四年	開皇三年
0803-12L-12	0584-01-30	正朔一	至德二年	至德元年
0803-12L-12	0584-01-30	正朔二	開皇四年	開皇三年
0803-12L-13	0584-01-31	正朔一	至德二年	至德元年
0803-12L-13	0584-01-31	正朔二	開皇四年	開皇三年
0803-12L-14	0584-02-01	正朔一	至德二年	至德元年
0803-12L-14	0584-02-01	正朔二	開皇四年	開皇三年
0803-12L-15	0584-02-02	正朔一	至德二年	至德元年
0803-12L-15	0584-02-02	正朔二	開皇四年	開皇三年
0803-12L-16	0584-02-03	正朔一	至德二年	至德元年
0803-12L-16	0584-02-03	正朔二	開皇四年	開皇三年
0803-12L-17	0584-02-04	正朔一	至德二年	至德元年
0803-12L-17	0584-02-04	正朔二	開皇四年	開皇三年
0803-12L-18	0584-02-05	正朔一	至德二年	至德元年
0803-12L-18	0584-02-05	正朔二	開皇四年	開皇三年
0803-12L-19	0584-02-06	正朔一	至德二年	至德元年
0803-12L-19	0584-02-06	正朔二	開皇四年	開皇三年
0803-12L-20	0584-02-07	正朔一	至德二年	至德元年
0803-12L-20	0584-02-07	正朔二	開皇四年	開皇三年
0803-12L-21	0584-02-08	正朔一	至德二年	至德元年
0803-12L-21	0584-02-08	正朔二	開皇四年	開皇三年
0803-12L-22	0584-02-09	正朔一	至德二年	至德元年
0803-12L-22	0584-02-09	正朔二	開皇四年	開皇三年
0803-12L-23	0584-02-10	正朔一	至德二年	至德元年
0803-12L-23	0584-02-10	正朔二	開皇四年	開皇三年
0803-12L-24	0584-02-11	正朔一	至德二年	至德元年
0803-12L-24	0584-02-11	正朔二	開皇四年	開皇三年
0803-12L-25	0584-02-12	正朔一	至德二年	至德元年
0803-12L-25	0584-02-12	正朔二	開皇四年	開皇三年
0803-12L-26	0584-02-13	正朔一	至德二年	至德元年
0803-12L-26	0584-02-13	正朔二	開皇四年	開皇三年
0803-12L-27	0584-02-14	正朔一	至德二年	至德元年
0803-12L-27	0584-02-14	正朔二	開皇四年	開皇三年
0803-12L-28	0584-02-15	正朔一	至德二年	至德元年
0803-12L-28	0584-02-15	正朔二	開皇四年	開皇三年
0803-12L-29	0584-02-16	正朔一	至德二年	至德元年
0803-12L-29	0584-02-16	正朔二	開皇四年	開皇三年
0804-11C-25	0585-01-01	正朔一	至德三年	至德二年
0804-11C-25	0585-01-01	正朔二	開皇五年	開皇四年
0804-11C-26	0585-01-02	正朔一	至德三年	至德二年
0804-11C-26	0585-01-02	正朔二	開皇五年	開皇四年
0804-11C-27	0585-01-03	正朔一	至德三年	至德二年
0804-11C-27	0585-01-03	正朔二	開皇五年	開皇四年
0804-11C-28	0585-01-04	正朔一	至德三年	至德二年
0804-11C-28	0585-01-04	正朔二	開皇五年	開皇四年
0804-11C-29	0585-01-05	正朔一	至德三年	至德二年
0804-11C-29	0585-01-05	正朔二	開皇五年	開皇四年
0804-11C-30	0585-01-06	正朔一	至德三年	至德二年
0804-11C-30	0585-01-06	正朔二	開皇五年	開皇四年
0804-12C-01	0585-01-07	正朔一	至德三年	至德二年
0804-12C-01	0585-01-07	正朔二	開皇五年	開皇四年
0804-12C-02	0585-01-08	正朔一	至德三年	至德二年
0804-12C-02	0585-01-08	正朔二	開皇五年	開皇四年
0804-12C-03	0585-01-09	正朔一	至德三年	至德二年
0804-12C-03	0585-01-09	正朔二	開皇五年	開皇四年
0804-12C-04	0585-01-10	正朔一	至德三年	至德二年
0804-12C-04	0585-01-10	正朔二	開皇五年	開皇四年
0804-12C-05	0585-01-11	正朔一	至德三年	至德二年
0804-12C-05	0585-01-11	正朔二	開皇五年	開皇四年
0804-12C-06	0585-01-12	正朔一	至德三年	至德二年
0804-12C-06	0585-01-12	正朔二	開皇五年	開皇四年
0804-12C-07	0585-01-13	正朔一	至德三年	至德二年
0804-12C-07	0585-01-13	正朔二	開皇五年	開皇四年
0804-12C-08	0585-01-14	正朔一	至德三年	至德二年
0804-12C-08	0585-01-14	正朔二	開皇五年	開皇四年
0804-12C-09	0585-01-15	正朔一	至德三年	至德二年
0804-12C-09	0585-01-15	正朔二	開皇五年	開皇四年
0804-12C-10	0585-01-16	正朔一	至德三年	至德二年
0804-12C-10	0585-01-16	正朔二	開皇五年	開皇四年
0804-12C-11	0585-01-17	正朔一	至德三年	至德二年
0804-12C-11	0585-01-17	正朔二	開皇五年	開皇四年
0804-12C-12	0585-01-18	正朔一	至德三年	至德二年
0804-12C-12	0585-01-18	正朔二	開皇五年	開皇四年
0804-12C-13	0585-01-19	正朔一	至德三年	至德二年
0804-12C-13	0585-01-19	正朔二	開皇五年	開皇四年
0804-12C-14	0585-01-20	正朔一	至德三年	至德二年
0804-12C-14	0585-01-20	正朔二	開皇五年	開皇四年
0804-12C-15	0585-01-21	正朔一	至德三年	至德二年
0804-12C-15	0585-01-21	正朔二	開皇五年	開皇四年
0804-12C-16	0585-01-22	正朔一	至德三年	至德二年
0804-12C-16	0585-01-22	正朔二	開皇五年	開皇四年
0804-12C-17	0585-01-23	正朔一	至德三年	至德二年
0804-12C-17	0585-01-23	正朔二	開皇五年	開皇四年
0804-12C-18	0585-01-24	正朔一	至德三年	至德二年
0804-12C-18	0585-01-24	正朔二	開皇五年	開皇四年
0804-12C-19	0585-01-25	正朔一	至德三年	至德二年
0804-12C-19	0585-01-25	正朔二	開皇五年	開皇四年
0804-12C-20	0585-01-26	正朔一	至德三年	至德二年
0804-12C-20	0585-01-26	正朔二	開皇五年	開皇四年
0804-12C-21	0585-01-27	正朔一	至德三年	至德二年
0804-12C-21	0585-01-27	正朔二	開皇五年	開皇四年
0804-12C-22	0585-01-28	正朔一	至德三年	至德二年
0804-12C-22	0585-01-28	正朔二	開皇五年	開皇四年
0804-12C-23	0585-01-29	正朔一	至德三年	至德二年
0804-12C-23	0585-01-29	正朔二	開皇五年	開皇四年
0804-12C-24	0585-01-30	正朔一	至德三年	至德二年
0804-12C-24	0585-01-30	正朔二	開皇五年	開皇四年
0804-12C-25	0585-01-31	正朔一	至德三年	至德二年
0804-12C-25	0585-01-31	正朔二	開皇五年	開皇四年
0804-12C-26	0585-02-01	正朔一	至德三年	至德二年
0804-12C-26	0585-02-01	正朔二	開皇五年	開皇四年
0804-12C-27	0585-02-02	正朔一	至德三年	至德二年
0804-12C-27	0585-02-02	正朔二	開皇五年	開皇四年
0804-12C-28	0585-02-03	正朔一	至德三年	至德二年
0804-12C-28	0585-02-03	正朔二	開皇五年	開皇四年
0804-12C-29	0585-02-04	正朔一	至德三年	至德二年
0804-12C-29	0585-02-04	正朔二	開皇五年	開皇四年
0805-12C-06	0586-01-01	正朔一	至德四年	至德三年
0805-12C-06	0586-01-01	正朔二	開皇六年	開皇五年
0805-12C-07	0586-01-02	正朔一	至德四年	至德三年
0805-12C-07	0586-01-02	正朔二	開皇六年	開皇五年
0805-12C-08	0586-01-03	正朔一	至德四年	至德三年
0805-12C-08	0586-01-03	正朔二	開皇六年	開皇五年
0805-12C-09	0586-01-04	正朔一	至德四年	至德三年
0805-12C-09	0586-01-04	正朔二	開皇六年	開皇五年
0805-12C-10	0586-01-05	正朔一	至德四年	至德三年
0805-12C-10	0586-01-05	正朔二	開皇六年	開皇五年
0805-12C-11	0586-01-06	正朔一	至德四年	至德三年
0805-12C-11	0586-01-06	正朔二	開皇六年	開皇五年
0805-12C-12	0586-01-07	正朔一	至德四年	至德三年
0805-12C-12	0586-01-07	正朔二	開皇六年	開皇五年
0805-12C-13	0586-01-08	正朔一	至德四年	至德三年
0805-12C-13	0586-01-08	正朔二	開皇六年	開皇五年
0805-12C-14	0586-01-09	正朔一	至德四年	至德三年
0805-12C-14	0586-01-09	正朔二	開皇六年	開皇五年
0805-12C-15	0586-01-10	正朔一	至德四年	至德三年
0805-12C-15	0586-01-10	正朔二	開皇六年	開皇五年
0805-12C-16	0586-01-11	正朔一	至德四年	至德三年
0805-12C-16	0586-01-11	正朔二	開皇六年	開皇五年
0805-12C-17	0586-01-12	正朔一	至德四年	至德三年
0805-12C-17	0586-01-12	正朔二	開皇六年	開皇五年
0805-12C-18	0586-01-13	正朔一	至德四年	至德三年
0805-12C-18	0586-01-13	正朔二	開皇六年	開皇五年
0805-12C-19	0586-01-14	正朔一	至德四年	至德三年
0805-12C-19	0586-01-14	正朔二	開皇六年	開皇五年
0805-12C-20	0586-01-15	正朔一	至德四年	至德三年
0805-12C-20	0586-01-15	正朔二	開皇六年	開皇五年
0805-12C-21	0586-01-16	正朔一	至德四年	至德三年
0805-12C-21	0586-01-16	正朔二	開皇六年	開皇五年
0805-12C-22	0586-01-17	正朔一	至德四年	至德三年
0805-12C-22	0586-01-17	正朔二	開皇六年	開皇五年
0805-12C-23	0586-01-18	正朔一	至德四年	至德三年
0805-12C-23	0586-01-18	正朔二	開皇六年	開皇五年
0805-12C-24	0586-01-19	正朔一	至德四年	至德三年
0805-12C-24	0586-01-19	正朔二	開皇六年	開皇五年
0805-12C-25	0586-01-20	正朔一	至德四年	至德三年
0805-12C-25	0586-01-20	正朔二	開皇六年	開皇五年
0805-12C-26	0586-01-21	正朔一	至德四年	至德三年
0805-12C-26	0586-01-21	正朔二	開皇六年	開皇五年
0805-12C-27	0586-01-22	正朔一	至德四年	至德三年
0805-12C-27	0586-01-22	正朔二	開皇六年	開皇五年
0805-12C-28	0586-01-23	正朔一	至德四年	至德三年
0805-12C-28	0586-01-23	正朔二	開皇六年	開皇五年
0805-12C-29	0586-01-24	正朔一	至德四年	至德三年
0805-12C-29	0586-01-24	正朔二	開皇六年	開皇五年
0805-12C-30	0586-01-25	正朔二	開皇六年	開皇五年
0806-11C-16	0587-01-01	正朔二	開皇七年	開皇六年
0806-11C-17	0587-01-02	正朔二	開皇七年	開皇六年
0806-11C-18	0587-01-03	正朔二	開皇七年	開皇六年
0806-11C-19	0587-01-04	正朔二	開皇七年	開皇六年
0806-11C-20	0587-01-05	正朔二	開皇七年	開皇六年
0806-11C-21	0587-01-06	正朔二	開皇七年	開皇六年
0806-11C-22	0587-01-07	正朔二	開皇七年	開皇六年
0806-11C-23	0587-01-08	正朔二	開皇七年	開皇六年
0806-11C-24	0587-01-09	正朔二	開皇七年	開皇六年
0806-11C-25	0587-01-10	正朔二	開皇七年	開皇六年
0806-11C-26	0587-01-11	正朔二	開皇七年	開皇六年
0806-11C-27	0587-01-12	正朔二	開皇七年	開皇六年
0806-11C-28	0587-01-13	正朔二	開皇七年	開皇六年
0806-11C-29	0587-01-14	正朔二	開皇七年	開皇六年
0806-12C-01	0587-01-15	正朔二	開皇七年	開皇六年
0806-12C-02	0587-01-16	正朔二	開皇七年	開皇六年
0806-12C-03	0587-01-17	正朔二	開皇七年	開皇六年
0806-12C-04	0587-01-18	正朔二	開皇七年	開皇六年
0806-12C-05	0587-01-19	正朔二	開皇七年	開皇六年
0806-12C-06	0587-01-20	正朔二	開皇七年	開皇六年
0806-12C-07	0587-01-21	正朔二	開皇七年	開皇六年
0806-12C-08	0587-01-22	正朔二	開皇七年	開皇六年
0806-12C-09	0587-01-23	正朔二	開皇七年	開皇六年
0806-12C-10	0587-01-24	正朔二	開皇七年	開皇六年
0806-12C-11	0587-01-25	正朔二	開皇七年	開皇六年
0806-12C-12	0587-01-26	正朔二	開皇七年	開皇六年
0806-12C-13	0587-01-27	正朔二	開皇七年	開皇六年
0806-12C-14	0587-01-28	正朔二	開皇七年	開皇六年
0806-12C-15	0587-01-29	正朔二	開皇七年	開皇六年
0806-12C-16	0587-01-30	正朔二	開皇七年	開皇六年
0806-12C-17	0587-01-31	正朔二	開皇七年	開皇六年
0806-12C-18	0587-02-01	正朔二	開皇七年	開皇六年
0806-12C-19	0587-02-02	正朔二	開皇七年	開皇六年
0806-12C-20	0587-02-03	正朔二	開皇七年	開皇六年
0806-12C-21	0587-02-04	正朔二	開皇七年	開皇六年
0806-12C-22	0587-02-05	正朔二	開皇七年	開皇六年
0806-12C-23	0587-02-06	正朔二	開皇七年	開皇六年
0806-12C-24	0587-02-07	正朔二	開皇七年	開皇六年
0806-12C-25	0587-02-08	正朔二	開皇七年	開皇六年
0806-12C-26	0587-02-09	正朔二	開皇七年	開皇六年
0806-12C-27	0587-02-10	正朔二	開皇七年	開皇六年
0806-12C-28	0587-02-11	正朔二	開皇七年	開皇六年
0806-12C-29	0587-02-12	正朔二	開皇七年	開皇六年
0806-12C-30	0587-02-13	正朔二	開皇七年	開皇六年
0807-11C-27	0588-01-01	正朔一	祯明二年	祯明元年
0807-11C-27	0588-01-01	正朔二	開皇八年	開皇七年
0807-11C-28	0588-01-02	正朔一	祯明二年	祯明元年
0807-11C-28	0588-01-02	正朔二	開皇八年	開皇七年
0807-11C-29	0588-01-03	正朔一	祯明二年	祯明元年
0807-11C-29	0588-01-03	正朔二	開皇八年	開皇七年
0807-12C-01	0588-01-04	正朔一	祯明二年	祯明元年
0807-12C-01	0588-01-04	正朔二	開皇八年	開皇七年
0807-12C-02	0588-01-05	正朔一	祯明二年	祯明元年
0807-12C-02	0588-01-05	正朔二	開皇八年	開皇七年
0807-12C-03	0588-01-06	正朔一	祯明二年	祯明元年
0807-12C-03	0588-01-06	正朔二	開皇八年	開皇七年
0807-12C-04	0588-01-07	正朔一	祯明二年	祯明元年
0807-12C-04	0588-01-07	正朔二	開皇八年	開皇七年
0807-12C-05	0588-01-08	正朔一	祯明二年	祯明元年
0807-12C-05	0588-01-08	正朔二	開皇八年	開皇七年
0807-12C-06	0588-01-09	正朔一	祯明二年	祯明元年
0807-12C-06	0588-01-09	正朔二	開皇八年	開皇七年
0807-12C-07	0588-01-10	正朔一	祯明二年	祯明元年
0807-12C-07	0588-01-10	正朔二	開皇八年	開皇七年
0807-12C-08	0588-01-11	正朔一	祯明二年	祯明元年
0807-12C-08	0588-01-11	正朔二	開皇八年	開皇七年
0807-12C-09	0588-01-12	正朔一	祯明二年	祯明元年
0807-12C-09	0588-01-12	正朔二	開皇八年	開皇七年
0807-12C-10	0588-01-13	正朔一	祯明二年	祯明元年
0807-12C-10	0588-01-13	正朔二	開皇八年	開皇七年
0807-12C-11	0588-01-14	正朔一	祯明二年	祯明元年
0807-12C-11	0588-01-14	正朔二	開皇八年	開皇七年
0807-12C-12	0588-01-15	正朔一	祯明二年	祯明元年
0807-12C-12	0588-01-15	正朔二	開皇八年	開皇七年
0807-12C-13	0588-01-16	正朔一	祯明二年	祯明元年
0807-12C-13	0588-01-16	正朔二	開皇八年	開皇七年
0807-12C-14	0588-01-17	正朔一	祯明二年	祯明元年
0807-12C-14	0588-01-17	正朔二	開皇八年	開皇七年
0807-12C-15	0588-01-18	正朔一	祯明二年	祯明元年
0807-12C-15	0588-01-18	正朔二	開皇八年	開皇七年
0807-12C-16	0588-01-19	正朔一	祯明二年	祯明元年
0807-12C-16	0588-01-19	正朔二	開皇八年	開皇七年
0807-12C-17	0588-01-20	正朔一	祯明二年	祯明元年
0807-12C-17	0588-01-20	正朔二	開皇八年	開皇七年
0807-12C-18	0588-01-21	正朔一	祯明二年	祯明元年
0807-12C-18	0588-01-21	正朔二	開皇八年	開皇七年
0807-12C-19	0588-01-22	正朔一	祯明二年	祯明元年
0807-12C-19	0588-01-22	正朔二	開皇八年	開皇七年
0807-12C-20	0588-01-23	正朔一	祯明二年	祯明元年
0807-12C-20	0588-01-23	正朔二	開皇八年	開皇七年
0807-12C-21	0588-01-24	正朔一	祯明二年	祯明元年
0807-12C-21	0588-01-24	正朔二	開皇八年	開皇七年
0807-12C-22	0588-01-25	正朔一	祯明二年	祯明元年
0807-12C-22	0588-01-25	正朔二	開皇八年	開皇七年
0807-12C-23	0588-01-26	正朔一	祯明二年	祯明元年
0807-12C-23	0588-01-26	正朔二	開皇八年	開皇七年
0807-12C-24	0588-01-27	正朔一	祯明二年	祯明元年
0807-12C-24	0588-01-27	正朔二	開皇八年	開皇七年
0807-12C-25	0588-01-28	正朔一	祯明二年	祯明元年
0807-12C-25	0588-01-28	正朔二	開皇八年	開皇七年
0807-12C-26	0588-01-29	正朔一	祯明二年	祯明元年
0807-12C-26	0588-01-29	正朔二	開皇八年	開皇七年
0807-12C-27	0588-01-30	正朔一	祯明二年	祯明元年
0807-12C-27	0588-01-30	正朔二	開皇八年	開皇七年
0807-12C-28	0588-01-31	正朔一	祯明二年	祯明元年
0807-12C-28	0588-01-31	正朔二	開皇八年	開皇七年
0807-12C-29	0588-02-01	正朔一	祯明二年	祯明元年
0807-12C-29	0588-02-01	正朔二	開皇八年	開皇七年
0807-12C-30	0588-02-02	正朔一	祯明二年	祯明元年
0807-12C-30	0588-02-02	正朔二	開皇八年	開皇七年
0808-12C-09	0589-01-01	正朔一	祯明三年	祯明二年
0808-12C-09	0589-01-01	正朔二	開皇九年	開皇八年
0808-12C-10	0589-01-02	正朔一	祯明三年	祯明二年
0808-12C-10	0589-01-02	正朔二	開皇九年	開皇八年
0808-12C-11	0589-01-03	正朔一	祯明三年	祯明二年
0808-12C-11	0589-01-03	正朔二	開皇九年	開皇八年
0808-12C-12	0589-01-04	正朔一	祯明三年	祯明二年
0808-12C-12	0589-01-04	正朔二	開皇九年	開皇八年
0808-12C-13	0589-01-05	正朔一	祯明三年	祯明二年
0808-12C-13	0589-01-05	正朔二	開皇九年	開皇八年
0808-12C-14	0589-01-06	正朔一	祯明三年	祯明二年
0808-12C-14	0589-01-06	正朔二	開皇九年	開皇八年
0808-12C-15	0589-01-07	正朔一	祯明三年	祯明二年
0808-12C-15	0589-01-07	正朔二	開皇九年	開皇八年
0808-12C-16	0589-01-08	正朔一	祯明三年	祯明二年
0808-12C-16	0589-01-08	正朔二	開皇九年	開皇八年
0808-12C-17	0589-01-09	正朔一	祯明三年	祯明二年
0808-12C-17	0589-01-09	正朔二	開皇九年	開皇八年
0808-12C-18	0589-01-10	正朔一	祯明三年	祯明二年
0808-12C-18	0589-01-10	正朔二	開皇九年	開皇八年
0808-12C-19	0589-01-11	正朔一	祯明三年	祯明二年
0808-12C-19	0589-01-11	正朔二	開皇九年	開皇八年
0808-12C-20	0589-01-12	正朔一	祯明三年	祯明二年
0808-12C-20	0589-01-12	正朔二	開皇九年	開皇八年
0808-12C-21	0589-01-13	正朔一	祯明三年	祯明二年
0808-12C-21	0589-01-13	正朔二	開皇九年	開皇八年
0808-12C-22	0589-01-14	正朔一	祯明三年	祯明二年
0808-12C-22	0589-01-14	正朔二	開皇九年	開皇八年
0808-12C-23	0589-01-15	正朔一	祯明三年	祯明二年
0808-12C-23	0589-01-15	正朔二	開皇九年	開皇八年
0808-12C-24	0589-01-16	正朔一	祯明三年	祯明二年
0808-12C-24	0589-01-16	正朔二	開皇九年	開皇八年
0808-12C-25	0589-01-17	正朔一	祯明三年	祯明二年
0808-12C-25	0589-01-17	正朔二	開皇九年	開皇八年
0808-12C-26	0589-01-18	正朔一	祯明三年	祯明二年
0808-12C-26	0589-01-18	正朔二	開皇九年	開皇八年
0808-12C-27	0589-01-19	正朔一	祯明三年	祯明二年
0808-12C-27	0589-01-19	正朔二	開皇九年	開皇八年
0808-12C-28	0589-01-20	正朔一	祯明三年	祯明二年
0808-12C-28	0589-01-20	正朔二	開皇九年	開皇八年
0808-12C-29	0589-01-21	正朔一	祯明三年	祯明二年
0808-12C-29	0589-01-21	正朔二	開皇九年	開皇八年
0809-11C-20	0590-01-01	正朔二	開皇十年	開皇九年
0809-11C-21	0590-01-02	正朔二	開皇十年	開皇九年
0809-11C-22	0590-01-03	正朔二	開皇十年	開皇九年
0809-11C-23	0590-01-04	正朔二	開皇十年	開皇九年
0809-11C-24	0590-01-05	正朔二	開皇十年	開皇九年
0809-11C-25	0590-01-06	正朔二	開皇十年	開皇九年
0809-11C-26	0590-01-07	正朔二	開皇十年	開皇九年
0809-11C-27	0590-01-08	正朔二	開皇十年	開皇九年
0809-11C-28	0590-01-09	正朔二	開皇十年	開皇九年
0809-11C-29	0590-01-10	正朔二	開皇十年	開皇九年
0809-11C-30	0590-01-11	正朔二	開皇十年	開皇九年
0809-12C-01	0590-01-12	正朔二	開皇十年	開皇九年
0809-12C-02	0590-01-13	正朔二	開皇十年	開皇九年
0809-12C-03	0590-01-14	正朔二	開皇十年	開皇九年
0809-12C-04	0590-01-15	正朔二	開皇十年	開皇九年
0809-12C-05	0590-01-16	正朔二	開皇十年	開皇九年
0809-12C-06	0590-01-17	正朔二	開皇十年	開皇九年
0809-12C-07	0590-01-18	正朔二	開皇十年	開皇九年
0809-12C-08	0590-01-19	正朔二	開皇十年	開皇九年
0809-12C-09	0590-01-20	正朔二	開皇十年	開皇九年
0809-12C-10	0590-01-21	正朔二	開皇十年	開皇九年
0809-12C-11	0590-01-22	正朔二	開皇十年	開皇九年
0809-12C-12	0590-01-23	正朔二	開皇十年	開皇九年
0809-12C-13	0590-01-24	正朔二	開皇十年	開皇九年
0809-12C-14	0590-01-25	正朔二	開皇十年	開皇九年
0809-12C-15	0590-01-26	正朔二	開皇十年	開皇九年
0809-12C-16	0590-01-27	正朔二	開皇十年	開皇九年
0809-12C-17	0590-01-28	正朔二	開皇十年	開皇九年
0809-12C-18	0590-01-29	正朔二	開皇十年	開皇九年
0809-12C-19	0590-01-30	正朔二	開皇十年	開皇九年
0809-12C-20	0590-01-31	正朔二	開皇十年	開皇九年
0809-12C-21	0590-02-01	正朔二	開皇十年	開皇九年
0809-12C-22	0590-02-02	正朔二	開皇十年	開皇九年
0809-12C-23	0590-02-03	正朔二	開皇十年	開皇九年
0809-12C-24	0590-02-04	正朔二	開皇十年	開皇九年
0809-12C-25	0590-02-05	正朔二	開皇十年	開皇九年
0809-12C-26	0590-02-06	正朔二	開皇十年	開皇九年
0809-12C-27	0590-02-07	正朔二	開皇十年	開皇九年
0809-12C-28	0590-02-08	正朔二	開皇十年	開皇九年
0809-12C-29	0590-02-09	正朔二	開皇十年	開皇九年
0810-12C-01	0591-01-01	正朔二	開皇十一年	開皇十年
0810-12C-02	0591-01-02	正朔二	開皇十一年	開皇十年
0810-12C-03	0591-01-03	正朔二	開皇十一年	開皇十年
0810-12C-04	0591-01-04	正朔二	開皇十一年	開皇十年
0810-12C-05	0591-01-05	正朔二	開皇十一年	開皇十年
0810-12C-06	0591-01-06	正朔二	開皇十一年	開皇十年
0810-12C-07	0591-01-07	正朔二	開皇十一年	開皇十年
0810-12C-08	0591-01-08	正朔二	開皇十一年	開皇十年
0810-12C-09	0591-01-09	正朔二	開皇十一年	開皇十年
0810-12C-10	0591-01-10	正朔二	開皇十一年	開皇十年
0810-12C-11	0591-01-11	正朔二	開皇十一年	開皇十年
0810-12C-12	0591-01-12	正朔二	開皇十一年	開皇十年
0810-12C-13	0591-01-13	正朔二	開皇十一年	開皇十年
0810-12C-14	0591-01-14	正朔二	開皇十一年	開皇十年
0810-12C-15	0591-01-15	正朔二	開皇十一年	開皇十年
0810-12C-16	0591-01-16	正朔二	開皇十一年	開皇十年
0810-12C-17	0591-01-17	正朔二	開皇十一年	開皇十年
0810-12C-18	0591-01-18	正朔二	開皇十一年	開皇十年
0810-12C-19	0591-01-19	正朔二	開皇十一年	開皇十年
0810-12C-20	0591-01-20	正朔二	開皇十一年	開皇十年
0810-12C-21	0591-01-21	正朔二	開皇十一年	開皇十年
0810-12C-22	0591-01-22	正朔二	開皇十一年	開皇十年
0810-12C-23	0591-01-23	正朔二	開皇十一年	開皇十年
0810-12C-24	0591-01-24	正朔二	開皇十一年	開皇十年
0810-12C-25	0591-01-25	正朔二	開皇十一年	開皇十年
0810-12C-26	0591-01-26	正朔二	開皇十一年	開皇十年
0810-12C-27	0591-01-27	正朔二	開皇十一年	開皇十年
0810-12C-28	0591-01-28	正朔二	開皇十一年	開皇十年
0810-12C-29	0591-01-29	正朔二	開皇十一年	開皇十年
0810-12C-30	0591-01-30	正朔二	開皇十一年	開皇十年
0811-12C-12	0592-01-01	正朔二	開皇十二年	開皇十一年
0811-12C-13	0592-01-02	正朔二	開皇十二年	開皇十一年
0811-12C-14	0592-01-03	正朔二	開皇十二年	開皇十一年
0811-12C-15	0592-01-04	正朔二	開皇十二年	開皇十一年
0811-12C-16	0592-01-05	正朔二	開皇十二年	開皇十一年
0811-12C-17	0592-01-06	正朔二	開皇十二年	開皇十一年
0811-12C-18	0592-01-07	正朔二	開皇十二年	開皇十一年
0811-12C-19	0592-01-08	正朔二	開皇十二年	開皇十一年
0811-12C-20	0592-01-09	正朔二	開皇十二年	開皇十一年
0811-12C-21	0592-01-10	正朔二	開皇十二年	開皇十一年
0811-12C-22	0592-01-11	正朔二	開皇十二年	開皇十一年
0811-12C-23	0592-01-12	正朔二	開皇十二年	開皇十一年
0811-12C-24	0592-01-13	正朔二	開皇十二年	開皇十一年
0811-12C-25	0592-01-14	正朔二	開皇十二年	開皇十一年
0811-12C-26	0592-01-15	正朔二	開皇十二年	開皇十一年
0811-12C-27	0592-01-16	正朔二	開皇十二年	開皇十一年
0811-12C-28	0592-01-17	正朔二	開皇十二年	開皇十一年
0811-12C-29	0592-01-18	正朔二	開皇十二年	開皇十一年
0811-12C-30	0592-01-19	正朔二	開皇十二年	開皇十一年
0811-12L-01	0592-01-20	正朔二	開皇十二年	開皇十一年
0811-12L-02	0592-01-21	正朔二	開皇十二年	開皇十一年
0811-12L-03	0592-01-22	正朔二	開皇十二年	開皇十一年
0811-12L-04	0592-01-23	正朔二	開皇十二年	開皇十一年
0811-12L-05	0592-01-24	正朔二	開皇十二年	開皇十一年
0811-12L-06	0592-01-25	正朔二	開皇十二年	開皇十一年
0811-12L-07	0592-01-26	正朔二	開皇十二年	開皇十一年
0811-12L-08	0592-01-27	正朔二	開皇十二年	開皇十一年
0811-12L-09	0592-01-28	正朔二	開皇十二年	開皇十一年
0811-12L-10	0592-01-29	正朔二	開皇十二年	開皇十一年
0811-12L-11	0592-01-30	正朔二	開皇十二年	開皇十一年
0811-12L-12	0592-01-31	正朔二	開皇十二年	開皇十一年
0811-12L-13	0592-02-01	正朔二	開皇十二年	開皇十一年
0811-12L-14	0592-02-02	正朔二	開皇十二年	開皇十一年
0811-12L-15	0592-02-03	正朔二	開皇十二年	開皇十一年
0811-12L-16	0592-02-04	正朔二	開皇十二年	開皇十一年
0811-12L-17	0592-02-05	正朔二	開皇十二年	開皇十一年
0811-12L-18	0592-02-06	正朔二	開皇十二年	開皇十一年
0811-12L-19	0592-02-07	正朔二	開皇十二年	開皇十一年
0811-12L-20	0592-02-08	正朔二	開皇十二年	開皇十一年
0811-12L-21	0592-02-09	正朔二	開皇十二年	開皇十一年
0811-12L-22	0592-02-10	正朔二	開皇十二年	開皇十一年
0811-12L-23	0592-02-11	正朔二	開皇十二年	開皇十一年
0811-12L-24	0592-02-12	正朔二	開皇十二年	開皇十一年
0811-12L-25	0592-02-13	正朔二	開皇十二年	開皇十一年
0811-12L-26	0592-02-14	正朔二	開皇十二年	開皇十一年
0811-12L-27	0592-02-15	正朔二	開皇十二年	開皇十一年
0811-12L-28	0592-02-16	正朔二	開皇十二年	開皇十一年
0811-12L-29	0592-02-17	正朔二	開皇十二年	開皇十一年
0812-11C-23	0593-01-01	正朔二	開皇十三年	開皇十二年
0812-11C-24	0593-01-02	正朔二	開皇十三年	開皇十二年
0812-11C-25	0593-01-03	正朔二	開皇十三年	開皇十二年
0812-11C-26	0593-01-04	正朔二	開皇十三年	開皇十二年
0812-11C-27	0593-01-05	正朔二	開皇十三年	開皇十二年
0812-11C-28	0593-01-06	正朔二	開皇十三年	開皇十二年
0812-11C-29	0593-01-07	正朔二	開皇十三年	開皇十二年
0812-12C-01	0593-01-08	正朔二	開皇十三年	開皇十二年
0812-12C-02	0593-01-09	正朔二	開皇十三年	開皇十二年
0812-12C-03	0593-01-10	正朔二	開皇十三年	開皇十二年
0812-12C-04	0593-01-11	正朔二	開皇十三年	開皇十二年
0812-12C-05	0593-01-12	正朔二	開皇十三年	開皇十二年
0812-12C-06	0593-01-13	正朔二	開皇十三年	開皇十二年
0812-12C-07	0593-01-14	正朔二	開皇十三年	開皇十二年
0812-12C-08	0593-01-15	正朔二	開皇十三年	開皇十二年
0812-12C-09	0593-01-16	正朔二	開皇十三年	開皇十二年
0812-12C-10	0593-01-17	正朔二	開皇十三年	開皇十二年
0812-12C-11	0593-01-18	正朔二	開皇十三年	開皇十二年
0812-12C-12	0593-01-19	正朔二	開皇十三年	開皇十二年
0812-12C-13	0593-01-20	正朔二	開皇十三年	開皇十二年
0812-12C-14	0593-01-21	正朔二	開皇十三年	開皇十二年
0812-12C-15	0593-01-22	正朔二	開皇十三年	開皇十二年
0812-12C-16	0593-01-23	正朔二	開皇十三年	開皇十二年
0812-12C-17	0593-01-24	正朔二	開皇十三年	開皇十二年
0812-12C-18	0593-01-25	正朔二	開皇十三年	開皇十二年
0812-12C-19	0593-01-26	正朔二	開皇十三年	開皇十二年
0812-12C-20	0593-01-27	正朔二	開皇十三年	開皇十二年
0812-12C-21	0593-01-28	正朔二	開皇十三年	開皇十二年
0812-12C-22	0593-01-29	正朔二	開皇十三年	開皇十二年
0812-12C-23	0593-01-30	正朔二	開皇十三年	開皇十二年
0812-12C-24	0593-01-31	正朔二	開皇十三年	開皇十二年
0812-12C-25	0593-02-01	正朔二	開皇十三年	開皇十二年
0812-12C-26	0593-02-02	正朔二	開皇十三年	開皇十二年
0812-12C-27	0593-02-03	正朔二	開皇十三年	開皇十二年
0812-12C-28	0593-02-04	正朔二	開皇十三年	開皇十二年
0812-12C-29	0593-02-05	正朔二	開皇十三年	開皇十二年
0812-12C-30	0593-02-06	正朔二	開皇十三年	開皇十二年
0813-12C-04	0594-01-01	正朔二	開皇十四年	開皇十三年
0813-12C-05	0594-01-02	正朔二	開皇十四年	開皇十三年
0813-12C-06	0594-01-03	正朔二	開皇十四年	開皇十三年
0813-12C-07	0594-01-04	正朔二	開皇十四年	開皇十三年
0813-12C-08	0594-01-05	正朔二	開皇十四年	開皇十三年
0813-12C-09	0594-01-06	正朔二	開皇十四年	開皇十三年
0813-12C-10	0594-01-07	正朔二	開皇十四年	開皇十三年
0813-12C-11	0594-01-08	正朔二	開皇十四年	開皇十三年
0813-12C-12	0594-01-09	正朔二	開皇十四年	開皇十三年
0813-12C-13	0594-01-10	正朔二	開皇十四年	開皇十三年
0813-12C-14	0594-01-11	正朔二	開皇十四年	開皇十三年
0813-12C-15	0594-01-12	正朔二	開皇十四年	開皇十三年
0813-12C-16	0594-01-13	正朔二	開皇十四年	開皇十三年
0813-12C-17	0594-01-14	正朔二	開皇十四年	開皇十三年
0813-12C-18	0594-01-15	正朔二	開皇十四年	開皇十三年
0813-12C-19	0594-01-16	正朔二	開皇十四年	開皇十三年
0813-12C-20	0594-01-17	正朔二	開皇十四年	開皇十三年
0813-12C-21	0594-01-18	正朔二	開皇十四年	開皇十三年
0813-12C-22	0594-01-19	正朔二	開皇十四年	開皇十三年
0813-12C-23	0594-01-20	正朔二	開皇十四年	開皇十三年
0813-12C-24	0594-01-21	正朔二	開皇十四年	開皇十三年
0813-12C-25	0594-01-22	正朔二	開皇十四年	開皇十三年
0813-12C-26	0594-01-23	正朔二	開皇十四年	開皇十三年
0813-12C-27	0594-01-24	正朔二	開皇十四年	開皇十三年
0813-12C-28	0594-01-25	正朔二	開皇十四年	開皇十三年
0813-12C-29	0594-01-26	正朔二	開皇十四年	開皇十三年
0814-11C-15	0595-01-01	正朔二	開皇十五年	開皇十四年
0814-11C-16	0595-01-02	正朔二	開皇十五年	開皇十四年
0814-11C-17	0595-01-03	正朔二	開皇十五年	開皇十四年
0814-11C-18	0595-01-04	正朔二	開皇十五年	開皇十四年
0814-11C-19	0595-01-05	正朔二	開皇十五年	開皇十四年
0814-11C-20	0595-01-06	正朔二	開皇十五年	開皇十四年
0814-11C-21	0595-01-07	正朔二	開皇十五年	開皇十四年
0814-11C-22	0595-01-08	正朔二	開皇十五年	開皇十四年
0814-11C-23	0595-01-09	正朔二	開皇十五年	開皇十四年
0814-11C-24	0595-01-10	正朔二	開皇十五年	開皇十四年
0814-11C-25	0595-01-11	正朔二	開皇十五年	開皇十四年
0814-11C-26	0595-01-12	正朔二	開皇十五年	開皇十四年
0814-11C-27	0595-01-13	正朔二	開皇十五年	開皇十四年
0814-11C-28	0595-01-14	正朔二	開皇十五年	開皇十四年
0814-11C-29	0595-01-15	正朔二	開皇十五年	開皇十四年
0814-11C-30	0595-01-16	正朔二	開皇十五年	開皇十四年
0814-12C-01	0595-01-17	正朔二	開皇十五年	開皇十四年
0814-12C-02	0595-01-18	正朔二	開皇十五年	開皇十四年
0814-12C-03	0595-01-19	正朔二	開皇十五年	開皇十四年
0814-12C-04	0595-01-20	正朔二	開皇十五年	開皇十四年
0814-12C-05	0595-01-21	正朔二	開皇十五年	開皇十四年
0814-12C-06	0595-01-22	正朔二	開皇十五年	開皇十四年
0814-12C-07	0595-01-23	正朔二	開皇十五年	開皇十四年
0814-12C-08	0595-01-24	正朔二	開皇十五年	開皇十四年
0814-12C-09	0595-01-25	正朔二	開皇十五年	開皇十四年
0814-12C-10	0595-01-26	正朔二	開皇十五年	開皇十四年
0814-12C-11	0595-01-27	正朔二	開皇十五年	開皇十四年
0814-12C-12	0595-01-28	正朔二	開皇十五年	開皇十四年
0814-12C-13	0595-01-29	正朔二	開皇十五年	開皇十四年
0814-12C-14	0595-01-30	正朔二	開皇十五年	開皇十四年
0814-12C-15	0595-01-31	正朔二	開皇十五年	開皇十四年
0814-12C-16	0595-02-01	正朔二	開皇十五年	開皇十四年
0814-12C-17	0595-02-02	正朔二	開皇十五年	開皇十四年
0814-12C-18	0595-02-03	正朔二	開皇十五年	開皇十四年
0814-12C-19	0595-02-04	正朔二	開皇十五年	開皇十四年
0814-12C-20	0595-02-05	正朔二	開皇十五年	開皇十四年
0814-12C-21	0595-02-06	正朔二	開皇十五年	開皇十四年
0814-12C-22	0595-02-07	正朔二	開皇十五年	開皇十四年
0814-12C-23	0595-02-08	正朔二	開皇十五年	開皇十四年
0814-12C-24	0595-02-09	正朔二	開皇十五年	開皇十四年
0814-12C-25	0595-02-10	正朔二	開皇十五年	開皇十四年
0814-12C-26	0595-02-11	正朔二	開皇十五年	開皇十四年
0814-12C-27	0595-02-12	正朔二	開皇十五年	開皇十四年
0814-12C-28	0595-02-13	正朔二	開皇十五年	開皇十四年
0814-12C-29	0595-02-14	正朔二	開皇十五年	開皇十四年
0815-11C-26	0596-01-01	正朔二	開皇十六年	開皇十五年
0815-11C-27	0596-01-02	正朔二	開皇十六年	開皇十五年
0815-11C-28	0596-01-03	正朔二	開皇十六年	開皇十五年
0815-11C-29	0596-01-04	正朔二	開皇十六年	開皇十五年
0815-11C-30	0596-01-05	正朔二	開皇十六年	開皇十五年
0815-12C-01	0596-01-06	正朔二	開皇十六年	開皇十五年
0815-12C-02	0596-01-07	正朔二	開皇十六年	開皇十五年
0815-12C-03	0596-01-08	正朔二	開皇十六年	開皇十五年
0815-12C-04	0596-01-09	正朔二	開皇十六年	開皇十五年
0815-12C-05	0596-01-10	正朔二	開皇十六年	開皇十五年
0815-12C-06	0596-01-11	正朔二	開皇十六年	開皇十五年
0815-12C-07	0596-01-12	正朔二	開皇十六年	開皇十五年
0815-12C-08	0596-01-13	正朔二	開皇十六年	開皇十五年
0815-12C-09	0596-01-14	正朔二	開皇十六年	開皇十五年
0815-12C-10	0596-01-15	正朔二	開皇十六年	開皇十五年
0815-12C-11	0596-01-16	正朔二	開皇十六年	開皇十五年
0815-12C-12	0596-01-17	正朔二	開皇十六年	開皇十五年
0815-12C-13	0596-01-18	正朔二	開皇十六年	開皇十五年
0815-12C-14	0596-01-19	正朔二	開皇十六年	開皇十五年
0815-12C-15	0596-01-20	正朔二	開皇十六年	開皇十五年
0815-12C-16	0596-01-21	正朔二	開皇十六年	開皇十五年
0815-12C-17	0596-01-22	正朔二	開皇十六年	開皇十五年
0815-12C-18	0596-01-23	正朔二	開皇十六年	開皇十五年
0815-12C-19	0596-01-24	正朔二	開皇十六年	開皇十五年
0815-12C-20	0596-01-25	正朔二	開皇十六年	開皇十五年
0815-12C-21	0596-01-26	正朔二	開皇十六年	開皇十五年
0815-12C-22	0596-01-27	正朔二	開皇十六年	開皇十五年
0815-12C-23	0596-01-28	正朔二	開皇十六年	開皇十五年
0815-12C-24	0596-01-29	正朔二	開皇十六年	開皇十五年
0815-12C-25	0596-01-30	正朔二	開皇十六年	開皇十五年
0815-12C-26	0596-01-31	正朔二	開皇十六年	開皇十五年
0815-12C-27	0596-02-01	正朔二	開皇十六年	開皇十五年
0815-12C-28	0596-02-02	正朔二	開皇十六年	開皇十五年
0815-12C-29	0596-02-03	正朔二	開皇十六年	開皇十五年
0816-12C-08	0597-01-01	正朔二	開皇十七年	開皇十六年
0816-12C-09	0597-01-02	正朔二	開皇十七年	開皇十六年
0816-12C-10	0597-01-03	正朔二	開皇十七年	開皇十六年
0816-12C-11	0597-01-04	正朔二	開皇十七年	開皇十六年
0816-12C-12	0597-01-05	正朔二	開皇十七年	開皇十六年
0816-12C-13	0597-01-06	正朔二	開皇十七年	開皇十六年
0816-12C-14	0597-01-07	正朔二	開皇十七年	開皇十六年
0816-12C-15	0597-01-08	正朔二	開皇十七年	開皇十六年
0816-12C-16	0597-01-09	正朔二	開皇十七年	開皇十六年
0816-12C-17	0597-01-10	正朔二	開皇十七年	開皇十六年
0816-12C-18	0597-01-11	正朔二	開皇十七年	開皇十六年
0816-12C-19	0597-01-12	正朔二	開皇十七年	開皇十六年
0816-12C-20	0597-01-13	正朔二	開皇十七年	開皇十六年
0816-12C-21	0597-01-14	正朔二	開皇十七年	開皇十六年
0816-12C-22	0597-01-15	正朔二	開皇十七年	開皇十六年
0816-12C-23	0597-01-16	正朔二	開皇十七年	開皇十六年
0816-12C-24	0597-01-17	正朔二	開皇十七年	開皇十六年
0816-12C-25	0597-01-18	正朔二	開皇十七年	開皇十六年
0816-12C-26	0597-01-19	正朔二	開皇十七年	開皇十六年
0816-12C-27	0597-01-20	正朔二	開皇十七年	開皇十六年
0816-12C-28	0597-01-21	正朔二	開皇十七年	開皇十六年
0816-12C-29	0597-01-22	正朔二	開皇十七年	開皇十六年
0816-12C-30	0597-01-23	正朔二	開皇十七年	開皇十六年
0817-11C-18	0598-01-01	正朔二	開皇十八年	開皇十七年
0817-11C-19	0598-01-02	正朔二	開皇十八年	開皇十七年
0817-11C-20	0598-01-03	正朔二	開皇十八年	開皇十七年
0817-11C-21	0598-01-04	正朔二	開皇十八年	開皇十七年
0817-11C-22	0598-01-05	正朔二	開皇十八年	開皇十七年
0817-11C-23	0598-01-06	正朔二	開皇十八年	開皇十七年
0817-11C-24	0598-01-07	正朔二	開皇十八年	開皇十七年
0817-11C-25	0598-01-08	正朔二	開皇十八年	開皇十七年
0817-11C-26	0598-01-09	正朔二	開皇十八年	開皇十七年
0817-11C-27	0598-01-10	正朔二	開皇十八年	開皇十七年
0817-11C-28	0598-01-11	正朔二	開皇十八年	開皇十七年
0817-11C-29	0598-01-12	正朔二	開皇十八年	開皇十七年
0817-12C-01	0598-01-13	正朔二	開皇十八年	開皇十七年
0817-12C-02	0598-01-14	正朔二	開皇十八年	開皇十七年
0817-12C-03	0598-01-15	正朔二	開皇十八年	開皇十七年
0817-12C-04	0598-01-16	正朔二	開皇十八年	開皇十七年
0817-12C-05	0598-01-17	正朔二	開皇十八年	開皇十七年
0817-12C-06	0598-01-18	正朔二	開皇十八年	開皇十七年
0817-12C-07	0598-01-19	正朔二	開皇十八年	開皇十七年
0817-12C-08	0598-01-20	正朔二	開皇十八年	開皇十七年
0817-12C-09	0598-01-21	正朔二	開皇十八年	開皇十七年
0817-12C-10	0598-01-22	正朔二	開皇十八年	開皇十七年
0817-12C-11	0598-01-23	正朔二	開皇十八年	開皇十七年
0817-12C-12	0598-01-24	正朔二	開皇十八年	開皇十七年
0817-12C-13	0598-01-25	正朔二	開皇十八年	開皇十七年
0817-12C-14	0598-01-26	正朔二	開皇十八年	開皇十七年
0817-12C-15	0598-01-27	正朔二	開皇十八年	開皇十七年
0817-12C-16	0598-01-28	正朔二	開皇十八年	開皇十七年
0817-12C-17	0598-01-29	正朔二	開皇十八年	開皇十七年
0817-12C-18	0598-01-30	正朔二	開皇十八年	開皇十七年
0817-12C-19	0598-01-31	正朔二	開皇十八年	開皇十七年
0817-12C-20	0598-02-01	正朔二	開皇十八年	開皇十七年
0817-12C-21	0598-02-02	正朔二	開皇十八年	開皇十七年
0817-12C-22	0598-02-03	正朔二	開皇十八年	開皇十七年
0817-12C-23	0598-02-04	正朔二	開皇十八年	開皇十七年
0817-12C-24	0598-02-05	正朔二	開皇十八年	開皇十七年
0817-12C-25	0598-02-06	正朔二	開皇十八年	開皇十七年
0817-12C-26	0598-02-07	正朔二	開皇十八年	開皇十七年
0817-12C-27	0598-02-08	正朔二	開皇十八年	開皇十七年
0817-12C-28	0598-02-09	正朔二	開皇十八年	開皇十七年
0817-12C-29	0598-02-10	正朔二	開皇十八年	開皇十七年
0817-12C-30	0598-02-11	正朔二	開皇十八年	開皇十七年
0818-11C-29	0599-01-01	正朔二	開皇十九年	開皇十八年
0818-12C-01	0599-01-02	正朔二	開皇十九年	開皇十八年
0818-12C-02	0599-01-03	正朔二	開皇十九年	開皇十八年
0818-12C-03	0599-01-04	正朔二	開皇十九年	開皇十八年
0818-12C-04	0599-01-05	正朔二	開皇十九年	開皇十八年
0818-12C-05	0599-01-06	正朔二	開皇十九年	開皇十八年
0818-12C-06	0599-01-07	正朔二	開皇十九年	開皇十八年
0818-12C-07	0599-01-08	正朔二	開皇十九年	開皇十八年
0818-12C-08	0599-01-09	正朔二	開皇十九年	開皇十八年
0818-12C-09	0599-01-10	正朔二	開皇十九年	開皇十八年
0818-12C-10	0599-01-11	正朔二	開皇十九年	開皇十八年
0818-12C-11	0599-01-12	正朔二	開皇十九年	開皇十八年
0818-12C-12	0599-01-13	正朔二	開皇十九年	開皇十八年
0818-12C-13	0599-01-14	正朔二	開皇十九年	開皇十八年
0818-12C-14	0599-01-15	正朔二	開皇十九年	開皇十八年
0818-12C-15	0599-01-16	正朔二	開皇十九年	開皇十八年
0818-12C-16	0599-01-17	正朔二	開皇十九年	開皇十八年
0818-12C-17	0599-01-18	正朔二	開皇十九年	開皇十八年
0818-12C-18	0599-01-19	正朔二	開皇十九年	開皇十八年
0818-12C-19	0599-01-20	正朔二	開皇十九年	開皇十八年
0818-12C-20	0599-01-21	正朔二	開皇十九年	開皇十八年
0818-12C-21	0599-01-22	正朔二	開皇十九年	開皇十八年
0818-12C-22	0599-01-23	正朔二	開皇十九年	開皇十八年
0818-12C-23	0599-01-24	正朔二	開皇十九年	開皇十八年
0818-12C-24	0599-01-25	正朔二	開皇十九年	開皇十八年
0818-12C-25	0599-01-26	正朔二	開皇十九年	開皇十八年
0818-12C-26	0599-01-27	正朔二	開皇十九年	開皇十八年
0818-12C-27	0599-01-28	正朔二	開皇十九年	開皇十八年
0818-12C-28	0599-01-29	正朔二	開皇十九年	開皇十八年
0818-12C-29	0599-01-30	正朔二	開皇十九年	開皇十八年
0818-12C-30	0599-01-31	正朔二	開皇十九年	開皇十八年
0819-12C-10	0600-01-01	正朔二	開皇二十年	開皇十九年
0819-12C-11	0600-01-02	正朔二	開皇二十年	開皇十九年
0819-12C-12	0600-01-03	正朔二	開皇二十年	開皇十九年
0819-12C-13	0600-01-04	正朔二	開皇二十年	開皇十九年
0819-12C-14	0600-01-05	正朔二	開皇二十年	開皇十九年
0819-12C-15	0600-01-06	正朔二	開皇二十年	開皇十九年
0819-12C-16	0600-01-07	正朔二	開皇二十年	開皇十九年
0819-12C-17	0600-01-08	正朔二	開皇二十年	開皇十九年
0819-12C-18	0600-01-09	正朔二	開皇二十年	開皇十九年
0819-12C-19	0600-01-10	正朔二	開皇二十年	開皇十九年
0819-12C-20	0600-01-11	正朔二	開皇二十年	開皇十九年
0819-12C-21	0600-01-12	正朔二	開皇二十年	開皇十九年
0819-12C-22	0600-01-13	正朔二	開皇二十年	開皇十九年
0819-12C-23	0600-01-14	正朔二	開皇二十年	開皇十九年
0819-12C-24	0600-01-15	正朔二	開皇二十年	開皇十九年
0819-12C-25	0600-01-16	正朔二	開皇二十年	開皇十九年
0819-12C-26	0600-01-17	正朔二	開皇二十年	開皇十九年
0819-12C-27	0600-01-18	正朔二	開皇二十年	開皇十九年
0819-12C-28	0600-01-19	正朔二	開皇二十年	開皇十九年
0819-12C-29	0600-01-20	正朔二	開皇二十年	開皇十九年
0821-12C-03	0602-01-01	正朔二	仁寿二年	仁寿元年
0821-12C-04	0602-01-02	正朔二	仁寿二年	仁寿元年
0821-12C-05	0602-01-03	正朔二	仁寿二年	仁寿元年
0821-12C-06	0602-01-04	正朔二	仁寿二年	仁寿元年
0821-12C-07	0602-01-05	正朔二	仁寿二年	仁寿元年
0821-12C-08	0602-01-06	正朔二	仁寿二年	仁寿元年
0821-12C-09	0602-01-07	正朔二	仁寿二年	仁寿元年
0821-12C-10	0602-01-08	正朔二	仁寿二年	仁寿元年
0821-12C-11	0602-01-09	正朔二	仁寿二年	仁寿元年
0821-12C-12	0602-01-10	正朔二	仁寿二年	仁寿元年
0821-12C-13	0602-01-11	正朔二	仁寿二年	仁寿元年
0821-12C-14	0602-01-12	正朔二	仁寿二年	仁寿元年
0821-12C-15	0602-01-13	正朔二	仁寿二年	仁寿元年
0821-12C-16	0602-01-14	正朔二	仁寿二年	仁寿元年
0821-12C-17	0602-01-15	正朔二	仁寿二年	仁寿元年
0821-12C-18	0602-01-16	正朔二	仁寿二年	仁寿元年
0821-12C-19	0602-01-17	正朔二	仁寿二年	仁寿元年
0821-12C-20	0602-01-18	正朔二	仁寿二年	仁寿元年
0821-12C-21	0602-01-19	正朔二	仁寿二年	仁寿元年
0821-12C-22	0602-01-20	正朔二	仁寿二年	仁寿元年
0821-12C-23	0602-01-21	正朔二	仁寿二年	仁寿元年
0821-12C-24	0602-01-22	正朔二	仁寿二年	仁寿元年
0821-12C-25	0602-01-23	正朔二	仁寿二年	仁寿元年
0821-12C-26	0602-01-24	正朔二	仁寿二年	仁寿元年
0821-12C-27	0602-01-25	正朔二	仁寿二年	仁寿元年
0821-12C-28	0602-01-26	正朔二	仁寿二年	仁寿元年
0821-12C-29	0602-01-27	正朔二	仁寿二年	仁寿元年
0821-12C-30	0602-01-28	正朔二	仁寿二年	仁寿元年
0822-11C-14	0603-01-01	正朔二	仁寿三年	仁寿二年
0822-11C-15	0603-01-02	正朔二	仁寿三年	仁寿二年
0822-11C-16	0603-01-03	正朔二	仁寿三年	仁寿二年
0822-11C-17	0603-01-04	正朔二	仁寿三年	仁寿二年
0822-11C-18	0603-01-05	正朔二	仁寿三年	仁寿二年
0822-11C-19	0603-01-06	正朔二	仁寿三年	仁寿二年
0822-11C-20	0603-01-07	正朔二	仁寿三年	仁寿二年
0822-11C-21	0603-01-08	正朔二	仁寿三年	仁寿二年
0822-11C-22	0603-01-09	正朔二	仁寿三年	仁寿二年
0822-11C-23	0603-01-10	正朔二	仁寿三年	仁寿二年
0822-11C-24	0603-01-11	正朔二	仁寿三年	仁寿二年
0822-11C-25	0603-01-12	正朔二	仁寿三年	仁寿二年
0822-11C-26	0603-01-13	正朔二	仁寿三年	仁寿二年
0822-11C-27	0603-01-14	正朔二	仁寿三年	仁寿二年
0822-11C-28	0603-01-15	正朔二	仁寿三年	仁寿二年
0822-11C-29	0603-01-16	正朔二	仁寿三年	仁寿二年
0822-11C-30	0603-01-17	正朔二	仁寿三年	仁寿二年
0822-12C-01	0603-01-18	正朔二	仁寿三年	仁寿二年
0822-12C-02	0603-01-19	正朔二	仁寿三年	仁寿二年
0822-12C-03	0603-01-20	正朔二	仁寿三年	仁寿二年
0822-12C-04	0603-01-21	正朔二	仁寿三年	仁寿二年
0822-12C-05	0603-01-22	正朔二	仁寿三年	仁寿二年
0822-12C-06	0603-01-23	正朔二	仁寿三年	仁寿二年
0822-12C-07	0603-01-24	正朔二	仁寿三年	仁寿二年
0822-12C-08	0603-01-25	正朔二	仁寿三年	仁寿二年
0822-12C-09	0603-01-26	正朔二	仁寿三年	仁寿二年
0822-12C-10	0603-01-27	正朔二	仁寿三年	仁寿二年
0822-12C-11	0603-01-28	正朔二	仁寿三年	仁寿二年
0822-12C-12	0603-01-29	正朔二	仁寿三年	仁寿二年
0822-12C-13	0603-01-30	正朔二	仁寿三年	仁寿二年
0822-12C-14	0603-01-31	正朔二	仁寿三年	仁寿二年
0822-12C-15	0603-02-01	正朔二	仁寿三年	仁寿二年
0822-12C-16	0603-02-02	正朔二	仁寿三年	仁寿二年
0822-12C-17	0603-02-03	正朔二	仁寿三年	仁寿二年
0822-12C-18	0603-02-04	正朔二	仁寿三年	仁寿二年
0822-12C-19	0603-02-05	正朔二	仁寿三年	仁寿二年
0822-12C-20	0603-02-06	正朔二	仁寿三年	仁寿二年
0822-12C-21	0603-02-07	正朔二	仁寿三年	仁寿二年
0822-12C-22	0603-02-08	正朔二	仁寿三年	仁寿二年
0822-12C-23	0603-02-09	正朔二	仁寿三年	仁寿二年
0822-12C-24	0603-02-10	正朔二	仁寿三年	仁寿二年
0822-12C-25	0603-02-11	正朔二	仁寿三年	仁寿二年
0822-12C-26	0603-02-12	正朔二	仁寿三年	仁寿二年
0822-12C-27	0603-02-13	正朔二	仁寿三年	仁寿二年
0822-12C-28	0603-02-14	正朔二	仁寿三年	仁寿二年
0822-12C-29	0603-02-15	正朔二	仁寿三年	仁寿二年
0823-11C-24	0604-01-01	正朔二	仁寿四年	仁寿三年
0823-11C-25	0604-01-02	正朔二	仁寿四年	仁寿三年
0823-11C-26	0604-01-03	正朔二	仁寿四年	仁寿三年
0823-11C-27	0604-01-04	正朔二	仁寿四年	仁寿三年
0823-11C-28	0604-01-05	正朔二	仁寿四年	仁寿三年
0823-11C-29	0604-01-06	正朔二	仁寿四年	仁寿三年
0823-12C-01	0604-01-07	正朔二	仁寿四年	仁寿三年
0823-12C-02	0604-01-08	正朔二	仁寿四年	仁寿三年
0823-12C-03	0604-01-09	正朔二	仁寿四年	仁寿三年
0823-12C-04	0604-01-10	正朔二	仁寿四年	仁寿三年
0823-12C-05	0604-01-11	正朔二	仁寿四年	仁寿三年
0823-12C-06	0604-01-12	正朔二	仁寿四年	仁寿三年
0823-12C-07	0604-01-13	正朔二	仁寿四年	仁寿三年
0823-12C-08	0604-01-14	正朔二	仁寿四年	仁寿三年
0823-12C-09	0604-01-15	正朔二	仁寿四年	仁寿三年
0823-12C-10	0604-01-16	正朔二	仁寿四年	仁寿三年
0823-12C-11	0604-01-17	正朔二	仁寿四年	仁寿三年
0823-12C-12	0604-01-18	正朔二	仁寿四年	仁寿三年
0823-12C-13	0604-01-19	正朔二	仁寿四年	仁寿三年
0823-12C-14	0604-01-20	正朔二	仁寿四年	仁寿三年
0823-12C-15	0604-01-21	正朔二	仁寿四年	仁寿三年
0823-12C-16	0604-01-22	正朔二	仁寿四年	仁寿三年
0823-12C-17	0604-01-23	正朔二	仁寿四年	仁寿三年
0823-12C-18	0604-01-24	正朔二	仁寿四年	仁寿三年
0823-12C-19	0604-01-25	正朔二	仁寿四年	仁寿三年
0823-12C-20	0604-01-26	正朔二	仁寿四年	仁寿三年
0823-12C-21	0604-01-27	正朔二	仁寿四年	仁寿三年
0823-12C-22	0604-01-28	正朔二	仁寿四年	仁寿三年
0823-12C-23	0604-01-29	正朔二	仁寿四年	仁寿三年
0823-12C-24	0604-01-30	正朔二	仁寿四年	仁寿三年
0823-12C-25	0604-01-31	正朔二	仁寿四年	仁寿三年
0823-12C-26	0604-02-01	正朔二	仁寿四年	仁寿三年
0823-12C-27	0604-02-02	正朔二	仁寿四年	仁寿三年
0823-12C-28	0604-02-03	正朔二	仁寿四年	仁寿三年
0823-12C-29	0604-02-04	正朔二	仁寿四年	仁寿三年
0823-12C-30	0604-02-05	正朔二	仁寿四年	仁寿三年
0825-11C-17	0606-01-01	正朔二	大业二年	大业元年
0825-11C-18	0606-01-02	正朔二	大业二年	大业元年
0825-11C-19	0606-01-03	正朔二	大业二年	大业元年
0825-11C-20	0606-01-04	正朔二	大业二年	大业元年
0825-11C-21	0606-01-05	正朔二	大业二年	大业元年
0825-11C-22	0606-01-06	正朔二	大业二年	大业元年
0825-11C-23	0606-01-07	正朔二	大业二年	大业元年
0825-11C-24	0606-01-08	正朔二	大业二年	大业元年
0825-11C-25	0606-01-09	正朔二	大业二年	大业元年
0825-11C-26	0606-01-10	正朔二	大业二年	大业元年
0825-11C-27	0606-01-11	正朔二	大业二年	大业元年
0825-11C-28	0606-01-12	正朔二	大业二年	大业元年
0825-11C-29	0606-01-13	正朔二	大业二年	大业元年
0825-11C-30	0606-01-14	正朔二	大业二年	大业元年
0825-12C-01	0606-01-15	正朔二	大业二年	大业元年
0825-12C-02	0606-01-16	正朔二	大业二年	大业元年
0825-12C-03	0606-01-17	正朔二	大业二年	大业元年
0825-12C-04	0606-01-18	正朔二	大业二年	大业元年
0825-12C-05	0606-01-19	正朔二	大业二年	大业元年
0825-12C-06	0606-01-20	正朔二	大业二年	大业元年
0825-12C-07	0606-01-21	正朔二	大业二年	大业元年
0825-12C-08	0606-01-22	正朔二	大业二年	大业元年
0825-12C-09	0606-01-23	正朔二	大业二年	大业元年
0825-12C-10	0606-01-24	正朔二	大业二年	大业元年
0825-12C-11	0606-01-25	正朔二	大业二年	大业元年
0825-12C-12	0606-01-26	正朔二	大业二年	大业元年
0825-12C-13	0606-01-27	正朔二	大业二年	大业元年
0825-12C-14	0606-01-28	正朔二	大业二年	大业元年
0825-12C-15	0606-01-29	正朔二	大业二年	大业元年
0825-12C-16	0606-01-30	正朔二	大业二年	大业元年
0825-12C-17	0606-01-31	正朔二	大业二年	大业元年
0825-12C-18	0606-02-01	正朔二	大业二年	大业元年
0825-12C-19	0606-02-02	正朔二	大业二年	大业元年
0825-12C-20	0606-02-03	正朔二	大业二年	大业元年
0825-12C-21	0606-02-04	正朔二	大业二年	大业元年
0825-12C-22	0606-02-05	正朔二	大业二年	大业元年
0825-12C-23	0606-02-06	正朔二	大业二年	大业元年
0825-12C-24	0606-02-07	正朔二	大业二年	大业元年
0825-12C-25	0606-02-08	正朔二	大业二年	大业元年
0825-12C-26	0606-02-09	正朔二	大业二年	大业元年
0825-12C-27	0606-02-10	正朔二	大业二年	大业元年
0825-12C-28	0606-02-11	正朔二	大业二年	大业元年
0825-12C-29	0606-02-12	正朔二	大业二年	大业元年
0826-11C-28	0607-01-01	正朔二	大业三年	大业二年
0826-11C-29	0607-01-02	正朔二	大业三年	大业二年
0826-11C-30	0607-01-03	正朔二	大业三年	大业二年
0826-12C-01	0607-01-04	正朔二	大业三年	大业二年
0826-12C-02	0607-01-05	正朔二	大业三年	大业二年
0826-12C-03	0607-01-06	正朔二	大业三年	大业二年
0826-12C-04	0607-01-07	正朔二	大业三年	大业二年
0826-12C-05	0607-01-08	正朔二	大业三年	大业二年
0826-12C-06	0607-01-09	正朔二	大业三年	大业二年
0826-12C-07	0607-01-10	正朔二	大业三年	大业二年
0826-12C-08	0607-01-11	正朔二	大业三年	大业二年
0826-12C-09	0607-01-12	正朔二	大业三年	大业二年
0826-12C-10	0607-01-13	正朔二	大业三年	大业二年
0826-12C-11	0607-01-14	正朔二	大业三年	大业二年
0826-12C-12	0607-01-15	正朔二	大业三年	大业二年
0826-12C-13	0607-01-16	正朔二	大业三年	大业二年
0826-12C-14	0607-01-17	正朔二	大业三年	大业二年
0826-12C-15	0607-01-18	正朔二	大业三年	大业二年
0826-12C-16	0607-01-19	正朔二	大业三年	大业二年
0826-12C-17	0607-01-20	正朔二	大业三年	大业二年
0826-12C-18	0607-01-21	正朔二	大业三年	大业二年
0826-12C-19	0607-01-22	正朔二	大业三年	大业二年
0826-12C-20	0607-01-23	正朔二	大业三年	大业二年
0826-12C-21	0607-01-24	正朔二	大业三年	大业二年
0826-12C-22	0607-01-25	正朔二	大业三年	大业二年
0826-12C-23	0607-01-26	正朔二	大业三年	大业二年
0826-12C-24	0607-01-27	正朔二	大业三年	大业二年
0826-12C-25	0607-01-28	正朔二	大业三年	大业二年
0826-12C-26	0607-01-29	正朔二	大业三年	大业二年
0826-12C-27	0607-01-30	正朔二	大业三年	大业二年
0826-12C-28	0607-01-31	正朔二	大业三年	大业二年
0826-12C-29	0607-02-01	正朔二	大业三年	大业二年
0827-12C-09	0608-01-01	正朔二	大业四年	大业三年
0827-12C-10	0608-01-02	正朔二	大业四年	大业三年
0827-12C-11	0608-01-03	正朔二	大业四年	大业三年
0827-12C-12	0608-01-04	正朔二	大业四年	大业三年
0827-12C-13	0608-01-05	正朔二	大业四年	大业三年
0827-12C-14	0608-01-06	正朔二	大业四年	大业三年
0827-12C-15	0608-01-07	正朔二	大业四年	大业三年
0827-12C-16	0608-01-08	正朔二	大业四年	大业三年
0827-12C-17	0608-01-09	正朔二	大业四年	大业三年
0827-12C-18	0608-01-10	正朔二	大业四年	大业三年
0827-12C-19	0608-01-11	正朔二	大业四年	大业三年
0827-12C-20	0608-01-12	正朔二	大业四年	大业三年
0827-12C-21	0608-01-13	正朔二	大业四年	大业三年
0827-12C-22	0608-01-14	正朔二	大业四年	大业三年
0827-12C-23	0608-01-15	正朔二	大业四年	大业三年
0827-12C-24	0608-01-16	正朔二	大业四年	大业三年
0827-12C-25	0608-01-17	正朔二	大业四年	大业三年
0827-12C-26	0608-01-18	正朔二	大业四年	大业三年
0827-12C-27	0608-01-19	正朔二	大业四年	大业三年
0827-12C-28	0608-01-20	正朔二	大业四年	大业三年
0827-12C-29	0608-01-21	正朔二	大业四年	大业三年
0827-12C-30	0608-01-22	正朔二	大业四年	大业三年
0828-11C-20	0609-01-01	正朔二	大业五年	大业四年
0828-11C-21	0609-01-02	正朔二	大业五年	大业四年
0828-11C-22	0609-01-03	正朔二	大业五年	大业四年
0828-11C-23	0609-01-04	正朔二	大业五年	大业四年
0828-11C-24	0609-01-05	正朔二	大业五年	大业四年
0828-11C-25	0609-01-06	正朔二	大业五年	大业四年
0828-11C-26	0609-01-07	正朔二	大业五年	大业四年
0828-11C-27	0609-01-08	正朔二	大业五年	大业四年
0828-11C-28	0609-01-09	正朔二	大业五年	大业四年
0828-11C-29	0609-01-10	正朔二	大业五年	大业四年
0828-12C-01	0609-01-11	正朔二	大业五年	大业四年
0828-12C-02	0609-01-12	正朔二	大业五年	大业四年
0828-12C-03	0609-01-13	正朔二	大业五年	大业四年
0828-12C-04	0609-01-14	正朔二	大业五年	大业四年
0828-12C-05	0609-01-15	正朔二	大业五年	大业四年
0828-12C-06	0609-01-16	正朔二	大业五年	大业四年
0828-12C-07	0609-01-17	正朔二	大业五年	大业四年
0828-12C-08	0609-01-18	正朔二	大业五年	大业四年
0828-12C-09	0609-01-19	正朔二	大业五年	大业四年
0828-12C-10	0609-01-20	正朔二	大业五年	大业四年
0828-12C-11	0609-01-21	正朔二	大业五年	大业四年
0828-12C-12	0609-01-22	正朔二	大业五年	大业四年
0828-12C-13	0609-01-23	正朔二	大业五年	大业四年
0828-12C-14	0609-01-24	正朔二	大业五年	大业四年
0828-12C-15	0609-01-25	正朔二	大业五年	大业四年
0828-12C-16	0609-01-26	正朔二	大业五年	大业四年
0828-12C-17	0609-01-27	正朔二	大业五年	大业四年
0828-12C-18	0609-01-28	正朔二	大业五年	大业四年
0828-12C-19	0609-01-29	正朔二	大业五年	大业四年
0828-12C-20	0609-01-30	正朔二	大业五年	大业四年
0828-12C-21	0609-01-31	正朔二	大业五年	大业四年
0828-12C-22	0609-02-01	正朔二	大业五年	大业四年
0828-12C-23	0609-02-02	正朔二	大业五年	大业四年
0828-12C-24	0609-02-03	正朔二	大业五年	大业四年
0828-12C-25	0609-02-04	正朔二	大业五年	大业四年
0828-12C-26	0609-02-05	正朔二	大业五年	大业四年
0828-12C-27	0609-02-06	正朔二	大业五年	大业四年
0828-12C-28	0609-02-07	正朔二	大业五年	大业四年
0828-12C-29	0609-02-08	正朔二	大业五年	大业四年
0828-12C-30	0609-02-09	正朔二	大业五年	大业四年
0829-12C-01	0610-01-01	正朔二	大业六年	大业五年
0829-12C-02	0610-01-02	正朔二	大业六年	大业五年
0829-12C-03	0610-01-03	正朔二	大业六年	大业五年
0829-12C-04	0610-01-04	正朔二	大业六年	大业五年
0829-12C-05	0610-01-05	正朔二	大业六年	大业五年
0829-12C-06	0610-01-06	正朔二	大业六年	大业五年
0829-12C-07	0610-01-07	正朔二	大业六年	大业五年
0829-12C-08	0610-01-08	正朔二	大业六年	大业五年
0829-12C-09	0610-01-09	正朔二	大业六年	大业五年
0829-12C-10	0610-01-10	正朔二	大业六年	大业五年
0829-12C-11	0610-01-11	正朔二	大业六年	大业五年
0829-12C-12	0610-01-12	正朔二	大业六年	大业五年
0829-12C-13	0610-01-13	正朔二	大业六年	大业五年
0829-12C-14	0610-01-14	正朔二	大业六年	大业五年
0829-12C-15	0610-01-15	正朔二	大业六年	大业五年
0829-12C-16	0610-01-16	正朔二	大业六年	大业五年
0829-12C-17	0610-01-17	正朔二	大业六年	大业五年
0829-12C-18	0610-01-18	正朔二	大业六年	大业五年
0829-12C-19	0610-01-19	正朔二	大业六年	大业五年
0829-12C-20	0610-01-20	正朔二	大业六年	大业五年
0829-12C-21	0610-01-21	正朔二	大业六年	大业五年
0829-12C-22	0610-01-22	正朔二	大业六年	大业五年
0829-12C-23	0610-01-23	正朔二	大业六年	大业五年
0829-12C-24	0610-01-24	正朔二	大业六年	大业五年
0829-12C-25	0610-01-25	正朔二	大业六年	大业五年
0829-12C-26	0610-01-26	正朔二	大业六年	大业五年
0829-12C-27	0610-01-27	正朔二	大业六年	大业五年
0829-12C-28	0610-01-28	正朔二	大业六年	大业五年
0829-12C-29	0610-01-29	正朔二	大业六年	大业五年
0830-11L-12	0611-01-01	正朔二	大业七年	大业六年
0830-11L-13	0611-01-02	正朔二	大业七年	大业六年
0830-11L-14	0611-01-03	正朔二	大业七年	大业六年
0830-11L-15	0611-01-04	正朔二	大业七年	大业六年
0830-11L-16	0611-01-05	正朔二	大业七年	大业六年
0830-11L-17	0611-01-06	正朔二	大业七年	大业六年
0830-11L-18	0611-01-07	正朔二	大业七年	大业六年
0830-11L-19	0611-01-08	正朔二	大业七年	大业六年
0830-11L-20	0611-01-09	正朔二	大业七年	大业六年
0830-11L-21	0611-01-10	正朔二	大业七年	大业六年
0830-11L-22	0611-01-11	正朔二	大业七年	大业六年
0830-11L-23	0611-01-12	正朔二	大业七年	大业六年
0830-11L-24	0611-01-13	正朔二	大业七年	大业六年
0830-11L-25	0611-01-14	正朔二	大业七年	大业六年
0830-11L-26	0611-01-15	正朔二	大业七年	大业六年
0830-11L-27	0611-01-16	正朔二	大业七年	大业六年
0830-11L-28	0611-01-17	正朔二	大业七年	大业六年
0830-11L-29	0611-01-18	正朔二	大业七年	大业六年
0830-12C-01	0611-01-19	正朔二	大业七年	大业六年
0830-12C-02	0611-01-20	正朔二	大业七年	大业六年
0830-12C-03	0611-01-21	正朔二	大业七年	大业六年
0830-12C-04	0611-01-22	正朔二	大业七年	大业六年
0830-12C-05	0611-01-23	正朔二	大业七年	大业六年
0830-12C-06	0611-01-24	正朔二	大业七年	大业六年
0830-12C-07	0611-01-25	正朔二	大业七年	大业六年
0830-12C-08	0611-01-26	正朔二	大业七年	大业六年
0830-12C-09	0611-01-27	正朔二	大业七年	大业六年
0830-12C-10	0611-01-28	正朔二	大业七年	大业六年
0830-12C-11	0611-01-29	正朔二	大业七年	大业六年
0830-12C-12	0611-01-30	正朔二	大业七年	大业六年
0830-12C-13	0611-01-31	正朔二	大业七年	大业六年
0830-12C-14	0611-02-01	正朔二	大业七年	大业六年
0830-12C-15	0611-02-02	正朔二	大业七年	大业六年
0830-12C-16	0611-02-03	正朔二	大业七年	大业六年
0830-12C-17	0611-02-04	正朔二	大业七年	大业六年
0830-12C-18	0611-02-05	正朔二	大业七年	大业六年
0830-12C-19	0611-02-06	正朔二	大业七年	大业六年
0830-12C-20	0611-02-07	正朔二	大业七年	大业六年
0830-12C-21	0611-02-08	正朔二	大业七年	大业六年
0830-12C-22	0611-02-09	正朔二	大业七年	大业六年
0830-12C-23	0611-02-10	正朔二	大业七年	大业六年
0830-12C-24	0611-02-11	正朔二	大业七年	大业六年
0830-12C-25	0611-02-12	正朔二	大业七年	大业六年
0830-12C-26	0611-02-13	正朔二	大业七年	大业六年
0830-12C-27	0611-02-14	正朔二	大业七年	大业六年
0830-12C-28	0611-02-15	正朔二	大业七年	大业六年
0830-12C-29	0611-02-16	正朔二	大业七年	大业六年
0830-12C-30	0611-02-17	正朔二	大业七年	大业六年
0831-11C-23	0612-01-01	正朔二	大业八年	大业七年
0831-11C-24	0612-01-02	正朔二	大业八年	大业七年
0831-11C-25	0612-01-03	正朔二	大业八年	大业七年
0831-11C-26	0612-01-04	正朔二	大业八年	大业七年
0831-11C-27	0612-01-05	正朔二	大业八年	大业七年
0831-11C-28	0612-01-06	正朔二	大业八年	大业七年
0831-11C-29	0612-01-07	正朔二	大业八年	大业七年
0831-11C-30	0612-01-08	正朔二	大业八年	大业七年
0831-12C-01	0612-01-09	正朔二	大业八年	大业七年
0831-12C-02	0612-01-10	正朔二	大业八年	大业七年
0831-12C-03	0612-01-11	正朔二	大业八年	大业七年
0831-12C-04	0612-01-12	正朔二	大业八年	大业七年
0831-12C-05	0612-01-13	正朔二	大业八年	大业七年
0831-12C-06	0612-01-14	正朔二	大业八年	大业七年
0831-12C-07	0612-01-15	正朔二	大业八年	大业七年
0831-12C-08	0612-01-16	正朔二	大业八年	大业七年
0831-12C-09	0612-01-17	正朔二	大业八年	大业七年
0831-12C-10	0612-01-18	正朔二	大业八年	大业七年
0831-12C-11	0612-01-19	正朔二	大业八年	大业七年
0831-12C-12	0612-01-20	正朔二	大业八年	大业七年
0831-12C-13	0612-01-21	正朔二	大业八年	大业七年
0831-12C-14	0612-01-22	正朔二	大业八年	大业七年
0831-12C-15	0612-01-23	正朔二	大业八年	大业七年
0831-12C-16	0612-01-24	正朔二	大业八年	大业七年
0831-12C-17	0612-01-25	正朔二	大业八年	大业七年
0831-12C-18	0612-01-26	正朔二	大业八年	大业七年
0831-12C-19	0612-01-27	正朔二	大业八年	大业七年
0831-12C-20	0612-01-28	正朔二	大业八年	大业七年
0831-12C-21	0612-01-29	正朔二	大业八年	大业七年
0831-12C-22	0612-01-30	正朔二	大业八年	大业七年
0831-12C-23	0612-01-31	正朔二	大业八年	大业七年
0831-12C-24	0612-02-01	正朔二	大业八年	大业七年
0831-12C-25	0612-02-02	正朔二	大业八年	大业七年
0831-12C-26	0612-02-03	正朔二	大业八年	大业七年
0831-12C-27	0612-02-04	正朔二	大业八年	大业七年
0831-12C-28	0612-02-05	正朔二	大业八年	大业七年
0831-12C-29	0612-02-06	正朔二	大业八年	大业七年
0832-12C-05	0613-01-01	正朔二	大业九年	大业八年
0832-12C-06	0613-01-02	正朔二	大业九年	大业八年
0832-12C-07	0613-01-03	正朔二	大业九年	大业八年
0832-12C-08	0613-01-04	正朔二	大业九年	大业八年
0832-12C-09	0613-01-05	正朔二	大业九年	大业八年
0832-12C-10	0613-01-06	正朔二	大业九年	大业八年
0832-12C-11	0613-01-07	正朔二	大业九年	大业八年
0832-12C-12	0613-01-08	正朔二	大业九年	大业八年
0832-12C-13	0613-01-09	正朔二	大业九年	大业八年
0832-12C-14	0613-01-10	正朔二	大业九年	大业八年
0832-12C-15	0613-01-11	正朔二	大业九年	大业八年
0832-12C-16	0613-01-12	正朔二	大业九年	大业八年
0832-12C-17	0613-01-13	正朔二	大业九年	大业八年
0832-12C-18	0613-01-14	正朔二	大业九年	大业八年
0832-12C-19	0613-01-15	正朔二	大业九年	大业八年
0832-12C-20	0613-01-16	正朔二	大业九年	大业八年
0832-12C-21	0613-01-17	正朔二	大业九年	大业八年
0832-12C-22	0613-01-18	正朔二	大业九年	大业八年
0832-12C-23	0613-01-19	正朔二	大业九年	大业八年
0832-12C-24	0613-01-20	正朔二	大业九年	大业八年
0832-12C-25	0613-01-21	正朔二	大业九年	大业八年
0832-12C-26	0613-01-22	正朔二	大业九年	大业八年
0832-12C-27	0613-01-23	正朔二	大业九年	大业八年
0832-12C-28	0613-01-24	正朔二	大业九年	大业八年
0832-12C-29	0613-01-25	正朔二	大业九年	大业八年
0832-12C-30	0613-01-26	正朔二	大业九年	大业八年
0833-11C-15	0614-01-01	正朔二	大业十年	大业九年
0833-11C-16	0614-01-02	正朔二	大业十年	大业九年
0833-11C-17	0614-01-03	正朔二	大业十年	大业九年
0833-11C-18	0614-01-04	正朔二	大业十年	大业九年
0833-11C-19	0614-01-05	正朔二	大业十年	大业九年
0833-11C-20	0614-01-06	正朔二	大业十年	大业九年
0833-11C-21	0614-01-07	正朔二	大业十年	大业九年
0833-11C-22	0614-01-08	正朔二	大业十年	大业九年
0833-11C-23	0614-01-09	正朔二	大业十年	大业九年
0833-11C-24	0614-01-10	正朔二	大业十年	大业九年
0833-11C-25	0614-01-11	正朔二	大业十年	大业九年
0833-11C-26	0614-01-12	正朔二	大业十年	大业九年
0833-11C-27	0614-01-13	正朔二	大业十年	大业九年
0833-11C-28	0614-01-14	正朔二	大业十年	大业九年
0833-11C-29	0614-01-15	正朔二	大业十年	大业九年
0833-12C-01	0614-01-16	正朔二	大业十年	大业九年
0833-12C-02	0614-01-17	正朔二	大业十年	大业九年
0833-12C-03	0614-01-18	正朔二	大业十年	大业九年
0833-12C-04	0614-01-19	正朔二	大业十年	大业九年
0833-12C-05	0614-01-20	正朔二	大业十年	大业九年
0833-12C-06	0614-01-21	正朔二	大业十年	大业九年
0833-12C-07	0614-01-22	正朔二	大业十年	大业九年
0833-12C-08	0614-01-23	正朔二	大业十年	大业九年
0833-12C-09	0614-01-24	正朔二	大业十年	大业九年
0833-12C-10	0614-01-25	正朔二	大业十年	大业九年
0833-12C-11	0614-01-26	正朔二	大业十年	大业九年
0833-12C-12	0614-01-27	正朔二	大业十年	大业九年
0833-12C-13	0614-01-28	正朔二	大业十年	大业九年
0833-12C-14	0614-01-29	正朔二	大业十年	大业九年
0833-12C-15	0614-01-30	正朔二	大业十年	大业九年
0833-12C-16	0614-01-31	正朔二	大业十年	大业九年
0833-12C-17	0614-02-01	正朔二	大业十年	大业九年
0833-12C-18	0614-02-02	正朔二	大业十年	大业九年
0833-12C-19	0614-02-03	正朔二	大业十年	大业九年
0833-12C-20	0614-02-04	正朔二	大业十年	大业九年
0833-12C-21	0614-02-05	正朔二	大业十年	大业九年
0833-12C-22	0614-02-06	正朔二	大业十年	大业九年
0833-12C-23	0614-02-07	正朔二	大业十年	大业九年
0833-12C-24	0614-02-08	正朔二	大业十年	大业九年
0833-12C-25	0614-02-09	正朔二	大业十年	大业九年
0833-12C-26	0614-02-10	正朔二	大业十年	大业九年
0833-12C-27	0614-02-11	正朔二	大业十年	大业九年
0833-12C-28	0614-02-12	正朔二	大业十年	大业九年
0833-12C-29	0614-02-13	正朔二	大业十年	大业九年
0833-12C-30	0614-02-14	正朔二	大业十年	大业九年
0834-11C-26	0615-01-01	正朔二	大业十一年	大业十年
0834-11C-27	0615-01-02	正朔二	大业十一年	大业十年
0834-11C-28	0615-01-03	正朔二	大业十一年	大业十年
0834-11C-29	0615-01-04	正朔二	大业十一年	大业十年
0834-12C-01	0615-01-05	正朔二	大业十一年	大业十年
0834-12C-02	0615-01-06	正朔二	大业十一年	大业十年
0834-12C-03	0615-01-07	正朔二	大业十一年	大业十年
0834-12C-04	0615-01-08	正朔二	大业十一年	大业十年
0834-12C-05	0615-01-09	正朔二	大业十一年	大业十年
0834-12C-06	0615-01-10	正朔二	大业十一年	大业十年
0834-12C-07	0615-01-11	正朔二	大业十一年	大业十年
0834-12C-08	0615-01-12	正朔二	大业十一年	大业十年
0834-12C-09	0615-01-13	正朔二	大业十一年	大业十年
0834-12C-10	0615-01-14	正朔二	大业十一年	大业十年
0834-12C-11	0615-01-15	正朔二	大业十一年	大业十年
0834-12C-12	0615-01-16	正朔二	大业十一年	大业十年
0834-12C-13	0615-01-17	正朔二	大业十一年	大业十年
0834-12C-14	0615-01-18	正朔二	大业十一年	大业十年
0834-12C-15	0615-01-19	正朔二	大业十一年	大业十年
0834-12C-16	0615-01-20	正朔二	大业十一年	大业十年
0834-12C-17	0615-01-21	正朔二	大业十一年	大业十年
0834-12C-18	0615-01-22	正朔二	大业十一年	大业十年
0834-12C-19	0615-01-23	正朔二	大业十一年	大业十年
0834-12C-20	0615-01-24	正朔二	大业十一年	大业十年
0834-12C-21	0615-01-25	正朔二	大业十一年	大业十年
0834-12C-22	0615-01-26	正朔二	大业十一年	大业十年
0834-12C-23	0615-01-27	正朔二	大业十一年	大业十年
0834-12C-24	0615-01-28	正朔二	大业十一年	大业十年
0834-12C-25	0615-01-29	正朔二	大业十一年	大业十年
0834-12C-26	0615-01-30	正朔二	大业十一年	大业十年
0834-12C-27	0615-01-31	正朔二	大业十一年	大业十年
0834-12C-28	0615-02-01	正朔二	大业十一年	大业十年
0834-12C-29	0615-02-02	正朔二	大业十一年	大业十年
0834-12C-30	0615-02-03	正朔二	大业十一年	大业十年
0835-12C-07	0616-01-01	正朔二	大业十二年	大业十一年
0835-12C-08	0616-01-02	正朔二	大业十二年	大业十一年
0835-12C-09	0616-01-03	正朔二	大业十二年	大业十一年
0835-12C-10	0616-01-04	正朔二	大业十二年	大业十一年
0835-12C-11	0616-01-05	正朔二	大业十二年	大业十一年
0835-12C-12	0616-01-06	正朔二	大业十二年	大业十一年
0835-12C-13	0616-01-07	正朔二	大业十二年	大业十一年
0835-12C-14	0616-01-08	正朔二	大业十二年	大业十一年
0835-12C-15	0616-01-09	正朔二	大业十二年	大业十一年
0835-12C-16	0616-01-10	正朔二	大业十二年	大业十一年
0835-12C-17	0616-01-11	正朔二	大业十二年	大业十一年
0835-12C-18	0616-01-12	正朔二	大业十二年	大业十一年
0835-12C-19	0616-01-13	正朔二	大业十二年	大业十一年
0835-12C-20	0616-01-14	正朔二	大业十二年	大业十一年
0835-12C-21	0616-01-15	正朔二	大业十二年	大业十一年
0835-12C-22	0616-01-16	正朔二	大业十二年	大业十一年
0835-12C-23	0616-01-17	正朔二	大业十二年	大业十一年
0835-12C-24	0616-01-18	正朔二	大业十二年	大业十一年
0835-12C-25	0616-01-19	正朔二	大业十二年	大业十一年
0835-12C-26	0616-01-20	正朔二	大业十二年	大业十一年
0835-12C-27	0616-01-21	正朔二	大业十二年	大业十一年
0835-12C-28	0616-01-22	正朔二	大业十二年	大业十一年
0835-12C-29	0616-01-23	正朔二	大业十二年	大业十一年
0836-11C-19	0617-01-01	正朔二	大业十三年	大业十二年
0836-11C-20	0617-01-02	正朔二	大业十三年	大业十二年
0836-11C-21	0617-01-03	正朔二	大业十三年	大业十二年
0836-11C-22	0617-01-04	正朔二	大业十三年	大业十二年
0836-11C-23	0617-01-05	正朔二	大业十三年	大业十二年
0836-11C-24	0617-01-06	正朔二	大业十三年	大业十二年
0836-11C-25	0617-01-07	正朔二	大业十三年	大业十二年
0836-11C-26	0617-01-08	正朔二	大业十三年	大业十二年
0836-11C-27	0617-01-09	正朔二	大业十三年	大业十二年
0836-11C-28	0617-01-10	正朔二	大业十三年	大业十二年
0836-11C-29	0617-01-11	正朔二	大业十三年	大业十二年
0836-11C-30	0617-01-12	正朔二	大业十三年	大业十二年
0836-12C-01	0617-01-13	正朔二	大业十三年	大业十二年
0836-12C-02	0617-01-14	正朔二	大业十三年	大业十二年
0836-12C-03	0617-01-15	正朔二	大业十三年	大业十二年
0836-12C-04	0617-01-16	正朔二	大业十三年	大业十二年
0836-12C-05	0617-01-17	正朔二	大业十三年	大业十二年
0836-12C-06	0617-01-18	正朔二	大业十三年	大业十二年
0836-12C-07	0617-01-19	正朔二	大业十三年	大业十二年
0836-12C-08	0617-01-20	正朔二	大业十三年	大业十二年
0836-12C-09	0617-01-21	正朔二	大业十三年	大业十二年
0836-12C-10	0617-01-22	正朔二	大业十三年	大业十二年
0836-12C-11	0617-01-23	正朔二	大业十三年	大业十二年
0836-12C-12	0617-01-24	正朔二	大业十三年	大业十二年
0836-12C-13	0617-01-25	正朔二	大业十三年	大业十二年
0836-12C-14	0617-01-26	正朔二	大业十三年	大业十二年
0836-12C-15	0617-01-27	正朔二	大业十三年	大业十二年
0836-12C-16	0617-01-28	正朔二	大业十三年	大业十二年
0836-12C-17	0617-01-29	正朔二	大业十三年	大业十二年
0836-12C-18	0617-01-30	正朔二	大业十三年	大业十二年
0836-12C-19	0617-01-31	正朔二	大业十三年	大业十二年
0836-12C-20	0617-02-01	正朔二	大业十三年	大业十二年
0836-12C-21	0617-02-02	正朔二	大业十三年	大业十二年
0836-12C-22	0617-02-03	正朔二	大业十三年	大业十二年
0836-12C-23	0617-02-04	正朔二	大业十三年	大业十二年
0836-12C-24	0617-02-05	正朔二	大业十三年	大业十二年
0836-12C-25	0617-02-06	正朔二	大业十三年	大业十二年
0836-12C-26	0617-02-07	正朔二	大业十三年	大业十二年
0836-12C-27	0617-02-08	正朔二	大业十三年	大业十二年
0836-12C-28	0617-02-09	正朔二	大业十三年	大业十二年
0836-12C-29	0617-02-10	正朔二	大业十三年	大业十二年
0837-11C-29	0618-01-01	正朔一	义宁二年	义宁元年
0837-11C-29	0618-01-01	正朔二	大业十四年	大业十三年
0837-12C-01	0618-01-02	正朔一	义宁二年	义宁元年
0837-12C-01	0618-01-02	正朔二	大业十四年	大业十三年
0837-12C-02	0618-01-03	正朔一	义宁二年	义宁元年
0837-12C-02	0618-01-03	正朔二	大业十四年	大业十三年
0837-12C-03	0618-01-04	正朔一	义宁二年	义宁元年
0837-12C-03	0618-01-04	正朔二	大业十四年	大业十三年
0837-12C-04	0618-01-05	正朔一	义宁二年	义宁元年
0837-12C-04	0618-01-05	正朔二	大业十四年	大业十三年
0837-12C-05	0618-01-06	正朔一	义宁二年	义宁元年
0837-12C-05	0618-01-06	正朔二	大业十四年	大业十三年
0837-12C-06	0618-01-07	正朔一	义宁二年	义宁元年
0837-12C-06	0618-01-07	正朔二	大业十四年	大业十三年
0837-12C-07	0618-01-08	正朔一	义宁二年	义宁元年
0837-12C-07	0618-01-08	正朔二	大业十四年	大业十三年
0837-12C-08	0618-01-09	正朔一	义宁二年	义宁元年
0837-12C-08	0618-01-09	正朔二	大业十四年	大业十三年
0837-12C-09	0618-01-10	正朔一	义宁二年	义宁元年
0837-12C-09	0618-01-10	正朔二	大业十四年	大业十三年
0837-12C-10	0618-01-11	正朔一	义宁二年	义宁元年
0837-12C-10	0618-01-11	正朔二	大业十四年	大业十三年
0837-12C-11	0618-01-12	正朔一	义宁二年	义宁元年
0837-12C-11	0618-01-12	正朔二	大业十四年	大业十三年
0837-12C-12	0618-01-13	正朔一	义宁二年	义宁元年
0837-12C-12	0618-01-13	正朔二	大业十四年	大业十三年
0837-12C-13	0618-01-14	正朔一	义宁二年	义宁元年
0837-12C-13	0618-01-14	正朔二	大业十四年	大业十三年
0837-12C-14	0618-01-15	正朔一	义宁二年	义宁元年
0837-12C-14	0618-01-15	正朔二	大业十四年	大业十三年
0837-12C-15	0618-01-16	正朔一	义宁二年	义宁元年
0837-12C-15	0618-01-16	正朔二	大业十四年	大业十三年
0837-12C-16	0618-01-17	正朔一	义宁二年	义宁元年
0837-12C-16	0618-01-17	正朔二	大业十四年	大业十三年
0837-12C-17	0618-01-18	正朔一	义宁二年	义宁元年
0837-12C-17	0618-01-18	正朔二	大业十四年	大业十三年
0837-12C-18	0618-01-19	正朔一	义宁二年	义宁元年
0837-12C-18	0618-01-19	正朔二	大业十四年	大业十三年
0837-12C-19	0618-01-20	正朔一	义宁二年	义宁元年
0837-12C-19	0618-01-20	正朔二	大业十四年	大业十三年
0837-12C-20	0618-01-21	正朔一	义宁二年	义宁元年
0837-12C-20	0618-01-21	正朔二	大业十四年	大业十三年
0837-12C-21	0618-01-22	正朔一	义宁二年	义宁元年
0837-12C-21	0618-01-22	正朔二	大业十四年	大业十三年
0837-12C-22	0618-01-23	正朔一	义宁二年	义宁元年
0837-12C-22	0618-01-23	正朔二	大业十四年	大业十三年
0837-12C-23	0618-01-24	正朔一	义宁二年	义宁元年
0837-12C-23	0618-01-24	正朔二	大业十四年	大业十三年
0837-12C-24	0618-01-25	正朔一	义宁二年	义宁元年
0837-12C-24	0618-01-25	正朔二	大业十四年	大业十三年
0837-12C-25	0618-01-26	正朔一	义宁二年	义宁元年
0837-12C-25	0618-01-26	正朔二	大业十四年	大业十三年
0837-12C-26	0618-01-27	正朔一	义宁二年	义宁元年
0837-12C-26	0618-01-27	正朔二	大业十四年	大业十三年
0837-12C-27	0618-01-28	正朔一	义宁二年	义宁元年
0837-12C-27	0618-01-28	正朔二	大业十四年	大业十三年
0837-12C-28	0618-01-29	正朔一	义宁二年	义宁元年
0837-12C-28	0618-01-29	正朔二	大业十四年	大业十三年
0837-12C-29	0618-01-30	正朔一	义宁二年	义宁元年
0837-12C-29	0618-01-30	正朔二	大业十四年	大业十三年
0837-12C-30	0618-01-31	正朔一	义宁二年	义宁元年
0837-12C-30	0618-01-31	正朔二	大业十四年	大业十三年
0838-12C-11	0619-01-01	正朔一	武德二年	武德元年
0838-12C-12	0619-01-02	正朔一	武德二年	武德元年
0838-12C-13	0619-01-03	正朔一	武德二年	武德元年
0838-12C-14	0619-01-04	正朔一	武德二年	武德元年
0838-12C-15	0619-01-05	正朔一	武德二年	武德元年
0838-12C-16	0619-01-06	正朔一	武德二年	武德元年
0838-12C-17	0619-01-07	正朔一	武德二年	武德元年
0838-12C-18	0619-01-08	正朔一	武德二年	武德元年
0838-12C-19	0619-01-09	正朔一	武德二年	武德元年
0838-12C-20	0619-01-10	正朔一	武德二年	武德元年
0838-12C-21	0619-01-11	正朔一	武德二年	武德元年
0838-12C-22	0619-01-12	正朔一	武德二年	武德元年
0838-12C-23	0619-01-13	正朔一	武德二年	武德元年
0838-12C-24	0619-01-14	正朔一	武德二年	武德元年
0838-12C-25	0619-01-15	正朔一	武德二年	武德元年
0838-12C-26	0619-01-16	正朔一	武德二年	武德元年
0838-12C-27	0619-01-17	正朔一	武德二年	武德元年
0838-12C-28	0619-01-18	正朔一	武德二年	武德元年
0838-12C-29	0619-01-19	正朔一	武德二年	武德元年
0838-12C-30	0619-01-20	正朔一	武德二年	武德元年
0839-11C-21	0620-01-01	正朔一	武德三年	武德二年
0839-11C-22	0620-01-02	正朔一	武德三年	武德二年
0839-11C-23	0620-01-03	正朔一	武德三年	武德二年
0839-11C-24	0620-01-04	正朔一	武德三年	武德二年
0839-11C-25	0620-01-05	正朔一	武德三年	武德二年
0839-11C-26	0620-01-06	正朔一	武德三年	武德二年
0839-11C-27	0620-01-07	正朔一	武德三年	武德二年
0839-11C-28	0620-01-08	正朔一	武德三年	武德二年
0839-11C-29	0620-01-09	正朔一	武德三年	武德二年
0839-11C-30	0620-01-10	正朔一	武德三年	武德二年
0839-12C-01	0620-01-11	正朔一	武德三年	武德二年
0839-12C-02	0620-01-12	正朔一	武德三年	武德二年
0839-12C-03	0620-01-13	正朔一	武德三年	武德二年
0839-12C-04	0620-01-14	正朔一	武德三年	武德二年
0839-12C-05	0620-01-15	正朔一	武德三年	武德二年
0839-12C-06	0620-01-16	正朔一	武德三年	武德二年
0839-12C-07	0620-01-17	正朔一	武德三年	武德二年
0839-12C-08	0620-01-18	正朔一	武德三年	武德二年
0839-12C-09	0620-01-19	正朔一	武德三年	武德二年
0839-12C-10	0620-01-20	正朔一	武德三年	武德二年
0839-12C-11	0620-01-21	正朔一	武德三年	武德二年
0839-12C-12	0620-01-22	正朔一	武德三年	武德二年
0839-12C-13	0620-01-23	正朔一	武德三年	武德二年
0839-12C-14	0620-01-24	正朔一	武德三年	武德二年
0839-12C-15	0620-01-25	正朔一	武德三年	武德二年
0839-12C-16	0620-01-26	正朔一	武德三年	武德二年
0839-12C-17	0620-01-27	正朔一	武德三年	武德二年
0839-12C-18	0620-01-28	正朔一	武德三年	武德二年
0839-12C-19	0620-01-29	正朔一	武德三年	武德二年
0839-12C-20	0620-01-30	正朔一	武德三年	武德二年
0839-12C-21	0620-01-31	正朔一	武德三年	武德二年
0839-12C-22	0620-02-01	正朔一	武德三年	武德二年
0839-12C-23	0620-02-02	正朔一	武德三年	武德二年
0839-12C-24	0620-02-03	正朔一	武德三年	武德二年
0839-12C-25	0620-02-04	正朔一	武德三年	武德二年
0839-12C-26	0620-02-05	正朔一	武德三年	武德二年
0839-12C-27	0620-02-06	正朔一	武德三年	武德二年
0839-12C-28	0620-02-07	正朔一	武德三年	武德二年
0839-12C-29	0620-02-08	正朔一	武德三年	武德二年
0840-12C-04	0621-01-01	正朔一	武德四年	武德三年
0840-12C-05	0621-01-02	正朔一	武德四年	武德三年
0840-12C-06	0621-01-03	正朔一	武德四年	武德三年
0840-12C-07	0621-01-04	正朔一	武德四年	武德三年
0840-12C-08	0621-01-05	正朔一	武德四年	武德三年
0840-12C-09	0621-01-06	正朔一	武德四年	武德三年
0840-12C-10	0621-01-07	正朔一	武德四年	武德三年
0840-12C-11	0621-01-08	正朔一	武德四年	武德三年
0840-12C-12	0621-01-09	正朔一	武德四年	武德三年
0840-12C-13	0621-01-10	正朔一	武德四年	武德三年
0840-12C-14	0621-01-11	正朔一	武德四年	武德三年
0840-12C-15	0621-01-12	正朔一	武德四年	武德三年
0840-12C-16	0621-01-13	正朔一	武德四年	武德三年
0840-12C-17	0621-01-14	正朔一	武德四年	武德三年
0840-12C-18	0621-01-15	正朔一	武德四年	武德三年
0840-12C-19	0621-01-16	正朔一	武德四年	武德三年
0840-12C-20	0621-01-17	正朔一	武德四年	武德三年
0840-12C-21	0621-01-18	正朔一	武德四年	武德三年
0840-12C-22	0621-01-19	正朔一	武德四年	武德三年
0840-12C-23	0621-01-20	正朔一	武德四年	武德三年
0840-12C-24	0621-01-21	正朔一	武德四年	武德三年
0840-12C-25	0621-01-22	正朔一	武德四年	武德三年
0840-12C-26	0621-01-23	正朔一	武德四年	武德三年
0840-12C-27	0621-01-24	正朔一	武德四年	武德三年
0840-12C-28	0621-01-25	正朔一	武德四年	武德三年
0840-12C-29	0621-01-26	正朔一	武德四年	武德三年
0840-12C-30	0621-01-27	正朔一	武德四年	武德三年
0841-11C-14	0622-01-01	正朔一	武德五年	武德四年
0841-11C-15	0622-01-02	正朔一	武德五年	武德四年
0841-11C-16	0622-01-03	正朔一	武德五年	武德四年
0841-11C-17	0622-01-04	正朔一	武德五年	武德四年
0841-11C-18	0622-01-05	正朔一	武德五年	武德四年
0841-11C-19	0622-01-06	正朔一	武德五年	武德四年
0841-11C-20	0622-01-07	正朔一	武德五年	武德四年
0841-11C-21	0622-01-08	正朔一	武德五年	武德四年
0841-11C-22	0622-01-09	正朔一	武德五年	武德四年
0841-11C-23	0622-01-10	正朔一	武德五年	武德四年
0841-11C-24	0622-01-11	正朔一	武德五年	武德四年
0841-11C-25	0622-01-12	正朔一	武德五年	武德四年
0841-11C-26	0622-01-13	正朔一	武德五年	武德四年
0841-11C-27	0622-01-14	正朔一	武德五年	武德四年
0841-11C-28	0622-01-15	正朔一	武德五年	武德四年
0841-11C-29	0622-01-16	正朔一	武德五年	武德四年
0841-12C-01	0622-01-17	正朔一	武德五年	武德四年
0841-12C-02	0622-01-18	正朔一	武德五年	武德四年
0841-12C-03	0622-01-19	正朔一	武德五年	武德四年
0841-12C-04	0622-01-20	正朔一	武德五年	武德四年
0841-12C-05	0622-01-21	正朔一	武德五年	武德四年
0841-12C-06	0622-01-22	正朔一	武德五年	武德四年
0841-12C-07	0622-01-23	正朔一	武德五年	武德四年
0841-12C-08	0622-01-24	正朔一	武德五年	武德四年
0841-12C-09	0622-01-25	正朔一	武德五年	武德四年
0841-12C-10	0622-01-26	正朔一	武德五年	武德四年
0841-12C-11	0622-01-27	正朔一	武德五年	武德四年
0841-12C-12	0622-01-28	正朔一	武德五年	武德四年
0841-12C-13	0622-01-29	正朔一	武德五年	武德四年
0841-12C-14	0622-01-30	正朔一	武德五年	武德四年
0841-12C-15	0622-01-31	正朔一	武德五年	武德四年
0841-12C-16	0622-02-01	正朔一	武德五年	武德四年
0841-12C-17	0622-02-02	正朔一	武德五年	武德四年
0841-12C-18	0622-02-03	正朔一	武德五年	武德四年
0841-12C-19	0622-02-04	正朔一	武德五年	武德四年
0841-12C-20	0622-02-05	正朔一	武德五年	武德四年
0841-12C-21	0622-02-06	正朔一	武德五年	武德四年
0841-12C-22	0622-02-07	正朔一	武德五年	武德四年
0841-12C-23	0622-02-08	正朔一	武德五年	武德四年
0841-12C-24	0622-02-09	正朔一	武德五年	武德四年
0841-12C-25	0622-02-10	正朔一	武德五年	武德四年
0841-12C-26	0622-02-11	正朔一	武德五年	武德四年
0841-12C-27	0622-02-12	正朔一	武德五年	武德四年
0841-12C-28	0622-02-13	正朔一	武德五年	武德四年
0841-12C-29	0622-02-14	正朔一	武德五年	武德四年
0841-12C-30	0622-02-15	正朔一	武德五年	武德四年
0842-11C-25	0623-01-01	正朔一	武德六年	武德五年
0842-11C-26	0623-01-02	正朔一	武德六年	武德五年
0842-11C-27	0623-01-03	正朔一	武德六年	武德五年
0842-11C-28	0623-01-04	正朔一	武德六年	武德五年
0842-11C-29	0623-01-05	正朔一	武德六年	武德五年
0842-11C-30	0623-01-06	正朔一	武德六年	武德五年
0842-12C-01	0623-01-07	正朔一	武德六年	武德五年
0842-12C-02	0623-01-08	正朔一	武德六年	武德五年
0842-12C-03	0623-01-09	正朔一	武德六年	武德五年
0842-12C-04	0623-01-10	正朔一	武德六年	武德五年
0842-12C-05	0623-01-11	正朔一	武德六年	武德五年
0842-12C-06	0623-01-12	正朔一	武德六年	武德五年
0842-12C-07	0623-01-13	正朔一	武德六年	武德五年
0842-12C-08	0623-01-14	正朔一	武德六年	武德五年
0842-12C-09	0623-01-15	正朔一	武德六年	武德五年
0842-12C-10	0623-01-16	正朔一	武德六年	武德五年
0842-12C-11	0623-01-17	正朔一	武德六年	武德五年
0842-12C-12	0623-01-18	正朔一	武德六年	武德五年
0842-12C-13	0623-01-19	正朔一	武德六年	武德五年
0842-12C-14	0623-01-20	正朔一	武德六年	武德五年
0842-12C-15	0623-01-21	正朔一	武德六年	武德五年
0842-12C-16	0623-01-22	正朔一	武德六年	武德五年
0842-12C-17	0623-01-23	正朔一	武德六年	武德五年
0842-12C-18	0623-01-24	正朔一	武德六年	武德五年
0842-12C-19	0623-01-25	正朔一	武德六年	武德五年
0842-12C-20	0623-01-26	正朔一	武德六年	武德五年
0842-12C-21	0623-01-27	正朔一	武德六年	武德五年
0842-12C-22	0623-01-28	正朔一	武德六年	武德五年
0842-12C-23	0623-01-29	正朔一	武德六年	武德五年
0842-12C-24	0623-01-30	正朔一	武德六年	武德五年
0842-12C-25	0623-01-31	正朔一	武德六年	武德五年
0842-12C-26	0623-02-01	正朔一	武德六年	武德五年
0842-12C-27	0623-02-02	正朔一	武德六年	武德五年
0842-12C-28	0623-02-03	正朔一	武德六年	武德五年
0842-12C-29	0623-02-04	正朔一	武德六年	武德五年
0843-12C-06	0624-01-01	正朔一	武德七年	武德六年
0843-12C-07	0624-01-02	正朔一	武德七年	武德六年
0843-12C-08	0624-01-03	正朔一	武德七年	武德六年
0843-12C-09	0624-01-04	正朔一	武德七年	武德六年
0843-12C-10	0624-01-05	正朔一	武德七年	武德六年
0843-12C-11	0624-01-06	正朔一	武德七年	武德六年
0843-12C-12	0624-01-07	正朔一	武德七年	武德六年
0843-12C-13	0624-01-08	正朔一	武德七年	武德六年
0843-12C-14	0624-01-09	正朔一	武德七年	武德六年
0843-12C-15	0624-01-10	正朔一	武德七年	武德六年
0843-12C-16	0624-01-11	正朔一	武德七年	武德六年
0843-12C-17	0624-01-12	正朔一	武德七年	武德六年
0843-12C-18	0624-01-13	正朔一	武德七年	武德六年
0843-12C-19	0624-01-14	正朔一	武德七年	武德六年
0843-12C-20	0624-01-15	正朔一	武德七年	武德六年
0843-12C-21	0624-01-16	正朔一	武德七年	武德六年
0843-12C-22	0624-01-17	正朔一	武德七年	武德六年
0843-12C-23	0624-01-18	正朔一	武德七年	武德六年
0843-12C-24	0624-01-19	正朔一	武德七年	武德六年
0843-12C-25	0624-01-20	正朔一	武德七年	武德六年
0843-12C-26	0624-01-21	正朔一	武德七年	武德六年
0843-12C-27	0624-01-22	正朔一	武德七年	武德六年
0843-12C-28	0624-01-23	正朔一	武德七年	武德六年
0843-12C-29	0624-01-24	正朔一	武德七年	武德六年
0843-12C-30	0624-01-25	正朔一	武德七年	武德六年
0844-11C-17	0625-01-01	正朔一	武德八年	武德七年
0844-11C-18	0625-01-02	正朔一	武德八年	武德七年
0844-11C-19	0625-01-03	正朔一	武德八年	武德七年
0844-11C-20	0625-01-04	正朔一	武德八年	武德七年
0844-11C-21	0625-01-05	正朔一	武德八年	武德七年
0844-11C-22	0625-01-06	正朔一	武德八年	武德七年
0844-11C-23	0625-01-07	正朔一	武德八年	武德七年
0844-11C-24	0625-01-08	正朔一	武德八年	武德七年
0844-11C-25	0625-01-09	正朔一	武德八年	武德七年
0844-11C-26	0625-01-10	正朔一	武德八年	武德七年
0844-11C-27	0625-01-11	正朔一	武德八年	武德七年
0844-11C-28	0625-01-12	正朔一	武德八年	武德七年
0844-11C-29	0625-01-13	正朔一	武德八年	武德七年
0844-12C-01	0625-01-14	正朔一	武德八年	武德七年
0844-12C-02	0625-01-15	正朔一	武德八年	武德七年
0844-12C-03	0625-01-16	正朔一	武德八年	武德七年
0844-12C-04	0625-01-17	正朔一	武德八年	武德七年
0844-12C-05	0625-01-18	正朔一	武德八年	武德七年
0844-12C-06	0625-01-19	正朔一	武德八年	武德七年
0844-12C-07	0625-01-20	正朔一	武德八年	武德七年
0844-12C-08	0625-01-21	正朔一	武德八年	武德七年
0844-12C-09	0625-01-22	正朔一	武德八年	武德七年
0844-12C-10	0625-01-23	正朔一	武德八年	武德七年
0844-12C-11	0625-01-24	正朔一	武德八年	武德七年
0844-12C-12	0625-01-25	正朔一	武德八年	武德七年
0844-12C-13	0625-01-26	正朔一	武德八年	武德七年
0844-12C-14	0625-01-27	正朔一	武德八年	武德七年
0844-12C-15	0625-01-28	正朔一	武德八年	武德七年
0844-12C-16	0625-01-29	正朔一	武德八年	武德七年
0844-12C-17	0625-01-30	正朔一	武德八年	武德七年
0844-12C-18	0625-01-31	正朔一	武德八年	武德七年
0844-12C-19	0625-02-01	正朔一	武德八年	武德七年
0844-12C-20	0625-02-02	正朔一	武德八年	武德七年
0844-12C-21	0625-02-03	正朔一	武德八年	武德七年
0844-12C-22	0625-02-04	正朔一	武德八年	武德七年
0844-12C-23	0625-02-05	正朔一	武德八年	武德七年
0844-12C-24	0625-02-06	正朔一	武德八年	武德七年
0844-12C-25	0625-02-07	正朔一	武德八年	武德七年
0844-12C-26	0625-02-08	正朔一	武德八年	武德七年
0844-12C-27	0625-02-09	正朔一	武德八年	武德七年
0844-12C-28	0625-02-10	正朔一	武德八年	武德七年
0844-12C-29	0625-02-11	正朔一	武德八年	武德七年
0844-12C-30	0625-02-12	正朔一	武德八年	武德七年
0845-11C-28	0626-01-01	正朔一	武德九年	武德八年
0845-11C-29	0626-01-02	正朔一	武德九年	武德八年
0845-11C-30	0626-01-03	正朔一	武德九年	武德八年
0845-12C-01	0626-01-04	正朔一	武德九年	武德八年
0845-12C-02	0626-01-05	正朔一	武德九年	武德八年
0845-12C-03	0626-01-06	正朔一	武德九年	武德八年
0845-12C-04	0626-01-07	正朔一	武德九年	武德八年
0845-12C-05	0626-01-08	正朔一	武德九年	武德八年
0845-12C-06	0626-01-09	正朔一	武德九年	武德八年
0845-12C-07	0626-01-10	正朔一	武德九年	武德八年
0845-12C-08	0626-01-11	正朔一	武德九年	武德八年
0845-12C-09	0626-01-12	正朔一	武德九年	武德八年
0845-12C-10	0626-01-13	正朔一	武德九年	武德八年
0845-12C-11	0626-01-14	正朔一	武德九年	武德八年
0845-12C-12	0626-01-15	正朔一	武德九年	武德八年
0845-12C-13	0626-01-16	正朔一	武德九年	武德八年
0845-12C-14	0626-01-17	正朔一	武德九年	武德八年
0845-12C-15	0626-01-18	正朔一	武德九年	武德八年
0845-12C-16	0626-01-19	正朔一	武德九年	武德八年
0845-12C-17	0626-01-20	正朔一	武德九年	武德八年
0845-12C-18	0626-01-21	正朔一	武德九年	武德八年
0845-12C-19	0626-01-22	正朔一	武德九年	武德八年
0845-12C-20	0626-01-23	正朔一	武德九年	武德八年
0845-12C-21	0626-01-24	正朔一	武德九年	武德八年
0845-12C-22	0626-01-25	正朔一	武德九年	武德八年
0845-12C-23	0626-01-26	正朔一	武德九年	武德八年
0845-12C-24	0626-01-27	正朔一	武德九年	武德八年
0845-12C-25	0626-01-28	正朔一	武德九年	武德八年
0845-12C-26	0626-01-29	正朔一	武德九年	武德八年
0845-12C-27	0626-01-30	正朔一	武德九年	武德八年
0845-12C-28	0626-01-31	正朔一	武德九年	武德八年
0845-12C-29	0626-02-01	正朔一	武德九年	武德八年
0847-11C-20	0628-01-01	正朔一	贞观二年	贞观元年
0847-11C-21	0628-01-02	正朔一	贞观二年	贞观元年
0847-11C-22	0628-01-03	正朔一	贞观二年	贞观元年
0847-11C-23	0628-01-04	正朔一	贞观二年	贞观元年
0847-11C-24	0628-01-05	正朔一	贞观二年	贞观元年
0847-11C-25	0628-01-06	正朔一	贞观二年	贞观元年
0847-11C-26	0628-01-07	正朔一	贞观二年	贞观元年
0847-11C-27	0628-01-08	正朔一	贞观二年	贞观元年
0847-11C-28	0628-01-09	正朔一	贞观二年	贞观元年
0847-11C-29	0628-01-10	正朔一	贞观二年	贞观元年
0847-11C-30	0628-01-11	正朔一	贞观二年	贞观元年
0847-12C-01	0628-01-12	正朔一	贞观二年	贞观元年
0847-12C-02	0628-01-13	正朔一	贞观二年	贞观元年
0847-12C-03	0628-01-14	正朔一	贞观二年	贞观元年
0847-12C-04	0628-01-15	正朔一	贞观二年	贞观元年
0847-12C-05	0628-01-16	正朔一	贞观二年	贞观元年
0847-12C-06	0628-01-17	正朔一	贞观二年	贞观元年
0847-12C-07	0628-01-18	正朔一	贞观二年	贞观元年
0847-12C-08	0628-01-19	正朔一	贞观二年	贞观元年
0847-12C-09	0628-01-20	正朔一	贞观二年	贞观元年
0847-12C-10	0628-01-21	正朔一	贞观二年	贞观元年
0847-12C-11	0628-01-22	正朔一	贞观二年	贞观元年
0847-12C-12	0628-01-23	正朔一	贞观二年	贞观元年
0847-12C-13	0628-01-24	正朔一	贞观二年	贞观元年
0847-12C-14	0628-01-25	正朔一	贞观二年	贞观元年
0847-12C-15	0628-01-26	正朔一	贞观二年	贞观元年
0847-12C-16	0628-01-27	正朔一	贞观二年	贞观元年
0847-12C-17	0628-01-28	正朔一	贞观二年	贞观元年
0847-12C-18	0628-01-29	正朔一	贞观二年	贞观元年
0847-12C-19	0628-01-30	正朔一	贞观二年	贞观元年
0847-12C-20	0628-01-31	正朔一	贞观二年	贞观元年
0847-12C-21	0628-02-01	正朔一	贞观二年	贞观元年
0847-12C-22	0628-02-02	正朔一	贞观二年	贞观元年
0847-12C-23	0628-02-03	正朔一	贞观二年	贞观元年
0847-12C-24	0628-02-04	正朔一	贞观二年	贞观元年
0847-12C-25	0628-02-05	正朔一	贞观二年	贞观元年
0847-12C-26	0628-02-06	正朔一	贞观二年	贞观元年
0847-12C-27	0628-02-07	正朔一	贞观二年	贞观元年
0847-12C-28	0628-02-08	正朔一	贞观二年	贞观元年
0847-12C-29	0628-02-09	正朔一	贞观二年	贞观元年
0847-12C-30	0628-02-10	正朔一	贞观二年	贞观元年
0848-12C-02	0629-01-01	正朔一	贞观三年	贞观二年
0848-12C-03	0629-01-02	正朔一	贞观三年	贞观二年
0848-12C-04	0629-01-03	正朔一	贞观三年	贞观二年
0848-12C-05	0629-01-04	正朔一	贞观三年	贞观二年
0848-12C-06	0629-01-05	正朔一	贞观三年	贞观二年
0848-12C-07	0629-01-06	正朔一	贞观三年	贞观二年
0848-12C-08	0629-01-07	正朔一	贞观三年	贞观二年
0848-12C-09	0629-01-08	正朔一	贞观三年	贞观二年
0848-12C-10	0629-01-09	正朔一	贞观三年	贞观二年
0848-12C-11	0629-01-10	正朔一	贞观三年	贞观二年
0848-12C-12	0629-01-11	正朔一	贞观三年	贞观二年
0848-12C-13	0629-01-12	正朔一	贞观三年	贞观二年
0848-12C-14	0629-01-13	正朔一	贞观三年	贞观二年
0848-12C-15	0629-01-14	正朔一	贞观三年	贞观二年
0848-12C-16	0629-01-15	正朔一	贞观三年	贞观二年
0848-12C-17	0629-01-16	正朔一	贞观三年	贞观二年
0848-12C-18	0629-01-17	正朔一	贞观三年	贞观二年
0848-12C-19	0629-01-18	正朔一	贞观三年	贞观二年
0848-12C-20	0629-01-19	正朔一	贞观三年	贞观二年
0848-12C-21	0629-01-20	正朔一	贞观三年	贞观二年
0848-12C-22	0629-01-21	正朔一	贞观三年	贞观二年
0848-12C-23	0629-01-22	正朔一	贞观三年	贞观二年
0848-12C-24	0629-01-23	正朔一	贞观三年	贞观二年
0848-12C-25	0629-01-24	正朔一	贞观三年	贞观二年
0848-12C-26	0629-01-25	正朔一	贞观三年	贞观二年
0848-12C-27	0629-01-26	正朔一	贞观三年	贞观二年
0848-12C-28	0629-01-27	正朔一	贞观三年	贞观二年
0848-12C-29	0629-01-28	正朔一	贞观三年	贞观二年
0848-12C-30	0629-01-29	正朔一	贞观三年	贞观二年
0849-12C-13	0630-01-01	正朔一	贞观四年	贞观三年
0849-12C-14	0630-01-02	正朔一	贞观四年	贞观三年
0849-12C-15	0630-01-03	正朔一	贞观四年	贞观三年
0849-12C-16	0630-01-04	正朔一	贞观四年	贞观三年
0849-12C-17	0630-01-05	正朔一	贞观四年	贞观三年
0849-12C-18	0630-01-06	正朔一	贞观四年	贞观三年
0849-12C-19	0630-01-07	正朔一	贞观四年	贞观三年
0849-12C-20	0630-01-08	正朔一	贞观四年	贞观三年
0849-12C-21	0630-01-09	正朔一	贞观四年	贞观三年
0849-12C-22	0630-01-10	正朔一	贞观四年	贞观三年
0849-12C-23	0630-01-11	正朔一	贞观四年	贞观三年
0849-12C-24	0630-01-12	正朔一	贞观四年	贞观三年
0849-12C-25	0630-01-13	正朔一	贞观四年	贞观三年
0849-12C-26	0630-01-14	正朔一	贞观四年	贞观三年
0849-12C-27	0630-01-15	正朔一	贞观四年	贞观三年
0849-12C-28	0630-01-16	正朔一	贞观四年	贞观三年
0849-12C-29	0630-01-17	正朔一	贞观四年	贞观三年
0849-12C-30	0630-01-18	正朔一	贞观四年	贞观三年
0849-12L-01	0630-01-19	正朔一	贞观四年	贞观三年
0849-12L-02	0630-01-20	正朔一	贞观四年	贞观三年
0849-12L-03	0630-01-21	正朔一	贞观四年	贞观三年
0849-12L-04	0630-01-22	正朔一	贞观四年	贞观三年
0849-12L-05	0630-01-23	正朔一	贞观四年	贞观三年
0849-12L-06	0630-01-24	正朔一	贞观四年	贞观三年
0849-12L-07	0630-01-25	正朔一	贞观四年	贞观三年
0849-12L-08	0630-01-26	正朔一	贞观四年	贞观三年
0849-12L-09	0630-01-27	正朔一	贞观四年	贞观三年
0849-12L-10	0630-01-28	正朔一	贞观四年	贞观三年
0849-12L-11	0630-01-29	正朔一	贞观四年	贞观三年
0849-12L-12	0630-01-30	正朔一	贞观四年	贞观三年
0849-12L-13	0630-01-31	正朔一	贞观四年	贞观三年
0849-12L-14	0630-02-01	正朔一	贞观四年	贞观三年
0849-12L-15	0630-02-02	正朔一	贞观四年	贞观三年
0849-12L-16	0630-02-03	正朔一	贞观四年	贞观三年
0849-12L-17	0630-02-04	正朔一	贞观四年	贞观三年
0849-12L-18	0630-02-05	正朔一	贞观四年	贞观三年
0849-12L-19	0630-02-06	正朔一	贞观四年	贞观三年
0849-12L-20	0630-02-07	正朔一	贞观四年	贞观三年
0849-12L-21	0630-02-08	正朔一	贞观四年	贞观三年
0849-12L-22	0630-02-09	正朔一	贞观四年	贞观三年
0849-12L-23	0630-02-10	正朔一	贞观四年	贞观三年
0849-12L-24	0630-02-11	正朔一	贞观四年	贞观三年
0849-12L-25	0630-02-12	正朔一	贞观四年	贞观三年
0849-12L-26	0630-02-13	正朔一	贞观四年	贞观三年
0849-12L-27	0630-02-14	正朔一	贞观四年	贞观三年
0849-12L-28	0630-02-15	正朔一	贞观四年	贞观三年
0849-12L-29	0630-02-16	正朔一	贞观四年	贞观三年
0849-12L-30	0630-02-17	正朔一	贞观四年	贞观三年
0850-11C-23	0631-01-01	正朔一	贞观五年	贞观四年
0850-11C-24	0631-01-02	正朔一	贞观五年	贞观四年
0850-11C-25	0631-01-03	正朔一	贞观五年	贞观四年
0850-11C-26	0631-01-04	正朔一	贞观五年	贞观四年
0850-11C-27	0631-01-05	正朔一	贞观五年	贞观四年
0850-11C-28	0631-01-06	正朔一	贞观五年	贞观四年
0850-11C-29	0631-01-07	正朔一	贞观五年	贞观四年
0850-12C-01	0631-01-08	正朔一	贞观五年	贞观四年
0850-12C-02	0631-01-09	正朔一	贞观五年	贞观四年
0850-12C-03	0631-01-10	正朔一	贞观五年	贞观四年
0850-12C-04	0631-01-11	正朔一	贞观五年	贞观四年
0850-12C-05	0631-01-12	正朔一	贞观五年	贞观四年
0850-12C-06	0631-01-13	正朔一	贞观五年	贞观四年
0850-12C-07	0631-01-14	正朔一	贞观五年	贞观四年
0850-12C-08	0631-01-15	正朔一	贞观五年	贞观四年
0850-12C-09	0631-01-16	正朔一	贞观五年	贞观四年
0850-12C-10	0631-01-17	正朔一	贞观五年	贞观四年
0850-12C-11	0631-01-18	正朔一	贞观五年	贞观四年
0850-12C-12	0631-01-19	正朔一	贞观五年	贞观四年
0850-12C-13	0631-01-20	正朔一	贞观五年	贞观四年
0850-12C-14	0631-01-21	正朔一	贞观五年	贞观四年
0850-12C-15	0631-01-22	正朔一	贞观五年	贞观四年
0850-12C-16	0631-01-23	正朔一	贞观五年	贞观四年
0850-12C-17	0631-01-24	正朔一	贞观五年	贞观四年
0850-12C-18	0631-01-25	正朔一	贞观五年	贞观四年
0850-12C-19	0631-01-26	正朔一	贞观五年	贞观四年
0850-12C-20	0631-01-27	正朔一	贞观五年	贞观四年
0850-12C-21	0631-01-28	正朔一	贞观五年	贞观四年
0850-12C-22	0631-01-29	正朔一	贞观五年	贞观四年
0850-12C-23	0631-01-30	正朔一	贞观五年	贞观四年
0850-12C-24	0631-01-31	正朔一	贞观五年	贞观四年
0850-12C-25	0631-02-01	正朔一	贞观五年	贞观四年
0850-12C-26	0631-02-02	正朔一	贞观五年	贞观四年
0850-12C-27	0631-02-03	正朔一	贞观五年	贞观四年
0850-12C-28	0631-02-04	正朔一	贞观五年	贞观四年
0850-12C-29	0631-02-05	正朔一	贞观五年	贞观四年
0850-12C-30	0631-02-06	正朔一	贞观五年	贞观四年
0851-12C-04	0632-01-01	正朔一	贞观六年	贞观五年
0851-12C-05	0632-01-02	正朔一	贞观六年	贞观五年
0851-12C-06	0632-01-03	正朔一	贞观六年	贞观五年
0851-12C-07	0632-01-04	正朔一	贞观六年	贞观五年
0851-12C-08	0632-01-05	正朔一	贞观六年	贞观五年
0851-12C-09	0632-01-06	正朔一	贞观六年	贞观五年
0851-12C-10	0632-01-07	正朔一	贞观六年	贞观五年
0851-12C-11	0632-01-08	正朔一	贞观六年	贞观五年
0851-12C-12	0632-01-09	正朔一	贞观六年	贞观五年
0851-12C-13	0632-01-10	正朔一	贞观六年	贞观五年
0851-12C-14	0632-01-11	正朔一	贞观六年	贞观五年
0851-12C-15	0632-01-12	正朔一	贞观六年	贞观五年
0851-12C-16	0632-01-13	正朔一	贞观六年	贞观五年
0851-12C-17	0632-01-14	正朔一	贞观六年	贞观五年
0851-12C-18	0632-01-15	正朔一	贞观六年	贞观五年
0851-12C-19	0632-01-16	正朔一	贞观六年	贞观五年
0851-12C-20	0632-01-17	正朔一	贞观六年	贞观五年
0851-12C-21	0632-01-18	正朔一	贞观六年	贞观五年
0851-12C-22	0632-01-19	正朔一	贞观六年	贞观五年
0851-12C-23	0632-01-20	正朔一	贞观六年	贞观五年
0851-12C-24	0632-01-21	正朔一	贞观六年	贞观五年
0851-12C-25	0632-01-22	正朔一	贞观六年	贞观五年
0851-12C-26	0632-01-23	正朔一	贞观六年	贞观五年
0851-12C-27	0632-01-24	正朔一	贞观六年	贞观五年
0851-12C-28	0632-01-25	正朔一	贞观六年	贞观五年
0851-12C-29	0632-01-26	正朔一	贞观六年	贞观五年
0852-11C-16	0633-01-01	正朔一	贞观七年	贞观六年
0852-11C-17	0633-01-02	正朔一	贞观七年	贞观六年
0852-11C-18	0633-01-03	正朔一	贞观七年	贞观六年
0852-11C-19	0633-01-04	正朔一	贞观七年	贞观六年
0852-11C-20	0633-01-05	正朔一	贞观七年	贞观六年
0852-11C-21	0633-01-06	正朔一	贞观七年	贞观六年
0852-11C-22	0633-01-07	正朔一	贞观七年	贞观六年
0852-11C-23	0633-01-08	正朔一	贞观七年	贞观六年
0852-11C-24	0633-01-09	正朔一	贞观七年	贞观六年
0852-11C-25	0633-01-10	正朔一	贞观七年	贞观六年
0852-11C-26	0633-01-11	正朔一	贞观七年	贞观六年
0852-11C-27	0633-01-12	正朔一	贞观七年	贞观六年
0852-11C-28	0633-01-13	正朔一	贞观七年	贞观六年
0852-11C-29	0633-01-14	正朔一	贞观七年	贞观六年
0852-11C-30	0633-01-15	正朔一	贞观七年	贞观六年
0852-12C-01	0633-01-16	正朔一	贞观七年	贞观六年
0852-12C-02	0633-01-17	正朔一	贞观七年	贞观六年
0852-12C-03	0633-01-18	正朔一	贞观七年	贞观六年
0852-12C-04	0633-01-19	正朔一	贞观七年	贞观六年
0852-12C-05	0633-01-20	正朔一	贞观七年	贞观六年
0852-12C-06	0633-01-21	正朔一	贞观七年	贞观六年
0852-12C-07	0633-01-22	正朔一	贞观七年	贞观六年
0852-12C-08	0633-01-23	正朔一	贞观七年	贞观六年
0852-12C-09	0633-01-24	正朔一	贞观七年	贞观六年
0852-12C-10	0633-01-25	正朔一	贞观七年	贞观六年
0852-12C-11	0633-01-26	正朔一	贞观七年	贞观六年
0852-12C-12	0633-01-27	正朔一	贞观七年	贞观六年
0852-12C-13	0633-01-28	正朔一	贞观七年	贞观六年
0852-12C-14	0633-01-29	正朔一	贞观七年	贞观六年
0852-12C-15	0633-01-30	正朔一	贞观七年	贞观六年
0852-12C-16	0633-01-31	正朔一	贞观七年	贞观六年
0852-12C-17	0633-02-01	正朔一	贞观七年	贞观六年
0852-12C-18	0633-02-02	正朔一	贞观七年	贞观六年
0852-12C-19	0633-02-03	正朔一	贞观七年	贞观六年
0852-12C-20	0633-02-04	正朔一	贞观七年	贞观六年
0852-12C-21	0633-02-05	正朔一	贞观七年	贞观六年
0852-12C-22	0633-02-06	正朔一	贞观七年	贞观六年
0852-12C-23	0633-02-07	正朔一	贞观七年	贞观六年
0852-12C-24	0633-02-08	正朔一	贞观七年	贞观六年
0852-12C-25	0633-02-09	正朔一	贞观七年	贞观六年
0852-12C-26	0633-02-10	正朔一	贞观七年	贞观六年
0852-12C-27	0633-02-11	正朔一	贞观七年	贞观六年
0852-12C-28	0633-02-12	正朔一	贞观七年	贞观六年
0852-12C-29	0633-02-13	正朔一	贞观七年	贞观六年
0853-11C-26	0634-01-01	正朔一	贞观八年	贞观七年
0853-11C-27	0634-01-02	正朔一	贞观八年	贞观七年
0853-11C-28	0634-01-03	正朔一	贞观八年	贞观七年
0853-11C-29	0634-01-04	正朔一	贞观八年	贞观七年
0853-12C-01	0634-01-05	正朔一	贞观八年	贞观七年
0853-12C-02	0634-01-06	正朔一	贞观八年	贞观七年
0853-12C-03	0634-01-07	正朔一	贞观八年	贞观七年
0853-12C-04	0634-01-08	正朔一	贞观八年	贞观七年
0853-12C-05	0634-01-09	正朔一	贞观八年	贞观七年
0853-12C-06	0634-01-10	正朔一	贞观八年	贞观七年
0853-12C-07	0634-01-11	正朔一	贞观八年	贞观七年
0853-12C-08	0634-01-12	正朔一	贞观八年	贞观七年
0853-12C-09	0634-01-13	正朔一	贞观八年	贞观七年
0853-12C-10	0634-01-14	正朔一	贞观八年	贞观七年
0853-12C-11	0634-01-15	正朔一	贞观八年	贞观七年
0853-12C-12	0634-01-16	正朔一	贞观八年	贞观七年
0853-12C-13	0634-01-17	正朔一	贞观八年	贞观七年
0853-12C-14	0634-01-18	正朔一	贞观八年	贞观七年
0853-12C-15	0634-01-19	正朔一	贞观八年	贞观七年
0853-12C-16	0634-01-20	正朔一	贞观八年	贞观七年
0853-12C-17	0634-01-21	正朔一	贞观八年	贞观七年
0853-12C-18	0634-01-22	正朔一	贞观八年	贞观七年
0853-12C-19	0634-01-23	正朔一	贞观八年	贞观七年
0853-12C-20	0634-01-24	正朔一	贞观八年	贞观七年
0853-12C-21	0634-01-25	正朔一	贞观八年	贞观七年
0853-12C-22	0634-01-26	正朔一	贞观八年	贞观七年
0853-12C-23	0634-01-27	正朔一	贞观八年	贞观七年
0853-12C-24	0634-01-28	正朔一	贞观八年	贞观七年
0853-12C-25	0634-01-29	正朔一	贞观八年	贞观七年
0853-12C-26	0634-01-30	正朔一	贞观八年	贞观七年
0853-12C-27	0634-01-31	正朔一	贞观八年	贞观七年
0853-12C-28	0634-02-01	正朔一	贞观八年	贞观七年
0853-12C-29	0634-02-02	正朔一	贞观八年	贞观七年
0853-12C-30	0634-02-03	正朔一	贞观八年	贞观七年
0854-12C-07	0635-01-01	正朔一	贞观九年	贞观八年
0854-12C-08	0635-01-02	正朔一	贞观九年	贞观八年
0854-12C-09	0635-01-03	正朔一	贞观九年	贞观八年
0854-12C-10	0635-01-04	正朔一	贞观九年	贞观八年
0854-12C-11	0635-01-05	正朔一	贞观九年	贞观八年
0854-12C-12	0635-01-06	正朔一	贞观九年	贞观八年
0854-12C-13	0635-01-07	正朔一	贞观九年	贞观八年
0854-12C-14	0635-01-08	正朔一	贞观九年	贞观八年
0854-12C-15	0635-01-09	正朔一	贞观九年	贞观八年
0854-12C-16	0635-01-10	正朔一	贞观九年	贞观八年
0854-12C-17	0635-01-11	正朔一	贞观九年	贞观八年
0854-12C-18	0635-01-12	正朔一	贞观九年	贞观八年
0854-12C-19	0635-01-13	正朔一	贞观九年	贞观八年
0854-12C-20	0635-01-14	正朔一	贞观九年	贞观八年
0854-12C-21	0635-01-15	正朔一	贞观九年	贞观八年
0854-12C-22	0635-01-16	正朔一	贞观九年	贞观八年
0854-12C-23	0635-01-17	正朔一	贞观九年	贞观八年
0854-12C-24	0635-01-18	正朔一	贞观九年	贞观八年
0854-12C-25	0635-01-19	正朔一	贞观九年	贞观八年
0854-12C-26	0635-01-20	正朔一	贞观九年	贞观八年
0854-12C-27	0635-01-21	正朔一	贞观九年	贞观八年
0854-12C-28	0635-01-22	正朔一	贞观九年	贞观八年
0854-12C-29	0635-01-23	正朔一	贞观九年	贞观八年
0855-11C-18	0636-01-01	正朔一	贞观十年	贞观九年
0855-11C-19	0636-01-02	正朔一	贞观十年	贞观九年
0855-11C-20	0636-01-03	正朔一	贞观十年	贞观九年
0855-11C-21	0636-01-04	正朔一	贞观十年	贞观九年
0855-11C-22	0636-01-05	正朔一	贞观十年	贞观九年
0855-11C-23	0636-01-06	正朔一	贞观十年	贞观九年
0855-11C-24	0636-01-07	正朔一	贞观十年	贞观九年
0855-11C-25	0636-01-08	正朔一	贞观十年	贞观九年
0855-11C-26	0636-01-09	正朔一	贞观十年	贞观九年
0855-11C-27	0636-01-10	正朔一	贞观十年	贞观九年
0855-11C-28	0636-01-11	正朔一	贞观十年	贞观九年
0855-11C-29	0636-01-12	正朔一	贞观十年	贞观九年
0855-11C-30	0636-01-13	正朔一	贞观十年	贞观九年
0855-12C-01	0636-01-14	正朔一	贞观十年	贞观九年
0855-12C-02	0636-01-15	正朔一	贞观十年	贞观九年
0855-12C-03	0636-01-16	正朔一	贞观十年	贞观九年
0855-12C-04	0636-01-17	正朔一	贞观十年	贞观九年
0855-12C-05	0636-01-18	正朔一	贞观十年	贞观九年
0855-12C-06	0636-01-19	正朔一	贞观十年	贞观九年
0855-12C-07	0636-01-20	正朔一	贞观十年	贞观九年
0855-12C-08	0636-01-21	正朔一	贞观十年	贞观九年
0855-12C-09	0636-01-22	正朔一	贞观十年	贞观九年
0855-12C-10	0636-01-23	正朔一	贞观十年	贞观九年
0855-12C-11	0636-01-24	正朔一	贞观十年	贞观九年
0855-12C-12	0636-01-25	正朔一	贞观十年	贞观九年
0855-12C-13	0636-01-26	正朔一	贞观十年	贞观九年
0855-12C-14	0636-01-27	正朔一	贞观十年	贞观九年
0855-12C-15	0636-01-28	正朔一	贞观十年	贞观九年
0855-12C-16	0636-01-29	正朔一	贞观十年	贞观九年
0855-12C-17	0636-01-30	正朔一	贞观十年	贞观九年
0855-12C-18	0636-01-31	正朔一	贞观十年	贞观九年
0855-12C-19	0636-02-01	正朔一	贞观十年	贞观九年
0855-12C-20	0636-02-02	正朔一	贞观十年	贞观九年
0855-12C-21	0636-02-03	正朔一	贞观十年	贞观九年
0855-12C-22	0636-02-04	正朔一	贞观十年	贞观九年
0855-12C-23	0636-02-05	正朔一	贞观十年	贞观九年
0855-12C-24	0636-02-06	正朔一	贞观十年	贞观九年
0855-12C-25	0636-02-07	正朔一	贞观十年	贞观九年
0855-12C-26	0636-02-08	正朔一	贞观十年	贞观九年
0855-12C-27	0636-02-09	正朔一	贞观十年	贞观九年
0855-12C-28	0636-02-10	正朔一	贞观十年	贞观九年
0855-12C-29	0636-02-11	正朔一	贞观十年	贞观九年
0856-11C-30	0637-01-01	正朔一	贞观十一年	贞观十年
0856-12C-01	0637-01-02	正朔一	贞观十一年	贞观十年
0856-12C-02	0637-01-03	正朔一	贞观十一年	贞观十年
0856-12C-03	0637-01-04	正朔一	贞观十一年	贞观十年
0856-12C-04	0637-01-05	正朔一	贞观十一年	贞观十年
0856-12C-05	0637-01-06	正朔一	贞观十一年	贞观十年
0856-12C-06	0637-01-07	正朔一	贞观十一年	贞观十年
0856-12C-07	0637-01-08	正朔一	贞观十一年	贞观十年
0856-12C-08	0637-01-09	正朔一	贞观十一年	贞观十年
0856-12C-09	0637-01-10	正朔一	贞观十一年	贞观十年
0856-12C-10	0637-01-11	正朔一	贞观十一年	贞观十年
0856-12C-11	0637-01-12	正朔一	贞观十一年	贞观十年
0856-12C-12	0637-01-13	正朔一	贞观十一年	贞观十年
0856-12C-13	0637-01-14	正朔一	贞观十一年	贞观十年
0856-12C-14	0637-01-15	正朔一	贞观十一年	贞观十年
0856-12C-15	0637-01-16	正朔一	贞观十一年	贞观十年
0856-12C-16	0637-01-17	正朔一	贞观十一年	贞观十年
0856-12C-17	0637-01-18	正朔一	贞观十一年	贞观十年
0856-12C-18	0637-01-19	正朔一	贞观十一年	贞观十年
0856-12C-19	0637-01-20	正朔一	贞观十一年	贞观十年
0856-12C-20	0637-01-21	正朔一	贞观十一年	贞观十年
0856-12C-21	0637-01-22	正朔一	贞观十一年	贞观十年
0856-12C-22	0637-01-23	正朔一	贞观十一年	贞观十年
0856-12C-23	0637-01-24	正朔一	贞观十一年	贞观十年
0856-12C-24	0637-01-25	正朔一	贞观十一年	贞观十年
0856-12C-25	0637-01-26	正朔一	贞观十一年	贞观十年
0856-12C-26	0637-01-27	正朔一	贞观十一年	贞观十年
0856-12C-27	0637-01-28	正朔一	贞观十一年	贞观十年
0856-12C-28	0637-01-29	正朔一	贞观十一年	贞观十年
0856-12C-29	0637-01-30	正朔一	贞观十一年	贞观十年
0856-12C-30	0637-01-31	正朔一	贞观十一年	贞观十年
0857-12C-11	0638-01-01	正朔一	贞观十二年	贞观十一年
0857-12C-12	0638-01-02	正朔一	贞观十二年	贞观十一年
0857-12C-13	0638-01-03	正朔一	贞观十二年	贞观十一年
0857-12C-14	0638-01-04	正朔一	贞观十二年	贞观十一年
0857-12C-15	0638-01-05	正朔一	贞观十二年	贞观十一年
0857-12C-16	0638-01-06	正朔一	贞观十二年	贞观十一年
0857-12C-17	0638-01-07	正朔一	贞观十二年	贞观十一年
0857-12C-18	0638-01-08	正朔一	贞观十二年	贞观十一年
0857-12C-19	0638-01-09	正朔一	贞观十二年	贞观十一年
0857-12C-20	0638-01-10	正朔一	贞观十二年	贞观十一年
0857-12C-21	0638-01-11	正朔一	贞观十二年	贞观十一年
0857-12C-22	0638-01-12	正朔一	贞观十二年	贞观十一年
0857-12C-23	0638-01-13	正朔一	贞观十二年	贞观十一年
0857-12C-24	0638-01-14	正朔一	贞观十二年	贞观十一年
0857-12C-25	0638-01-15	正朔一	贞观十二年	贞观十一年
0857-12C-26	0638-01-16	正朔一	贞观十二年	贞观十一年
0857-12C-27	0638-01-17	正朔一	贞观十二年	贞观十一年
0857-12C-28	0638-01-18	正朔一	贞观十二年	贞观十一年
0857-12C-29	0638-01-19	正朔一	贞观十二年	贞观十一年
0857-12C-30	0638-01-20	正朔一	贞观十二年	贞观十一年
0858-11C-22	0639-01-01	正朔一	贞观十三年	贞观十二年
0858-11C-23	0639-01-02	正朔一	贞观十三年	贞观十二年
0858-11C-24	0639-01-03	正朔一	贞观十三年	贞观十二年
0858-11C-25	0639-01-04	正朔一	贞观十三年	贞观十二年
0858-11C-26	0639-01-05	正朔一	贞观十三年	贞观十二年
0858-11C-27	0639-01-06	正朔一	贞观十三年	贞观十二年
0858-11C-28	0639-01-07	正朔一	贞观十三年	贞观十二年
0858-11C-29	0639-01-08	正朔一	贞观十三年	贞观十二年
0858-11C-30	0639-01-09	正朔一	贞观十三年	贞观十二年
0858-12C-01	0639-01-10	正朔一	贞观十三年	贞观十二年
0858-12C-02	0639-01-11	正朔一	贞观十三年	贞观十二年
0858-12C-03	0639-01-12	正朔一	贞观十三年	贞观十二年
0858-12C-04	0639-01-13	正朔一	贞观十三年	贞观十二年
0858-12C-05	0639-01-14	正朔一	贞观十三年	贞观十二年
0858-12C-06	0639-01-15	正朔一	贞观十三年	贞观十二年
0858-12C-07	0639-01-16	正朔一	贞观十三年	贞观十二年
0858-12C-08	0639-01-17	正朔一	贞观十三年	贞观十二年
0858-12C-09	0639-01-18	正朔一	贞观十三年	贞观十二年
0858-12C-10	0639-01-19	正朔一	贞观十三年	贞观十二年
0858-12C-11	0639-01-20	正朔一	贞观十三年	贞观十二年
0858-12C-12	0639-01-21	正朔一	贞观十三年	贞观十二年
0858-12C-13	0639-01-22	正朔一	贞观十三年	贞观十二年
0858-12C-14	0639-01-23	正朔一	贞观十三年	贞观十二年
0858-12C-15	0639-01-24	正朔一	贞观十三年	贞观十二年
0858-12C-16	0639-01-25	正朔一	贞观十三年	贞观十二年
0858-12C-17	0639-01-26	正朔一	贞观十三年	贞观十二年
0858-12C-18	0639-01-27	正朔一	贞观十三年	贞观十二年
0858-12C-19	0639-01-28	正朔一	贞观十三年	贞观十二年
0858-12C-20	0639-01-29	正朔一	贞观十三年	贞观十二年
0858-12C-21	0639-01-30	正朔一	贞观十三年	贞观十二年
0858-12C-22	0639-01-31	正朔一	贞观十三年	贞观十二年
0858-12C-23	0639-02-01	正朔一	贞观十三年	贞观十二年
0858-12C-24	0639-02-02	正朔一	贞观十三年	贞观十二年
0858-12C-25	0639-02-03	正朔一	贞观十三年	贞观十二年
0858-12C-26	0639-02-04	正朔一	贞观十三年	贞观十二年
0858-12C-27	0639-02-05	正朔一	贞观十三年	贞观十二年
0858-12C-28	0639-02-06	正朔一	贞观十三年	贞观十二年
0858-12C-29	0639-02-07	正朔一	贞观十三年	贞观十二年
0858-12C-30	0639-02-08	正朔一	贞观十三年	贞观十二年
0859-12C-03	0640-01-01	正朔一	贞观十四年	贞观十三年
0859-12C-04	0640-01-02	正朔一	贞观十四年	贞观十三年
0859-12C-05	0640-01-03	正朔一	贞观十四年	贞观十三年
0859-12C-06	0640-01-04	正朔一	贞观十四年	贞观十三年
0859-12C-07	0640-01-05	正朔一	贞观十四年	贞观十三年
0859-12C-08	0640-01-06	正朔一	贞观十四年	贞观十三年
0859-12C-09	0640-01-07	正朔一	贞观十四年	贞观十三年
0859-12C-10	0640-01-08	正朔一	贞观十四年	贞观十三年
0859-12C-11	0640-01-09	正朔一	贞观十四年	贞观十三年
0859-12C-12	0640-01-10	正朔一	贞观十四年	贞观十三年
0859-12C-13	0640-01-11	正朔一	贞观十四年	贞观十三年
0859-12C-14	0640-01-12	正朔一	贞观十四年	贞观十三年
0859-12C-15	0640-01-13	正朔一	贞观十四年	贞观十三年
0859-12C-16	0640-01-14	正朔一	贞观十四年	贞观十三年
0859-12C-17	0640-01-15	正朔一	贞观十四年	贞观十三年
0859-12C-18	0640-01-16	正朔一	贞观十四年	贞观十三年
0859-12C-19	0640-01-17	正朔一	贞观十四年	贞观十三年
0859-12C-20	0640-01-18	正朔一	贞观十四年	贞观十三年
0859-12C-21	0640-01-19	正朔一	贞观十四年	贞观十三年
0859-12C-22	0640-01-20	正朔一	贞观十四年	贞观十三年
0859-12C-23	0640-01-21	正朔一	贞观十四年	贞观十三年
0859-12C-24	0640-01-22	正朔一	贞观十四年	贞观十三年
0859-12C-25	0640-01-23	正朔一	贞观十四年	贞观十三年
0859-12C-26	0640-01-24	正朔一	贞观十四年	贞观十三年
0859-12C-27	0640-01-25	正朔一	贞观十四年	贞观十三年
0859-12C-28	0640-01-26	正朔一	贞观十四年	贞观十三年
0859-12C-29	0640-01-27	正朔一	贞观十四年	贞观十三年
0859-12C-30	0640-01-28	正朔一	贞观十四年	贞观十三年
0860-11C-14	0641-01-01	正朔一	贞观十五年	贞观十四年
0860-11C-15	0641-01-02	正朔一	贞观十五年	贞观十四年
0860-11C-16	0641-01-03	正朔一	贞观十五年	贞观十四年
0860-11C-17	0641-01-04	正朔一	贞观十五年	贞观十四年
0860-11C-18	0641-01-05	正朔一	贞观十五年	贞观十四年
0860-11C-19	0641-01-06	正朔一	贞观十五年	贞观十四年
0860-11C-20	0641-01-07	正朔一	贞观十五年	贞观十四年
0860-11C-21	0641-01-08	正朔一	贞观十五年	贞观十四年
0860-11C-22	0641-01-09	正朔一	贞观十五年	贞观十四年
0860-11C-23	0641-01-10	正朔一	贞观十五年	贞观十四年
0860-11C-24	0641-01-11	正朔一	贞观十五年	贞观十四年
0860-11C-25	0641-01-12	正朔一	贞观十五年	贞观十四年
0860-11C-26	0641-01-13	正朔一	贞观十五年	贞观十四年
0860-11C-27	0641-01-14	正朔一	贞观十五年	贞观十四年
0860-11C-28	0641-01-15	正朔一	贞观十五年	贞观十四年
0860-11C-29	0641-01-16	正朔一	贞观十五年	贞观十四年
0860-12C-01	0641-01-17	正朔一	贞观十五年	贞观十四年
0860-12C-02	0641-01-18	正朔一	贞观十五年	贞观十四年
0860-12C-03	0641-01-19	正朔一	贞观十五年	贞观十四年
0860-12C-04	0641-01-20	正朔一	贞观十五年	贞观十四年
0860-12C-05	0641-01-21	正朔一	贞观十五年	贞观十四年
0860-12C-06	0641-01-22	正朔一	贞观十五年	贞观十四年
0860-12C-07	0641-01-23	正朔一	贞观十五年	贞观十四年
0860-12C-08	0641-01-24	正朔一	贞观十五年	贞观十四年
0860-12C-09	0641-01-25	正朔一	贞观十五年	贞观十四年
0860-12C-10	0641-01-26	正朔一	贞观十五年	贞观十四年
0860-12C-11	0641-01-27	正朔一	贞观十五年	贞观十四年
0860-12C-12	0641-01-28	正朔一	贞观十五年	贞观十四年
0860-12C-13	0641-01-29	正朔一	贞观十五年	贞观十四年
0860-12C-14	0641-01-30	正朔一	贞观十五年	贞观十四年
0860-12C-15	0641-01-31	正朔一	贞观十五年	贞观十四年
0860-12C-16	0641-02-01	正朔一	贞观十五年	贞观十四年
0860-12C-17	0641-02-02	正朔一	贞观十五年	贞观十四年
0860-12C-18	0641-02-03	正朔一	贞观十五年	贞观十四年
0860-12C-19	0641-02-04	正朔一	贞观十五年	贞观十四年
0860-12C-20	0641-02-05	正朔一	贞观十五年	贞观十四年
0860-12C-21	0641-02-06	正朔一	贞观十五年	贞观十四年
0860-12C-22	0641-02-07	正朔一	贞观十五年	贞观十四年
0860-12C-23	0641-02-08	正朔一	贞观十五年	贞观十四年
0860-12C-24	0641-02-09	正朔一	贞观十五年	贞观十四年
0860-12C-25	0641-02-10	正朔一	贞观十五年	贞观十四年
0860-12C-26	0641-02-11	正朔一	贞观十五年	贞观十四年
0860-12C-27	0641-02-12	正朔一	贞观十五年	贞观十四年
0860-12C-28	0641-02-13	正朔一	贞观十五年	贞观十四年
0860-12C-29	0641-02-14	正朔一	贞观十五年	贞观十四年
0860-12C-30	0641-02-15	正朔一	贞观十五年	贞观十四年
0861-11C-25	0642-01-01	正朔一	贞观十六年	贞观十五年
0861-11C-26	0642-01-02	正朔一	贞观十六年	贞观十五年
0861-11C-27	0642-01-03	正朔一	贞观十六年	贞观十五年
0861-11C-28	0642-01-04	正朔一	贞观十六年	贞观十五年
0861-11C-29	0642-01-05	正朔一	贞观十六年	贞观十五年
0861-11C-30	0642-01-06	正朔一	贞观十六年	贞观十五年
0861-12C-01	0642-01-07	正朔一	贞观十六年	贞观十五年
0861-12C-02	0642-01-08	正朔一	贞观十六年	贞观十五年
0861-12C-03	0642-01-09	正朔一	贞观十六年	贞观十五年
0861-12C-04	0642-01-10	正朔一	贞观十六年	贞观十五年
0861-12C-05	0642-01-11	正朔一	贞观十六年	贞观十五年
0861-12C-06	0642-01-12	正朔一	贞观十六年	贞观十五年
0861-12C-07	0642-01-13	正朔一	贞观十六年	贞观十五年
0861-12C-08	0642-01-14	正朔一	贞观十六年	贞观十五年
0861-12C-09	0642-01-15	正朔一	贞观十六年	贞观十五年
0861-12C-10	0642-01-16	正朔一	贞观十六年	贞观十五年
0861-12C-11	0642-01-17	正朔一	贞观十六年	贞观十五年
0861-12C-12	0642-01-18	正朔一	贞观十六年	贞观十五年
0861-12C-13	0642-01-19	正朔一	贞观十六年	贞观十五年
0861-12C-14	0642-01-20	正朔一	贞观十六年	贞观十五年
0861-12C-15	0642-01-21	正朔一	贞观十六年	贞观十五年
0861-12C-16	0642-01-22	正朔一	贞观十六年	贞观十五年
0861-12C-17	0642-01-23	正朔一	贞观十六年	贞观十五年
0861-12C-18	0642-01-24	正朔一	贞观十六年	贞观十五年
0861-12C-19	0642-01-25	正朔一	贞观十六年	贞观十五年
0861-12C-20	0642-01-26	正朔一	贞观十六年	贞观十五年
0861-12C-21	0642-01-27	正朔一	贞观十六年	贞观十五年
0861-12C-22	0642-01-28	正朔一	贞观十六年	贞观十五年
0861-12C-23	0642-01-29	正朔一	贞观十六年	贞观十五年
0861-12C-24	0642-01-30	正朔一	贞观十六年	贞观十五年
0861-12C-25	0642-01-31	正朔一	贞观十六年	贞观十五年
0861-12C-26	0642-02-01	正朔一	贞观十六年	贞观十五年
0861-12C-27	0642-02-02	正朔一	贞观十六年	贞观十五年
0861-12C-28	0642-02-03	正朔一	贞观十六年	贞观十五年
0861-12C-29	0642-02-04	正朔一	贞观十六年	贞观十五年
0862-12C-06	0643-01-01	正朔一	贞观十七年	贞观十六年
0862-12C-07	0643-01-02	正朔一	贞观十七年	贞观十六年
0862-12C-08	0643-01-03	正朔一	贞观十七年	贞观十六年
0862-12C-09	0643-01-04	正朔一	贞观十七年	贞观十六年
0862-12C-10	0643-01-05	正朔一	贞观十七年	贞观十六年
0862-12C-11	0643-01-06	正朔一	贞观十七年	贞观十六年
0862-12C-12	0643-01-07	正朔一	贞观十七年	贞观十六年
0862-12C-13	0643-01-08	正朔一	贞观十七年	贞观十六年
0862-12C-14	0643-01-09	正朔一	贞观十七年	贞观十六年
0862-12C-15	0643-01-10	正朔一	贞观十七年	贞观十六年
0862-12C-16	0643-01-11	正朔一	贞观十七年	贞观十六年
0862-12C-17	0643-01-12	正朔一	贞观十七年	贞观十六年
0862-12C-18	0643-01-13	正朔一	贞观十七年	贞观十六年
0862-12C-19	0643-01-14	正朔一	贞观十七年	贞观十六年
0862-12C-20	0643-01-15	正朔一	贞观十七年	贞观十六年
0862-12C-21	0643-01-16	正朔一	贞观十七年	贞观十六年
0862-12C-22	0643-01-17	正朔一	贞观十七年	贞观十六年
0862-12C-23	0643-01-18	正朔一	贞观十七年	贞观十六年
0862-12C-24	0643-01-19	正朔一	贞观十七年	贞观十六年
0862-12C-25	0643-01-20	正朔一	贞观十七年	贞观十六年
0862-12C-26	0643-01-21	正朔一	贞观十七年	贞观十六年
0862-12C-27	0643-01-22	正朔一	贞观十七年	贞观十六年
0862-12C-28	0643-01-23	正朔一	贞观十七年	贞观十六年
0862-12C-29	0643-01-24	正朔一	贞观十七年	贞观十六年
0862-12C-30	0643-01-25	正朔一	贞观十七年	贞观十六年
0863-11C-16	0644-01-01	正朔一	贞观十八年	贞观十七年
0863-11C-17	0644-01-02	正朔一	贞观十八年	贞观十七年
0863-11C-18	0644-01-03	正朔一	贞观十八年	贞观十七年
0863-11C-19	0644-01-04	正朔一	贞观十八年	贞观十七年
0863-11C-20	0644-01-05	正朔一	贞观十八年	贞观十七年
0863-11C-21	0644-01-06	正朔一	贞观十八年	贞观十七年
0863-11C-22	0644-01-07	正朔一	贞观十八年	贞观十七年
0863-11C-23	0644-01-08	正朔一	贞观十八年	贞观十七年
0863-11C-24	0644-01-09	正朔一	贞观十八年	贞观十七年
0863-11C-25	0644-01-10	正朔一	贞观十八年	贞观十七年
0863-11C-26	0644-01-11	正朔一	贞观十八年	贞观十七年
0863-11C-27	0644-01-12	正朔一	贞观十八年	贞观十七年
0863-11C-28	0644-01-13	正朔一	贞观十八年	贞观十七年
0863-11C-29	0644-01-14	正朔一	贞观十八年	贞观十七年
0863-11C-30	0644-01-15	正朔一	贞观十八年	贞观十七年
0863-12C-01	0644-01-16	正朔一	贞观十八年	贞观十七年
0863-12C-02	0644-01-17	正朔一	贞观十八年	贞观十七年
0863-12C-03	0644-01-18	正朔一	贞观十八年	贞观十七年
0863-12C-04	0644-01-19	正朔一	贞观十八年	贞观十七年
0863-12C-05	0644-01-20	正朔一	贞观十八年	贞观十七年
0863-12C-06	0644-01-21	正朔一	贞观十八年	贞观十七年
0863-12C-07	0644-01-22	正朔一	贞观十八年	贞观十七年
0863-12C-08	0644-01-23	正朔一	贞观十八年	贞观十七年
0863-12C-09	0644-01-24	正朔一	贞观十八年	贞观十七年
0863-12C-10	0644-01-25	正朔一	贞观十八年	贞观十七年
0863-12C-11	0644-01-26	正朔一	贞观十八年	贞观十七年
0863-12C-12	0644-01-27	正朔一	贞观十八年	贞观十七年
0863-12C-13	0644-01-28	正朔一	贞观十八年	贞观十七年
0863-12C-14	0644-01-29	正朔一	贞观十八年	贞观十七年
0863-12C-15	0644-01-30	正朔一	贞观十八年	贞观十七年
0863-12C-16	0644-01-31	正朔一	贞观十八年	贞观十七年
0863-12C-17	0644-02-01	正朔一	贞观十八年	贞观十七年
0863-12C-18	0644-02-02	正朔一	贞观十八年	贞观十七年
0863-12C-19	0644-02-03	正朔一	贞观十八年	贞观十七年
0863-12C-20	0644-02-04	正朔一	贞观十八年	贞观十七年
0863-12C-21	0644-02-05	正朔一	贞观十八年	贞观十七年
0863-12C-22	0644-02-06	正朔一	贞观十八年	贞观十七年
0863-12C-23	0644-02-07	正朔一	贞观十八年	贞观十七年
0863-12C-24	0644-02-08	正朔一	贞观十八年	贞观十七年
0863-12C-25	0644-02-09	正朔一	贞观十八年	贞观十七年
0863-12C-26	0644-02-10	正朔一	贞观十八年	贞观十七年
0863-12C-27	0644-02-11	正朔一	贞观十八年	贞观十七年
0863-12C-28	0644-02-12	正朔一	贞观十八年	贞观十七年
0863-12C-29	0644-02-13	正朔一	贞观十八年	贞观十七年
0864-11C-28	0645-01-01	正朔一	贞观十九年	贞观十八年
0864-11C-29	0645-01-02	正朔一	贞观十九年	贞观十八年
0864-11C-30	0645-01-03	正朔一	贞观十九年	贞观十八年
0864-12C-01	0645-01-04	正朔一	贞观十九年	贞观十八年
0864-12C-02	0645-01-05	正朔一	贞观十九年	贞观十八年
0864-12C-03	0645-01-06	正朔一	贞观十九年	贞观十八年
0864-12C-04	0645-01-07	正朔一	贞观十九年	贞观十八年
0864-12C-05	0645-01-08	正朔一	贞观十九年	贞观十八年
0864-12C-06	0645-01-09	正朔一	贞观十九年	贞观十八年
0864-12C-07	0645-01-10	正朔一	贞观十九年	贞观十八年
0864-12C-08	0645-01-11	正朔一	贞观十九年	贞观十八年
0864-12C-09	0645-01-12	正朔一	贞观十九年	贞观十八年
0864-12C-10	0645-01-13	正朔一	贞观十九年	贞观十八年
0864-12C-11	0645-01-14	正朔一	贞观十九年	贞观十八年
0864-12C-12	0645-01-15	正朔一	贞观十九年	贞观十八年
0864-12C-13	0645-01-16	正朔一	贞观十九年	贞观十八年
0864-12C-14	0645-01-17	正朔一	贞观十九年	贞观十八年
0864-12C-15	0645-01-18	正朔一	贞观十九年	贞观十八年
0864-12C-16	0645-01-19	正朔一	贞观十九年	贞观十八年
0864-12C-17	0645-01-20	正朔一	贞观十九年	贞观十八年
0864-12C-18	0645-01-21	正朔一	贞观十九年	贞观十八年
0864-12C-19	0645-01-22	正朔一	贞观十九年	贞观十八年
0864-12C-20	0645-01-23	正朔一	贞观十九年	贞观十八年
0864-12C-21	0645-01-24	正朔一	贞观十九年	贞观十八年
0864-12C-22	0645-01-25	正朔一	贞观十九年	贞观十八年
0864-12C-23	0645-01-26	正朔一	贞观十九年	贞观十八年
0864-12C-24	0645-01-27	正朔一	贞观十九年	贞观十八年
0864-12C-25	0645-01-28	正朔一	贞观十九年	贞观十八年
0864-12C-26	0645-01-29	正朔一	贞观十九年	贞观十八年
0864-12C-27	0645-01-30	正朔一	贞观十九年	贞观十八年
0864-12C-28	0645-01-31	正朔一	贞观十九年	贞观十八年
0864-12C-29	0645-02-01	正朔一	贞观十九年	贞观十八年
0865-12C-09	0646-01-01	正朔一	贞观二十年	贞观十九年
0865-12C-10	0646-01-02	正朔一	贞观二十年	贞观十九年
0865-12C-11	0646-01-03	正朔一	贞观二十年	贞观十九年
0865-12C-12	0646-01-04	正朔一	贞观二十年	贞观十九年
0865-12C-13	0646-01-05	正朔一	贞观二十年	贞观十九年
0865-12C-14	0646-01-06	正朔一	贞观二十年	贞观十九年
0865-12C-15	0646-01-07	正朔一	贞观二十年	贞观十九年
0865-12C-16	0646-01-08	正朔一	贞观二十年	贞观十九年
0865-12C-17	0646-01-09	正朔一	贞观二十年	贞观十九年
0865-12C-18	0646-01-10	正朔一	贞观二十年	贞观十九年
0865-12C-19	0646-01-11	正朔一	贞观二十年	贞观十九年
0865-12C-20	0646-01-12	正朔一	贞观二十年	贞观十九年
0865-12C-21	0646-01-13	正朔一	贞观二十年	贞观十九年
0865-12C-22	0646-01-14	正朔一	贞观二十年	贞观十九年
0865-12C-23	0646-01-15	正朔一	贞观二十年	贞观十九年
0865-12C-24	0646-01-16	正朔一	贞观二十年	贞观十九年
0865-12C-25	0646-01-17	正朔一	贞观二十年	贞观十九年
0865-12C-26	0646-01-18	正朔一	贞观二十年	贞观十九年
0865-12C-27	0646-01-19	正朔一	贞观二十年	贞观十九年
0865-12C-28	0646-01-20	正朔一	贞观二十年	贞观十九年
0865-12C-29	0646-01-21	正朔一	贞观二十年	贞观十九年
0866-11C-20	0647-01-01	正朔一	贞观二十一年	贞观二十年
0866-11C-21	0647-01-02	正朔一	贞观二十一年	贞观二十年
0866-11C-22	0647-01-03	正朔一	贞观二十一年	贞观二十年
0866-11C-23	0647-01-04	正朔一	贞观二十一年	贞观二十年
0866-11C-24	0647-01-05	正朔一	贞观二十一年	贞观二十年
0866-11C-25	0647-01-06	正朔一	贞观二十一年	贞观二十年
0866-11C-26	0647-01-07	正朔一	贞观二十一年	贞观二十年
0866-11C-27	0647-01-08	正朔一	贞观二十一年	贞观二十年
0866-11C-28	0647-01-09	正朔一	贞观二十一年	贞观二十年
0866-11C-29	0647-01-10	正朔一	贞观二十一年	贞观二十年
0866-11C-30	0647-01-11	正朔一	贞观二十一年	贞观二十年
0866-12C-01	0647-01-12	正朔一	贞观二十一年	贞观二十年
0866-12C-02	0647-01-13	正朔一	贞观二十一年	贞观二十年
0866-12C-03	0647-01-14	正朔一	贞观二十一年	贞观二十年
0866-12C-04	0647-01-15	正朔一	贞观二十一年	贞观二十年
0866-12C-05	0647-01-16	正朔一	贞观二十一年	贞观二十年
0866-12C-06	0647-01-17	正朔一	贞观二十一年	贞观二十年
0866-12C-07	0647-01-18	正朔一	贞观二十一年	贞观二十年
0866-12C-08	0647-01-19	正朔一	贞观二十一年	贞观二十年
0866-12C-09	0647-01-20	正朔一	贞观二十一年	贞观二十年
0866-12C-10	0647-01-21	正朔一	贞观二十一年	贞观二十年
0866-12C-11	0647-01-22	正朔一	贞观二十一年	贞观二十年
0866-12C-12	0647-01-23	正朔一	贞观二十一年	贞观二十年
0866-12C-13	0647-01-24	正朔一	贞观二十一年	贞观二十年
0866-12C-14	0647-01-25	正朔一	贞观二十一年	贞观二十年
0866-12C-15	0647-01-26	正朔一	贞观二十一年	贞观二十年
0866-12C-16	0647-01-27	正朔一	贞观二十一年	贞观二十年
0866-12C-17	0647-01-28	正朔一	贞观二十一年	贞观二十年
0866-12C-18	0647-01-29	正朔一	贞观二十一年	贞观二十年
0866-12C-19	0647-01-30	正朔一	贞观二十一年	贞观二十年
0866-12C-20	0647-01-31	正朔一	贞观二十一年	贞观二十年
0866-12C-21	0647-02-01	正朔一	贞观二十一年	贞观二十年
0866-12C-22	0647-02-02	正朔一	贞观二十一年	贞观二十年
0866-12C-23	0647-02-03	正朔一	贞观二十一年	贞观二十年
0866-12C-24	0647-02-04	正朔一	贞观二十一年	贞观二十年
0866-12C-25	0647-02-05	正朔一	贞观二十一年	贞观二十年
0866-12C-26	0647-02-06	正朔一	贞观二十一年	贞观二十年
0866-12C-27	0647-02-07	正朔一	贞观二十一年	贞观二十年
0866-12C-28	0647-02-08	正朔一	贞观二十一年	贞观二十年
0866-12C-29	0647-02-09	正朔一	贞观二十一年	贞观二十年
0867-12C-01	0648-01-01	正朔一	贞观二十二年	贞观二十一年
0867-12C-02	0648-01-02	正朔一	贞观二十二年	贞观二十一年
0867-12C-03	0648-01-03	正朔一	贞观二十二年	贞观二十一年
0867-12C-04	0648-01-04	正朔一	贞观二十二年	贞观二十一年
0867-12C-05	0648-01-05	正朔一	贞观二十二年	贞观二十一年
0867-12C-06	0648-01-06	正朔一	贞观二十二年	贞观二十一年
0867-12C-07	0648-01-07	正朔一	贞观二十二年	贞观二十一年
0867-12C-08	0648-01-08	正朔一	贞观二十二年	贞观二十一年
0867-12C-09	0648-01-09	正朔一	贞观二十二年	贞观二十一年
0867-12C-10	0648-01-10	正朔一	贞观二十二年	贞观二十一年
0867-12C-11	0648-01-11	正朔一	贞观二十二年	贞观二十一年
0867-12C-12	0648-01-12	正朔一	贞观二十二年	贞观二十一年
0867-12C-13	0648-01-13	正朔一	贞观二十二年	贞观二十一年
0867-12C-14	0648-01-14	正朔一	贞观二十二年	贞观二十一年
0867-12C-15	0648-01-15	正朔一	贞观二十二年	贞观二十一年
0867-12C-16	0648-01-16	正朔一	贞观二十二年	贞观二十一年
0867-12C-17	0648-01-17	正朔一	贞观二十二年	贞观二十一年
0867-12C-18	0648-01-18	正朔一	贞观二十二年	贞观二十一年
0867-12C-19	0648-01-19	正朔一	贞观二十二年	贞观二十一年
0867-12C-20	0648-01-20	正朔一	贞观二十二年	贞观二十一年
0867-12C-21	0648-01-21	正朔一	贞观二十二年	贞观二十一年
0867-12C-22	0648-01-22	正朔一	贞观二十二年	贞观二十一年
0867-12C-23	0648-01-23	正朔一	贞观二十二年	贞观二十一年
0867-12C-24	0648-01-24	正朔一	贞观二十二年	贞观二十一年
0867-12C-25	0648-01-25	正朔一	贞观二十二年	贞观二十一年
0867-12C-26	0648-01-26	正朔一	贞观二十二年	贞观二十一年
0867-12C-27	0648-01-27	正朔一	贞观二十二年	贞观二十一年
0867-12C-28	0648-01-28	正朔一	贞观二十二年	贞观二十一年
0867-12C-29	0648-01-29	正朔一	贞观二十二年	贞观二十一年
0868-12C-13	0649-01-01	正朔一	贞观二十三年	贞观二十二年
0868-12C-14	0649-01-02	正朔一	贞观二十三年	贞观二十二年
0868-12C-15	0649-01-03	正朔一	贞观二十三年	贞观二十二年
0868-12C-16	0649-01-04	正朔一	贞观二十三年	贞观二十二年
0868-12C-17	0649-01-05	正朔一	贞观二十三年	贞观二十二年
0868-12C-18	0649-01-06	正朔一	贞观二十三年	贞观二十二年
0868-12C-19	0649-01-07	正朔一	贞观二十三年	贞观二十二年
0868-12C-20	0649-01-08	正朔一	贞观二十三年	贞观二十二年
0868-12C-21	0649-01-09	正朔一	贞观二十三年	贞观二十二年
0868-12C-22	0649-01-10	正朔一	贞观二十三年	贞观二十二年
0868-12C-23	0649-01-11	正朔一	贞观二十三年	贞观二十二年
0868-12C-24	0649-01-12	正朔一	贞观二十三年	贞观二十二年
0868-12C-25	0649-01-13	正朔一	贞观二十三年	贞观二十二年
0868-12C-26	0649-01-14	正朔一	贞观二十三年	贞观二十二年
0868-12C-27	0649-01-15	正朔一	贞观二十三年	贞观二十二年
0868-12C-28	0649-01-16	正朔一	贞观二十三年	贞观二十二年
0868-12C-29	0649-01-17	正朔一	贞观二十三年	贞观二十二年
0868-12C-30	0649-01-18	正朔一	贞观二十三年	贞观二十二年
0868-12L-01	0649-01-19	正朔一	贞观二十三年	贞观二十二年
0868-12L-02	0649-01-20	正朔一	贞观二十三年	贞观二十二年
0868-12L-03	0649-01-21	正朔一	贞观二十三年	贞观二十二年
0868-12L-04	0649-01-22	正朔一	贞观二十三年	贞观二十二年
0868-12L-05	0649-01-23	正朔一	贞观二十三年	贞观二十二年
0868-12L-06	0649-01-24	正朔一	贞观二十三年	贞观二十二年
0868-12L-07	0649-01-25	正朔一	贞观二十三年	贞观二十二年
0868-12L-08	0649-01-26	正朔一	贞观二十三年	贞观二十二年
0868-12L-09	0649-01-27	正朔一	贞观二十三年	贞观二十二年
0868-12L-10	0649-01-28	正朔一	贞观二十三年	贞观二十二年
0868-12L-11	0649-01-29	正朔一	贞观二十三年	贞观二十二年
0868-12L-12	0649-01-30	正朔一	贞观二十三年	贞观二十二年
0868-12L-13	0649-01-31	正朔一	贞观二十三年	贞观二十二年
0868-12L-14	0649-02-01	正朔一	贞观二十三年	贞观二十二年
0868-12L-15	0649-02-02	正朔一	贞观二十三年	贞观二十二年
0868-12L-16	0649-02-03	正朔一	贞观二十三年	贞观二十二年
0868-12L-17	0649-02-04	正朔一	贞观二十三年	贞观二十二年
0868-12L-18	0649-02-05	正朔一	贞观二十三年	贞观二十二年
0868-12L-19	0649-02-06	正朔一	贞观二十三年	贞观二十二年
0868-12L-20	0649-02-07	正朔一	贞观二十三年	贞观二十二年
0868-12L-21	0649-02-08	正朔一	贞观二十三年	贞观二十二年
0868-12L-22	0649-02-09	正朔一	贞观二十三年	贞观二十二年
0868-12L-23	0649-02-10	正朔一	贞观二十三年	贞观二十二年
0868-12L-24	0649-02-11	正朔一	贞观二十三年	贞观二十二年
0868-12L-25	0649-02-12	正朔一	贞观二十三年	贞观二十二年
0868-12L-26	0649-02-13	正朔一	贞观二十三年	贞观二十二年
0868-12L-27	0649-02-14	正朔一	贞观二十三年	贞观二十二年
0868-12L-28	0649-02-15	正朔一	贞观二十三年	贞观二十二年
0868-12L-29	0649-02-16	正朔一	贞观二十三年	贞观二十二年
0870-12C-04	0651-01-01	正朔一	永徽二年	永徽元年
0870-12C-05	0651-01-02	正朔一	永徽二年	永徽元年
0870-12C-06	0651-01-03	正朔一	永徽二年	永徽元年
0870-12C-07	0651-01-04	正朔一	永徽二年	永徽元年
0870-12C-08	0651-01-05	正朔一	永徽二年	永徽元年
0870-12C-09	0651-01-06	正朔一	永徽二年	永徽元年
0870-12C-10	0651-01-07	正朔一	永徽二年	永徽元年
0870-12C-11	0651-01-08	正朔一	永徽二年	永徽元年
0870-12C-12	0651-01-09	正朔一	永徽二年	永徽元年
0870-12C-13	0651-01-10	正朔一	永徽二年	永徽元年
0870-12C-14	0651-01-11	正朔一	永徽二年	永徽元年
0870-12C-15	0651-01-12	正朔一	永徽二年	永徽元年
0870-12C-16	0651-01-13	正朔一	永徽二年	永徽元年
0870-12C-17	0651-01-14	正朔一	永徽二年	永徽元年
0870-12C-18	0651-01-15	正朔一	永徽二年	永徽元年
0870-12C-19	0651-01-16	正朔一	永徽二年	永徽元年
0870-12C-20	0651-01-17	正朔一	永徽二年	永徽元年
0870-12C-21	0651-01-18	正朔一	永徽二年	永徽元年
0870-12C-22	0651-01-19	正朔一	永徽二年	永徽元年
0870-12C-23	0651-01-20	正朔一	永徽二年	永徽元年
0870-12C-24	0651-01-21	正朔一	永徽二年	永徽元年
0870-12C-25	0651-01-22	正朔一	永徽二年	永徽元年
0870-12C-26	0651-01-23	正朔一	永徽二年	永徽元年
0870-12C-27	0651-01-24	正朔一	永徽二年	永徽元年
0870-12C-28	0651-01-25	正朔一	永徽二年	永徽元年
0870-12C-29	0651-01-26	正朔一	永徽二年	永徽元年
0871-11C-15	0652-01-01	正朔一	永徽三年	永徽二年
0871-11C-16	0652-01-02	正朔一	永徽三年	永徽二年
0871-11C-17	0652-01-03	正朔一	永徽三年	永徽二年
0871-11C-18	0652-01-04	正朔一	永徽三年	永徽二年
0871-11C-19	0652-01-05	正朔一	永徽三年	永徽二年
0871-11C-20	0652-01-06	正朔一	永徽三年	永徽二年
0871-11C-21	0652-01-07	正朔一	永徽三年	永徽二年
0871-11C-22	0652-01-08	正朔一	永徽三年	永徽二年
0871-11C-23	0652-01-09	正朔一	永徽三年	永徽二年
0871-11C-24	0652-01-10	正朔一	永徽三年	永徽二年
0871-11C-25	0652-01-11	正朔一	永徽三年	永徽二年
0871-11C-26	0652-01-12	正朔一	永徽三年	永徽二年
0871-11C-27	0652-01-13	正朔一	永徽三年	永徽二年
0871-11C-28	0652-01-14	正朔一	永徽三年	永徽二年
0871-11C-29	0652-01-15	正朔一	永徽三年	永徽二年
0871-12C-01	0652-01-16	正朔一	永徽三年	永徽二年
0871-12C-02	0652-01-17	正朔一	永徽三年	永徽二年
0871-12C-03	0652-01-18	正朔一	永徽三年	永徽二年
0871-12C-04	0652-01-19	正朔一	永徽三年	永徽二年
0871-12C-05	0652-01-20	正朔一	永徽三年	永徽二年
0871-12C-06	0652-01-21	正朔一	永徽三年	永徽二年
0871-12C-07	0652-01-22	正朔一	永徽三年	永徽二年
0871-12C-08	0652-01-23	正朔一	永徽三年	永徽二年
0871-12C-09	0652-01-24	正朔一	永徽三年	永徽二年
0871-12C-10	0652-01-25	正朔一	永徽三年	永徽二年
0871-12C-11	0652-01-26	正朔一	永徽三年	永徽二年
0871-12C-12	0652-01-27	正朔一	永徽三年	永徽二年
0871-12C-13	0652-01-28	正朔一	永徽三年	永徽二年
0871-12C-14	0652-01-29	正朔一	永徽三年	永徽二年
0871-12C-15	0652-01-30	正朔一	永徽三年	永徽二年
0871-12C-16	0652-01-31	正朔一	永徽三年	永徽二年
0871-12C-17	0652-02-01	正朔一	永徽三年	永徽二年
0871-12C-18	0652-02-02	正朔一	永徽三年	永徽二年
0871-12C-19	0652-02-03	正朔一	永徽三年	永徽二年
0871-12C-20	0652-02-04	正朔一	永徽三年	永徽二年
0871-12C-21	0652-02-05	正朔一	永徽三年	永徽二年
0871-12C-22	0652-02-06	正朔一	永徽三年	永徽二年
0871-12C-23	0652-02-07	正朔一	永徽三年	永徽二年
0871-12C-24	0652-02-08	正朔一	永徽三年	永徽二年
0871-12C-25	0652-02-09	正朔一	永徽三年	永徽二年
0871-12C-26	0652-02-10	正朔一	永徽三年	永徽二年
0871-12C-27	0652-02-11	正朔一	永徽三年	永徽二年
0871-12C-28	0652-02-12	正朔一	永徽三年	永徽二年
0871-12C-29	0652-02-13	正朔一	永徽三年	永徽二年
0871-12C-30	0652-02-14	正朔一	永徽三年	永徽二年
0872-11C-27	0653-01-01	正朔一	永徽四年	永徽三年
0872-11C-28	0653-01-02	正朔一	永徽四年	永徽三年
0872-11C-29	0653-01-03	正朔一	永徽四年	永徽三年
0872-11C-30	0653-01-04	正朔一	永徽四年	永徽三年
0872-12C-01	0653-01-05	正朔一	永徽四年	永徽三年
0872-12C-02	0653-01-06	正朔一	永徽四年	永徽三年
0872-12C-03	0653-01-07	正朔一	永徽四年	永徽三年
0872-12C-04	0653-01-08	正朔一	永徽四年	永徽三年
0872-12C-05	0653-01-09	正朔一	永徽四年	永徽三年
0872-12C-06	0653-01-10	正朔一	永徽四年	永徽三年
0872-12C-07	0653-01-11	正朔一	永徽四年	永徽三年
0872-12C-08	0653-01-12	正朔一	永徽四年	永徽三年
0872-12C-09	0653-01-13	正朔一	永徽四年	永徽三年
0872-12C-10	0653-01-14	正朔一	永徽四年	永徽三年
0872-12C-11	0653-01-15	正朔一	永徽四年	永徽三年
0872-12C-12	0653-01-16	正朔一	永徽四年	永徽三年
0872-12C-13	0653-01-17	正朔一	永徽四年	永徽三年
0872-12C-14	0653-01-18	正朔一	永徽四年	永徽三年
0872-12C-15	0653-01-19	正朔一	永徽四年	永徽三年
0872-12C-16	0653-01-20	正朔一	永徽四年	永徽三年
0872-12C-17	0653-01-21	正朔一	永徽四年	永徽三年
0872-12C-18	0653-01-22	正朔一	永徽四年	永徽三年
0872-12C-19	0653-01-23	正朔一	永徽四年	永徽三年
0872-12C-20	0653-01-24	正朔一	永徽四年	永徽三年
0872-12C-21	0653-01-25	正朔一	永徽四年	永徽三年
0872-12C-22	0653-01-26	正朔一	永徽四年	永徽三年
0872-12C-23	0653-01-27	正朔一	永徽四年	永徽三年
0872-12C-24	0653-01-28	正朔一	永徽四年	永徽三年
0872-12C-25	0653-01-29	正朔一	永徽四年	永徽三年
0872-12C-26	0653-01-30	正朔一	永徽四年	永徽三年
0872-12C-27	0653-01-31	正朔一	永徽四年	永徽三年
0872-12C-28	0653-02-01	正朔一	永徽四年	永徽三年
0872-12C-29	0653-02-02	正朔一	永徽四年	永徽三年
0873-12C-08	0654-01-01	正朔一	永徽五年	永徽四年
0873-12C-09	0654-01-02	正朔一	永徽五年	永徽四年
0873-12C-10	0654-01-03	正朔一	永徽五年	永徽四年
0873-12C-11	0654-01-04	正朔一	永徽五年	永徽四年
0873-12C-12	0654-01-05	正朔一	永徽五年	永徽四年
0873-12C-13	0654-01-06	正朔一	永徽五年	永徽四年
0873-12C-14	0654-01-07	正朔一	永徽五年	永徽四年
0873-12C-15	0654-01-08	正朔一	永徽五年	永徽四年
0873-12C-16	0654-01-09	正朔一	永徽五年	永徽四年
0873-12C-17	0654-01-10	正朔一	永徽五年	永徽四年
0873-12C-18	0654-01-11	正朔一	永徽五年	永徽四年
0873-12C-19	0654-01-12	正朔一	永徽五年	永徽四年
0873-12C-20	0654-01-13	正朔一	永徽五年	永徽四年
0873-12C-21	0654-01-14	正朔一	永徽五年	永徽四年
0873-12C-22	0654-01-15	正朔一	永徽五年	永徽四年
0873-12C-23	0654-01-16	正朔一	永徽五年	永徽四年
0873-12C-24	0654-01-17	正朔一	永徽五年	永徽四年
0873-12C-25	0654-01-18	正朔一	永徽五年	永徽四年
0873-12C-26	0654-01-19	正朔一	永徽五年	永徽四年
0873-12C-27	0654-01-20	正朔一	永徽五年	永徽四年
0873-12C-28	0654-01-21	正朔一	永徽五年	永徽四年
0873-12C-29	0654-01-22	正朔一	永徽五年	永徽四年
0873-12C-30	0654-01-23	正朔一	永徽五年	永徽四年
0874-11C-18	0655-01-01	正朔一	永徽六年	永徽五年
0874-11C-19	0655-01-02	正朔一	永徽六年	永徽五年
0874-11C-20	0655-01-03	正朔一	永徽六年	永徽五年
0874-11C-21	0655-01-04	正朔一	永徽六年	永徽五年
0874-11C-22	0655-01-05	正朔一	永徽六年	永徽五年
0874-11C-23	0655-01-06	正朔一	永徽六年	永徽五年
0874-11C-24	0655-01-07	正朔一	永徽六年	永徽五年
0874-11C-25	0655-01-08	正朔一	永徽六年	永徽五年
0874-11C-26	0655-01-09	正朔一	永徽六年	永徽五年
0874-11C-27	0655-01-10	正朔一	永徽六年	永徽五年
0874-11C-28	0655-01-11	正朔一	永徽六年	永徽五年
0874-11C-29	0655-01-12	正朔一	永徽六年	永徽五年
0874-12C-01	0655-01-13	正朔一	永徽六年	永徽五年
0874-12C-02	0655-01-14	正朔一	永徽六年	永徽五年
0874-12C-03	0655-01-15	正朔一	永徽六年	永徽五年
0874-12C-04	0655-01-16	正朔一	永徽六年	永徽五年
0874-12C-05	0655-01-17	正朔一	永徽六年	永徽五年
0874-12C-06	0655-01-18	正朔一	永徽六年	永徽五年
0874-12C-07	0655-01-19	正朔一	永徽六年	永徽五年
0874-12C-08	0655-01-20	正朔一	永徽六年	永徽五年
0874-12C-09	0655-01-21	正朔一	永徽六年	永徽五年
0874-12C-10	0655-01-22	正朔一	永徽六年	永徽五年
0874-12C-11	0655-01-23	正朔一	永徽六年	永徽五年
0874-12C-12	0655-01-24	正朔一	永徽六年	永徽五年
0874-12C-13	0655-01-25	正朔一	永徽六年	永徽五年
0874-12C-14	0655-01-26	正朔一	永徽六年	永徽五年
0874-12C-15	0655-01-27	正朔一	永徽六年	永徽五年
0874-12C-16	0655-01-28	正朔一	永徽六年	永徽五年
0874-12C-17	0655-01-29	正朔一	永徽六年	永徽五年
0874-12C-18	0655-01-30	正朔一	永徽六年	永徽五年
0874-12C-19	0655-01-31	正朔一	永徽六年	永徽五年
0874-12C-20	0655-02-01	正朔一	永徽六年	永徽五年
0874-12C-21	0655-02-02	正朔一	永徽六年	永徽五年
0874-12C-22	0655-02-03	正朔一	永徽六年	永徽五年
0874-12C-23	0655-02-04	正朔一	永徽六年	永徽五年
0874-12C-24	0655-02-05	正朔一	永徽六年	永徽五年
0874-12C-25	0655-02-06	正朔一	永徽六年	永徽五年
0874-12C-26	0655-02-07	正朔一	永徽六年	永徽五年
0874-12C-27	0655-02-08	正朔一	永徽六年	永徽五年
0874-12C-28	0655-02-09	正朔一	永徽六年	永徽五年
0874-12C-29	0655-02-10	正朔一	永徽六年	永徽五年
0874-12C-30	0655-02-11	正朔一	永徽六年	永徽五年
0875-11C-29	0656-01-01	正朔一	永徽七年	永徽六年
0875-12C-01	0656-01-02	正朔一	永徽七年	永徽六年
0875-12C-02	0656-01-03	正朔一	永徽七年	永徽六年
0875-12C-03	0656-01-04	正朔一	永徽七年	永徽六年
0875-12C-04	0656-01-05	正朔一	永徽七年	永徽六年
0875-12C-05	0656-01-06	正朔一	永徽七年	永徽六年
0875-12C-06	0656-01-07	正朔一	永徽七年	永徽六年
0875-12C-07	0656-01-08	正朔一	永徽七年	永徽六年
0875-12C-08	0656-01-09	正朔一	永徽七年	永徽六年
0875-12C-09	0656-01-10	正朔一	永徽七年	永徽六年
0875-12C-10	0656-01-11	正朔一	永徽七年	永徽六年
0875-12C-11	0656-01-12	正朔一	永徽七年	永徽六年
0875-12C-12	0656-01-13	正朔一	永徽七年	永徽六年
0875-12C-13	0656-01-14	正朔一	永徽七年	永徽六年
0875-12C-14	0656-01-15	正朔一	永徽七年	永徽六年
0875-12C-15	0656-01-16	正朔一	永徽七年	永徽六年
0875-12C-16	0656-01-17	正朔一	永徽七年	永徽六年
0875-12C-17	0656-01-18	正朔一	永徽七年	永徽六年
0875-12C-18	0656-01-19	正朔一	永徽七年	永徽六年
0875-12C-19	0656-01-20	正朔一	永徽七年	永徽六年
0875-12C-20	0656-01-21	正朔一	永徽七年	永徽六年
0875-12C-21	0656-01-22	正朔一	永徽七年	永徽六年
0875-12C-22	0656-01-23	正朔一	永徽七年	永徽六年
0875-12C-23	0656-01-24	正朔一	永徽七年	永徽六年
0875-12C-24	0656-01-25	正朔一	永徽七年	永徽六年
0875-12C-25	0656-01-26	正朔一	永徽七年	永徽六年
0875-12C-26	0656-01-27	正朔一	永徽七年	永徽六年
0875-12C-27	0656-01-28	正朔一	永徽七年	永徽六年
0875-12C-28	0656-01-29	正朔一	永徽七年	永徽六年
0875-12C-29	0656-01-30	正朔一	永徽七年	永徽六年
0875-12C-30	0656-01-31	正朔一	永徽七年	永徽六年
0876-12C-11	0657-01-01	正朔一	显庆二年	显庆元年
0876-12C-12	0657-01-02	正朔一	显庆二年	显庆元年
0876-12C-13	0657-01-03	正朔一	显庆二年	显庆元年
0876-12C-14	0657-01-04	正朔一	显庆二年	显庆元年
0876-12C-15	0657-01-05	正朔一	显庆二年	显庆元年
0876-12C-16	0657-01-06	正朔一	显庆二年	显庆元年
0876-12C-17	0657-01-07	正朔一	显庆二年	显庆元年
0876-12C-18	0657-01-08	正朔一	显庆二年	显庆元年
0876-12C-19	0657-01-09	正朔一	显庆二年	显庆元年
0876-12C-20	0657-01-10	正朔一	显庆二年	显庆元年
0876-12C-21	0657-01-11	正朔一	显庆二年	显庆元年
0876-12C-22	0657-01-12	正朔一	显庆二年	显庆元年
0876-12C-23	0657-01-13	正朔一	显庆二年	显庆元年
0876-12C-24	0657-01-14	正朔一	显庆二年	显庆元年
0876-12C-25	0657-01-15	正朔一	显庆二年	显庆元年
0876-12C-26	0657-01-16	正朔一	显庆二年	显庆元年
0876-12C-27	0657-01-17	正朔一	显庆二年	显庆元年
0876-12C-28	0657-01-18	正朔一	显庆二年	显庆元年
0876-12C-29	0657-01-19	正朔一	显庆二年	显庆元年
0877-11C-22	0658-01-01	正朔一	显庆三年	显庆二年
0877-11C-23	0658-01-02	正朔一	显庆三年	显庆二年
0877-11C-24	0658-01-03	正朔一	显庆三年	显庆二年
0877-11C-25	0658-01-04	正朔一	显庆三年	显庆二年
0877-11C-26	0658-01-05	正朔一	显庆三年	显庆二年
0877-11C-27	0658-01-06	正朔一	显庆三年	显庆二年
0877-11C-28	0658-01-07	正朔一	显庆三年	显庆二年
0877-11C-29	0658-01-08	正朔一	显庆三年	显庆二年
0877-11C-30	0658-01-09	正朔一	显庆三年	显庆二年
0877-12C-01	0658-01-10	正朔一	显庆三年	显庆二年
0877-12C-02	0658-01-11	正朔一	显庆三年	显庆二年
0877-12C-03	0658-01-12	正朔一	显庆三年	显庆二年
0877-12C-04	0658-01-13	正朔一	显庆三年	显庆二年
0877-12C-05	0658-01-14	正朔一	显庆三年	显庆二年
0877-12C-06	0658-01-15	正朔一	显庆三年	显庆二年
0877-12C-07	0658-01-16	正朔一	显庆三年	显庆二年
0877-12C-08	0658-01-17	正朔一	显庆三年	显庆二年
0877-12C-09	0658-01-18	正朔一	显庆三年	显庆二年
0877-12C-10	0658-01-19	正朔一	显庆三年	显庆二年
0877-12C-11	0658-01-20	正朔一	显庆三年	显庆二年
0877-12C-12	0658-01-21	正朔一	显庆三年	显庆二年
0877-12C-13	0658-01-22	正朔一	显庆三年	显庆二年
0877-12C-14	0658-01-23	正朔一	显庆三年	显庆二年
0877-12C-15	0658-01-24	正朔一	显庆三年	显庆二年
0877-12C-16	0658-01-25	正朔一	显庆三年	显庆二年
0877-12C-17	0658-01-26	正朔一	显庆三年	显庆二年
0877-12C-18	0658-01-27	正朔一	显庆三年	显庆二年
0877-12C-19	0658-01-28	正朔一	显庆三年	显庆二年
0877-12C-20	0658-01-29	正朔一	显庆三年	显庆二年
0877-12C-21	0658-01-30	正朔一	显庆三年	显庆二年
0877-12C-22	0658-01-31	正朔一	显庆三年	显庆二年
0877-12C-23	0658-02-01	正朔一	显庆三年	显庆二年
0877-12C-24	0658-02-02	正朔一	显庆三年	显庆二年
0877-12C-25	0658-02-03	正朔一	显庆三年	显庆二年
0877-12C-26	0658-02-04	正朔一	显庆三年	显庆二年
0877-12C-27	0658-02-05	正朔一	显庆三年	显庆二年
0877-12C-28	0658-02-06	正朔一	显庆三年	显庆二年
0877-12C-29	0658-02-07	正朔一	显庆三年	显庆二年
0878-12C-03	0659-01-01	正朔一	显庆四年	显庆三年
0878-12C-04	0659-01-02	正朔一	显庆四年	显庆三年
0878-12C-05	0659-01-03	正朔一	显庆四年	显庆三年
0878-12C-06	0659-01-04	正朔一	显庆四年	显庆三年
0878-12C-07	0659-01-05	正朔一	显庆四年	显庆三年
0878-12C-08	0659-01-06	正朔一	显庆四年	显庆三年
0878-12C-09	0659-01-07	正朔一	显庆四年	显庆三年
0878-12C-10	0659-01-08	正朔一	显庆四年	显庆三年
0878-12C-11	0659-01-09	正朔一	显庆四年	显庆三年
0878-12C-12	0659-01-10	正朔一	显庆四年	显庆三年
0878-12C-13	0659-01-11	正朔一	显庆四年	显庆三年
0878-12C-14	0659-01-12	正朔一	显庆四年	显庆三年
0878-12C-15	0659-01-13	正朔一	显庆四年	显庆三年
0878-12C-16	0659-01-14	正朔一	显庆四年	显庆三年
0878-12C-17	0659-01-15	正朔一	显庆四年	显庆三年
0878-12C-18	0659-01-16	正朔一	显庆四年	显庆三年
0878-12C-19	0659-01-17	正朔一	显庆四年	显庆三年
0878-12C-20	0659-01-18	正朔一	显庆四年	显庆三年
0878-12C-21	0659-01-19	正朔一	显庆四年	显庆三年
0878-12C-22	0659-01-20	正朔一	显庆四年	显庆三年
0878-12C-23	0659-01-21	正朔一	显庆四年	显庆三年
0878-12C-24	0659-01-22	正朔一	显庆四年	显庆三年
0878-12C-25	0659-01-23	正朔一	显庆四年	显庆三年
0878-12C-26	0659-01-24	正朔一	显庆四年	显庆三年
0878-12C-27	0659-01-25	正朔一	显庆四年	显庆三年
0878-12C-28	0659-01-26	正朔一	显庆四年	显庆三年
0878-12C-29	0659-01-27	正朔一	显庆四年	显庆三年
0878-12C-30	0659-01-28	正朔一	显庆四年	显庆三年
0879-11C-14	0660-01-01	正朔一	显庆五年	显庆四年
0879-11C-15	0660-01-02	正朔一	显庆五年	显庆四年
0879-11C-16	0660-01-03	正朔一	显庆五年	显庆四年
0879-11C-17	0660-01-04	正朔一	显庆五年	显庆四年
0879-11C-18	0660-01-05	正朔一	显庆五年	显庆四年
0879-11C-19	0660-01-06	正朔一	显庆五年	显庆四年
0879-11C-20	0660-01-07	正朔一	显庆五年	显庆四年
0879-11C-21	0660-01-08	正朔一	显庆五年	显庆四年
0879-11C-22	0660-01-09	正朔一	显庆五年	显庆四年
0879-11C-23	0660-01-10	正朔一	显庆五年	显庆四年
0879-11C-24	0660-01-11	正朔一	显庆五年	显庆四年
0879-11C-25	0660-01-12	正朔一	显庆五年	显庆四年
0879-11C-26	0660-01-13	正朔一	显庆五年	显庆四年
0879-11C-27	0660-01-14	正朔一	显庆五年	显庆四年
0879-11C-28	0660-01-15	正朔一	显庆五年	显庆四年
0879-11C-29	0660-01-16	正朔一	显庆五年	显庆四年
0879-11C-30	0660-01-17	正朔一	显庆五年	显庆四年
0879-12C-01	0660-01-18	正朔一	显庆五年	显庆四年
0879-12C-02	0660-01-19	正朔一	显庆五年	显庆四年
0879-12C-03	0660-01-20	正朔一	显庆五年	显庆四年
0879-12C-04	0660-01-21	正朔一	显庆五年	显庆四年
0879-12C-05	0660-01-22	正朔一	显庆五年	显庆四年
0879-12C-06	0660-01-23	正朔一	显庆五年	显庆四年
0879-12C-07	0660-01-24	正朔一	显庆五年	显庆四年
0879-12C-08	0660-01-25	正朔一	显庆五年	显庆四年
0879-12C-09	0660-01-26	正朔一	显庆五年	显庆四年
0879-12C-10	0660-01-27	正朔一	显庆五年	显庆四年
0879-12C-11	0660-01-28	正朔一	显庆五年	显庆四年
0879-12C-12	0660-01-29	正朔一	显庆五年	显庆四年
0879-12C-13	0660-01-30	正朔一	显庆五年	显庆四年
0879-12C-14	0660-01-31	正朔一	显庆五年	显庆四年
0879-12C-15	0660-02-01	正朔一	显庆五年	显庆四年
0879-12C-16	0660-02-02	正朔一	显庆五年	显庆四年
0879-12C-17	0660-02-03	正朔一	显庆五年	显庆四年
0879-12C-18	0660-02-04	正朔一	显庆五年	显庆四年
0879-12C-19	0660-02-05	正朔一	显庆五年	显庆四年
0879-12C-20	0660-02-06	正朔一	显庆五年	显庆四年
0879-12C-21	0660-02-07	正朔一	显庆五年	显庆四年
0879-12C-22	0660-02-08	正朔一	显庆五年	显庆四年
0879-12C-23	0660-02-09	正朔一	显庆五年	显庆四年
0879-12C-24	0660-02-10	正朔一	显庆五年	显庆四年
0879-12C-25	0660-02-11	正朔一	显庆五年	显庆四年
0879-12C-26	0660-02-12	正朔一	显庆五年	显庆四年
0879-12C-27	0660-02-13	正朔一	显庆五年	显庆四年
0879-12C-28	0660-02-14	正朔一	显庆五年	显庆四年
0879-12C-29	0660-02-15	正朔一	显庆五年	显庆四年
0880-11C-25	0661-01-01	正朔一	显庆六年	显庆五年
0880-11C-26	0661-01-02	正朔一	显庆六年	显庆五年
0880-11C-27	0661-01-03	正朔一	显庆六年	显庆五年
0880-11C-28	0661-01-04	正朔一	显庆六年	显庆五年
0880-11C-29	0661-01-05	正朔一	显庆六年	显庆五年
0880-12C-01	0661-01-06	正朔一	显庆六年	显庆五年
0880-12C-02	0661-01-07	正朔一	显庆六年	显庆五年
0880-12C-03	0661-01-08	正朔一	显庆六年	显庆五年
0880-12C-04	0661-01-09	正朔一	显庆六年	显庆五年
0880-12C-05	0661-01-10	正朔一	显庆六年	显庆五年
0880-12C-06	0661-01-11	正朔一	显庆六年	显庆五年
0880-12C-07	0661-01-12	正朔一	显庆六年	显庆五年
0880-12C-08	0661-01-13	正朔一	显庆六年	显庆五年
0880-12C-09	0661-01-14	正朔一	显庆六年	显庆五年
0880-12C-10	0661-01-15	正朔一	显庆六年	显庆五年
0880-12C-11	0661-01-16	正朔一	显庆六年	显庆五年
0880-12C-12	0661-01-17	正朔一	显庆六年	显庆五年
0880-12C-13	0661-01-18	正朔一	显庆六年	显庆五年
0880-12C-14	0661-01-19	正朔一	显庆六年	显庆五年
0880-12C-15	0661-01-20	正朔一	显庆六年	显庆五年
0880-12C-16	0661-01-21	正朔一	显庆六年	显庆五年
0880-12C-17	0661-01-22	正朔一	显庆六年	显庆五年
0880-12C-18	0661-01-23	正朔一	显庆六年	显庆五年
0880-12C-19	0661-01-24	正朔一	显庆六年	显庆五年
0880-12C-20	0661-01-25	正朔一	显庆六年	显庆五年
0880-12C-21	0661-01-26	正朔一	显庆六年	显庆五年
0880-12C-22	0661-01-27	正朔一	显庆六年	显庆五年
0880-12C-23	0661-01-28	正朔一	显庆六年	显庆五年
0880-12C-24	0661-01-29	正朔一	显庆六年	显庆五年
0880-12C-25	0661-01-30	正朔一	显庆六年	显庆五年
0880-12C-26	0661-01-31	正朔一	显庆六年	显庆五年
0880-12C-27	0661-02-01	正朔一	显庆六年	显庆五年
0880-12C-28	0661-02-02	正朔一	显庆六年	显庆五年
0880-12C-29	0661-02-03	正朔一	显庆六年	显庆五年
0880-12C-30	0661-02-04	正朔一	显庆六年	显庆五年
0881-12C-06	0662-01-01	正朔一	龙朔二年	龙朔元年
0881-12C-07	0662-01-02	正朔一	龙朔二年	龙朔元年
0881-12C-08	0662-01-03	正朔一	龙朔二年	龙朔元年
0881-12C-09	0662-01-04	正朔一	龙朔二年	龙朔元年
0881-12C-10	0662-01-05	正朔一	龙朔二年	龙朔元年
0881-12C-11	0662-01-06	正朔一	龙朔二年	龙朔元年
0881-12C-12	0662-01-07	正朔一	龙朔二年	龙朔元年
0881-12C-13	0662-01-08	正朔一	龙朔二年	龙朔元年
0881-12C-14	0662-01-09	正朔一	龙朔二年	龙朔元年
0881-12C-15	0662-01-10	正朔一	龙朔二年	龙朔元年
0881-12C-16	0662-01-11	正朔一	龙朔二年	龙朔元年
0881-12C-17	0662-01-12	正朔一	龙朔二年	龙朔元年
0881-12C-18	0662-01-13	正朔一	龙朔二年	龙朔元年
0881-12C-19	0662-01-14	正朔一	龙朔二年	龙朔元年
0881-12C-20	0662-01-15	正朔一	龙朔二年	龙朔元年
0881-12C-21	0662-01-16	正朔一	龙朔二年	龙朔元年
0881-12C-22	0662-01-17	正朔一	龙朔二年	龙朔元年
0881-12C-23	0662-01-18	正朔一	龙朔二年	龙朔元年
0881-12C-24	0662-01-19	正朔一	龙朔二年	龙朔元年
0881-12C-25	0662-01-20	正朔一	龙朔二年	龙朔元年
0881-12C-26	0662-01-21	正朔一	龙朔二年	龙朔元年
0881-12C-27	0662-01-22	正朔一	龙朔二年	龙朔元年
0881-12C-28	0662-01-23	正朔一	龙朔二年	龙朔元年
0881-12C-29	0662-01-24	正朔一	龙朔二年	龙朔元年
0882-11C-17	0663-01-01	正朔一	龙朔三年	龙朔二年
0882-11C-18	0663-01-02	正朔一	龙朔三年	龙朔二年
0882-11C-19	0663-01-03	正朔一	龙朔三年	龙朔二年
0882-11C-20	0663-01-04	正朔一	龙朔三年	龙朔二年
0882-11C-21	0663-01-05	正朔一	龙朔三年	龙朔二年
0882-11C-22	0663-01-06	正朔一	龙朔三年	龙朔二年
0882-11C-23	0663-01-07	正朔一	龙朔三年	龙朔二年
0882-11C-24	0663-01-08	正朔一	龙朔三年	龙朔二年
0882-11C-25	0663-01-09	正朔一	龙朔三年	龙朔二年
0882-11C-26	0663-01-10	正朔一	龙朔三年	龙朔二年
0882-11C-27	0663-01-11	正朔一	龙朔三年	龙朔二年
0882-11C-28	0663-01-12	正朔一	龙朔三年	龙朔二年
0882-11C-29	0663-01-13	正朔一	龙朔三年	龙朔二年
0882-11C-30	0663-01-14	正朔一	龙朔三年	龙朔二年
0882-12C-01	0663-01-15	正朔一	龙朔三年	龙朔二年
0882-12C-02	0663-01-16	正朔一	龙朔三年	龙朔二年
0882-12C-03	0663-01-17	正朔一	龙朔三年	龙朔二年
0882-12C-04	0663-01-18	正朔一	龙朔三年	龙朔二年
0882-12C-05	0663-01-19	正朔一	龙朔三年	龙朔二年
0882-12C-06	0663-01-20	正朔一	龙朔三年	龙朔二年
0882-12C-07	0663-01-21	正朔一	龙朔三年	龙朔二年
0882-12C-08	0663-01-22	正朔一	龙朔三年	龙朔二年
0882-12C-09	0663-01-23	正朔一	龙朔三年	龙朔二年
0882-12C-10	0663-01-24	正朔一	龙朔三年	龙朔二年
0882-12C-11	0663-01-25	正朔一	龙朔三年	龙朔二年
0882-12C-12	0663-01-26	正朔一	龙朔三年	龙朔二年
0882-12C-13	0663-01-27	正朔一	龙朔三年	龙朔二年
0882-12C-14	0663-01-28	正朔一	龙朔三年	龙朔二年
0882-12C-15	0663-01-29	正朔一	龙朔三年	龙朔二年
0882-12C-16	0663-01-30	正朔一	龙朔三年	龙朔二年
0882-12C-17	0663-01-31	正朔一	龙朔三年	龙朔二年
0882-12C-18	0663-02-01	正朔一	龙朔三年	龙朔二年
0882-12C-19	0663-02-02	正朔一	龙朔三年	龙朔二年
0882-12C-20	0663-02-03	正朔一	龙朔三年	龙朔二年
0882-12C-21	0663-02-04	正朔一	龙朔三年	龙朔二年
0882-12C-22	0663-02-05	正朔一	龙朔三年	龙朔二年
0882-12C-23	0663-02-06	正朔一	龙朔三年	龙朔二年
0882-12C-24	0663-02-07	正朔一	龙朔三年	龙朔二年
0882-12C-25	0663-02-08	正朔一	龙朔三年	龙朔二年
0882-12C-26	0663-02-09	正朔一	龙朔三年	龙朔二年
0882-12C-27	0663-02-10	正朔一	龙朔三年	龙朔二年
0882-12C-28	0663-02-11	正朔一	龙朔三年	龙朔二年
0882-12C-29	0663-02-12	正朔一	龙朔三年	龙朔二年
0884-12C-10	0665-01-01	正朔一	麟德二年	麟德元年
0884-12C-11	0665-01-02	正朔一	麟德二年	麟德元年
0884-12C-12	0665-01-03	正朔一	麟德二年	麟德元年
0884-12C-13	0665-01-04	正朔一	麟德二年	麟德元年
0884-12C-14	0665-01-05	正朔一	麟德二年	麟德元年
0884-12C-15	0665-01-06	正朔一	麟德二年	麟德元年
0884-12C-16	0665-01-07	正朔一	麟德二年	麟德元年
0884-12C-17	0665-01-08	正朔一	麟德二年	麟德元年
0884-12C-18	0665-01-09	正朔一	麟德二年	麟德元年
0884-12C-19	0665-01-10	正朔一	麟德二年	麟德元年
0884-12C-20	0665-01-11	正朔一	麟德二年	麟德元年
0884-12C-21	0665-01-12	正朔一	麟德二年	麟德元年
0884-12C-22	0665-01-13	正朔一	麟德二年	麟德元年
0884-12C-23	0665-01-14	正朔一	麟德二年	麟德元年
0884-12C-24	0665-01-15	正朔一	麟德二年	麟德元年
0884-12C-25	0665-01-16	正朔一	麟德二年	麟德元年
0884-12C-26	0665-01-17	正朔一	麟德二年	麟德元年
0884-12C-27	0665-01-18	正朔一	麟德二年	麟德元年
0884-12C-28	0665-01-19	正朔一	麟德二年	麟德元年
0884-12C-29	0665-01-20	正朔一	麟德二年	麟德元年
0884-12C-30	0665-01-21	正朔一	麟德二年	麟德元年
0885-11C-20	0666-01-01	正朔一	麟德三年	麟德二年
0885-11C-21	0666-01-02	正朔一	麟德三年	麟德二年
0885-11C-22	0666-01-03	正朔一	麟德三年	麟德二年
0885-11C-23	0666-01-04	正朔一	麟德三年	麟德二年
0885-11C-24	0666-01-05	正朔一	麟德三年	麟德二年
0885-11C-25	0666-01-06	正朔一	麟德三年	麟德二年
0885-11C-26	0666-01-07	正朔一	麟德三年	麟德二年
0885-11C-27	0666-01-08	正朔一	麟德三年	麟德二年
0885-11C-28	0666-01-09	正朔一	麟德三年	麟德二年
0885-11C-29	0666-01-10	正朔一	麟德三年	麟德二年
0885-12C-01	0666-01-11	正朔一	麟德三年	麟德二年
0885-12C-02	0666-01-12	正朔一	麟德三年	麟德二年
0885-12C-03	0666-01-13	正朔一	麟德三年	麟德二年
0885-12C-04	0666-01-14	正朔一	麟德三年	麟德二年
0885-12C-05	0666-01-15	正朔一	麟德三年	麟德二年
0885-12C-06	0666-01-16	正朔一	麟德三年	麟德二年
0885-12C-07	0666-01-17	正朔一	麟德三年	麟德二年
0885-12C-08	0666-01-18	正朔一	麟德三年	麟德二年
0885-12C-09	0666-01-19	正朔一	麟德三年	麟德二年
0885-12C-10	0666-01-20	正朔一	麟德三年	麟德二年
0885-12C-11	0666-01-21	正朔一	麟德三年	麟德二年
0885-12C-12	0666-01-22	正朔一	麟德三年	麟德二年
0885-12C-13	0666-01-23	正朔一	麟德三年	麟德二年
0885-12C-14	0666-01-24	正朔一	麟德三年	麟德二年
0885-12C-15	0666-01-25	正朔一	麟德三年	麟德二年
0885-12C-16	0666-01-26	正朔一	麟德三年	麟德二年
0885-12C-17	0666-01-27	正朔一	麟德三年	麟德二年
0885-12C-18	0666-01-28	正朔一	麟德三年	麟德二年
0885-12C-19	0666-01-29	正朔一	麟德三年	麟德二年
0885-12C-20	0666-01-30	正朔一	麟德三年	麟德二年
0885-12C-21	0666-01-31	正朔一	麟德三年	麟德二年
0885-12C-22	0666-02-01	正朔一	麟德三年	麟德二年
0885-12C-23	0666-02-02	正朔一	麟德三年	麟德二年
0885-12C-24	0666-02-03	正朔一	麟德三年	麟德二年
0885-12C-25	0666-02-04	正朔一	麟德三年	麟德二年
0885-12C-26	0666-02-05	正朔一	麟德三年	麟德二年
0885-12C-27	0666-02-06	正朔一	麟德三年	麟德二年
0885-12C-28	0666-02-07	正朔一	麟德三年	麟德二年
0885-12C-29	0666-02-08	正朔一	麟德三年	麟德二年
0885-12C-30	0666-02-09	正朔一	麟德三年	麟德二年
0886-12C-02	0667-01-01	正朔一	乾封二年	乾封元年
0886-12C-03	0667-01-02	正朔一	乾封二年	乾封元年
0886-12C-04	0667-01-03	正朔一	乾封二年	乾封元年
0886-12C-05	0667-01-04	正朔一	乾封二年	乾封元年
0886-12C-06	0667-01-05	正朔一	乾封二年	乾封元年
0886-12C-07	0667-01-06	正朔一	乾封二年	乾封元年
0886-12C-08	0667-01-07	正朔一	乾封二年	乾封元年
0886-12C-09	0667-01-08	正朔一	乾封二年	乾封元年
0886-12C-10	0667-01-09	正朔一	乾封二年	乾封元年
0886-12C-11	0667-01-10	正朔一	乾封二年	乾封元年
0886-12C-12	0667-01-11	正朔一	乾封二年	乾封元年
0886-12C-13	0667-01-12	正朔一	乾封二年	乾封元年
0886-12C-14	0667-01-13	正朔一	乾封二年	乾封元年
0886-12C-15	0667-01-14	正朔一	乾封二年	乾封元年
0886-12C-16	0667-01-15	正朔一	乾封二年	乾封元年
0886-12C-17	0667-01-16	正朔一	乾封二年	乾封元年
0886-12C-18	0667-01-17	正朔一	乾封二年	乾封元年
0886-12C-19	0667-01-18	正朔一	乾封二年	乾封元年
0886-12C-20	0667-01-19	正朔一	乾封二年	乾封元年
0886-12C-21	0667-01-20	正朔一	乾封二年	乾封元年
0886-12C-22	0667-01-21	正朔一	乾封二年	乾封元年
0886-12C-23	0667-01-22	正朔一	乾封二年	乾封元年
0886-12C-24	0667-01-23	正朔一	乾封二年	乾封元年
0886-12C-25	0667-01-24	正朔一	乾封二年	乾封元年
0886-12C-26	0667-01-25	正朔一	乾封二年	乾封元年
0886-12C-27	0667-01-26	正朔一	乾封二年	乾封元年
0886-12C-28	0667-01-27	正朔一	乾封二年	乾封元年
0886-12C-29	0667-01-28	正朔一	乾封二年	乾封元年
0886-12C-30	0667-01-29	正朔一	乾封二年	乾封元年
0887-12C-12	0668-01-01	正朔一	乾封三年	乾封二年
0887-12C-13	0668-01-02	正朔一	乾封三年	乾封二年
0887-12C-14	0668-01-03	正朔一	乾封三年	乾封二年
0887-12C-15	0668-01-04	正朔一	乾封三年	乾封二年
0887-12C-16	0668-01-05	正朔一	乾封三年	乾封二年
0887-12C-17	0668-01-06	正朔一	乾封三年	乾封二年
0887-12C-18	0668-01-07	正朔一	乾封三年	乾封二年
0887-12C-19	0668-01-08	正朔一	乾封三年	乾封二年
0887-12C-20	0668-01-09	正朔一	乾封三年	乾封二年
0887-12C-21	0668-01-10	正朔一	乾封三年	乾封二年
0887-12C-22	0668-01-11	正朔一	乾封三年	乾封二年
0887-12C-23	0668-01-12	正朔一	乾封三年	乾封二年
0887-12C-24	0668-01-13	正朔一	乾封三年	乾封二年
0887-12C-25	0668-01-14	正朔一	乾封三年	乾封二年
0887-12C-26	0668-01-15	正朔一	乾封三年	乾封二年
0887-12C-27	0668-01-16	正朔一	乾封三年	乾封二年
0887-12C-28	0668-01-17	正朔一	乾封三年	乾封二年
0887-12C-29	0668-01-18	正朔一	乾封三年	乾封二年
0887-12L-01	0668-01-19	正朔一	乾封三年	乾封二年
0887-12L-02	0668-01-20	正朔一	乾封三年	乾封二年
0887-12L-03	0668-01-21	正朔一	乾封三年	乾封二年
0887-12L-04	0668-01-22	正朔一	乾封三年	乾封二年
0887-12L-05	0668-01-23	正朔一	乾封三年	乾封二年
0887-12L-06	0668-01-24	正朔一	乾封三年	乾封二年
0887-12L-07	0668-01-25	正朔一	乾封三年	乾封二年
0887-12L-08	0668-01-26	正朔一	乾封三年	乾封二年
0887-12L-09	0668-01-27	正朔一	乾封三年	乾封二年
0887-12L-10	0668-01-28	正朔一	乾封三年	乾封二年
0887-12L-11	0668-01-29	正朔一	乾封三年	乾封二年
0887-12L-12	0668-01-30	正朔一	乾封三年	乾封二年
0887-12L-13	0668-01-31	正朔一	乾封三年	乾封二年
0887-12L-14	0668-02-01	正朔一	乾封三年	乾封二年
0887-12L-15	0668-02-02	正朔一	乾封三年	乾封二年
0887-12L-16	0668-02-03	正朔一	乾封三年	乾封二年
0887-12L-17	0668-02-04	正朔一	乾封三年	乾封二年
0887-12L-18	0668-02-05	正朔一	乾封三年	乾封二年
0887-12L-19	0668-02-06	正朔一	乾封三年	乾封二年
0887-12L-20	0668-02-07	正朔一	乾封三年	乾封二年
0887-12L-21	0668-02-08	正朔一	乾封三年	乾封二年
0887-12L-22	0668-02-09	正朔一	乾封三年	乾封二年
0887-12L-23	0668-02-10	正朔一	乾封三年	乾封二年
0887-12L-24	0668-02-11	正朔一	乾封三年	乾封二年
0887-12L-25	0668-02-12	正朔一	乾封三年	乾封二年
0887-12L-26	0668-02-13	正朔一	乾封三年	乾封二年
0887-12L-27	0668-02-14	正朔一	乾封三年	乾封二年
0887-12L-28	0668-02-15	正朔一	乾封三年	乾封二年
0887-12L-29	0668-02-16	正朔一	乾封三年	乾封二年
0887-12L-30	0668-02-17	正朔一	乾封三年	乾封二年
0888-11C-24	0669-01-01	正朔一	总章二年	总章元年
0888-11C-25	0669-01-02	正朔一	总章二年	总章元年
0888-11C-26	0669-01-03	正朔一	总章二年	总章元年
0888-11C-27	0669-01-04	正朔一	总章二年	总章元年
0888-11C-28	0669-01-05	正朔一	总章二年	总章元年
0888-11C-29	0669-01-06	正朔一	总章二年	总章元年
0888-11C-30	0669-01-07	正朔一	总章二年	总章元年
0888-12C-01	0669-01-08	正朔一	总章二年	总章元年
0888-12C-02	0669-01-09	正朔一	总章二年	总章元年
0888-12C-03	0669-01-10	正朔一	总章二年	总章元年
0888-12C-04	0669-01-11	正朔一	总章二年	总章元年
0888-12C-05	0669-01-12	正朔一	总章二年	总章元年
0888-12C-06	0669-01-13	正朔一	总章二年	总章元年
0888-12C-07	0669-01-14	正朔一	总章二年	总章元年
0888-12C-08	0669-01-15	正朔一	总章二年	总章元年
0888-12C-09	0669-01-16	正朔一	总章二年	总章元年
0888-12C-10	0669-01-17	正朔一	总章二年	总章元年
0888-12C-11	0669-01-18	正朔一	总章二年	总章元年
0888-12C-12	0669-01-19	正朔一	总章二年	总章元年
0888-12C-13	0669-01-20	正朔一	总章二年	总章元年
0888-12C-14	0669-01-21	正朔一	总章二年	总章元年
0888-12C-15	0669-01-22	正朔一	总章二年	总章元年
0888-12C-16	0669-01-23	正朔一	总章二年	总章元年
0888-12C-17	0669-01-24	正朔一	总章二年	总章元年
0888-12C-18	0669-01-25	正朔一	总章二年	总章元年
0888-12C-19	0669-01-26	正朔一	总章二年	总章元年
0888-12C-20	0669-01-27	正朔一	总章二年	总章元年
0888-12C-21	0669-01-28	正朔一	总章二年	总章元年
0888-12C-22	0669-01-29	正朔一	总章二年	总章元年
0888-12C-23	0669-01-30	正朔一	总章二年	总章元年
0888-12C-24	0669-01-31	正朔一	总章二年	总章元年
0888-12C-25	0669-02-01	正朔一	总章二年	总章元年
0888-12C-26	0669-02-02	正朔一	总章二年	总章元年
0888-12C-27	0669-02-03	正朔一	总章二年	总章元年
0888-12C-28	0669-02-04	正朔一	总章二年	总章元年
0888-12C-29	0669-02-05	正朔一	总章二年	总章元年
0889-12C-04	0670-01-01	正朔一	总章三年	总章二年
0889-12C-05	0670-01-02	正朔一	总章三年	总章二年
0889-12C-06	0670-01-03	正朔一	总章三年	总章二年
0889-12C-07	0670-01-04	正朔一	总章三年	总章二年
0889-12C-08	0670-01-05	正朔一	总章三年	总章二年
0889-12C-09	0670-01-06	正朔一	总章三年	总章二年
0889-12C-10	0670-01-07	正朔一	总章三年	总章二年
0889-12C-11	0670-01-08	正朔一	总章三年	总章二年
0889-12C-12	0670-01-09	正朔一	总章三年	总章二年
0889-12C-13	0670-01-10	正朔一	总章三年	总章二年
0889-12C-14	0670-01-11	正朔一	总章三年	总章二年
0889-12C-15	0670-01-12	正朔一	总章三年	总章二年
0889-12C-16	0670-01-13	正朔一	总章三年	总章二年
0889-12C-17	0670-01-14	正朔一	总章三年	总章二年
0889-12C-18	0670-01-15	正朔一	总章三年	总章二年
0889-12C-19	0670-01-16	正朔一	总章三年	总章二年
0889-12C-20	0670-01-17	正朔一	总章三年	总章二年
0889-12C-21	0670-01-18	正朔一	总章三年	总章二年
0889-12C-22	0670-01-19	正朔一	总章三年	总章二年
0889-12C-23	0670-01-20	正朔一	总章三年	总章二年
0889-12C-24	0670-01-21	正朔一	总章三年	总章二年
0889-12C-25	0670-01-22	正朔一	总章三年	总章二年
0889-12C-26	0670-01-23	正朔一	总章三年	总章二年
0889-12C-27	0670-01-24	正朔一	总章三年	总章二年
0889-12C-28	0670-01-25	正朔一	总章三年	总章二年
0889-12C-29	0670-01-26	正朔一	总章三年	总章二年
0890-11C-15	0671-01-01	正朔一	咸亨二年	咸亨元年
0890-11C-16	0671-01-02	正朔一	咸亨二年	咸亨元年
0890-11C-17	0671-01-03	正朔一	咸亨二年	咸亨元年
0890-11C-18	0671-01-04	正朔一	咸亨二年	咸亨元年
0890-11C-19	0671-01-05	正朔一	咸亨二年	咸亨元年
0890-11C-20	0671-01-06	正朔一	咸亨二年	咸亨元年
0890-11C-21	0671-01-07	正朔一	咸亨二年	咸亨元年
0890-11C-22	0671-01-08	正朔一	咸亨二年	咸亨元年
0890-11C-23	0671-01-09	正朔一	咸亨二年	咸亨元年
0890-11C-24	0671-01-10	正朔一	咸亨二年	咸亨元年
0890-11C-25	0671-01-11	正朔一	咸亨二年	咸亨元年
0890-11C-26	0671-01-12	正朔一	咸亨二年	咸亨元年
0890-11C-27	0671-01-13	正朔一	咸亨二年	咸亨元年
0890-11C-28	0671-01-14	正朔一	咸亨二年	咸亨元年
0890-11C-29	0671-01-15	正朔一	咸亨二年	咸亨元年
0890-11C-30	0671-01-16	正朔一	咸亨二年	咸亨元年
0890-12C-01	0671-01-17	正朔一	咸亨二年	咸亨元年
0890-12C-02	0671-01-18	正朔一	咸亨二年	咸亨元年
0890-12C-03	0671-01-19	正朔一	咸亨二年	咸亨元年
0890-12C-04	0671-01-20	正朔一	咸亨二年	咸亨元年
0890-12C-05	0671-01-21	正朔一	咸亨二年	咸亨元年
0890-12C-06	0671-01-22	正朔一	咸亨二年	咸亨元年
0890-12C-07	0671-01-23	正朔一	咸亨二年	咸亨元年
0890-12C-08	0671-01-24	正朔一	咸亨二年	咸亨元年
0890-12C-09	0671-01-25	正朔一	咸亨二年	咸亨元年
0890-12C-10	0671-01-26	正朔一	咸亨二年	咸亨元年
0890-12C-11	0671-01-27	正朔一	咸亨二年	咸亨元年
0890-12C-12	0671-01-28	正朔一	咸亨二年	咸亨元年
0890-12C-13	0671-01-29	正朔一	咸亨二年	咸亨元年
0890-12C-14	0671-01-30	正朔一	咸亨二年	咸亨元年
0890-12C-15	0671-01-31	正朔一	咸亨二年	咸亨元年
0890-12C-16	0671-02-01	正朔一	咸亨二年	咸亨元年
0890-12C-17	0671-02-02	正朔一	咸亨二年	咸亨元年
0890-12C-18	0671-02-03	正朔一	咸亨二年	咸亨元年
0890-12C-19	0671-02-04	正朔一	咸亨二年	咸亨元年
0890-12C-20	0671-02-05	正朔一	咸亨二年	咸亨元年
0890-12C-21	0671-02-06	正朔一	咸亨二年	咸亨元年
0890-12C-22	0671-02-07	正朔一	咸亨二年	咸亨元年
0890-12C-23	0671-02-08	正朔一	咸亨二年	咸亨元年
0890-12C-24	0671-02-09	正朔一	咸亨二年	咸亨元年
0890-12C-25	0671-02-10	正朔一	咸亨二年	咸亨元年
0890-12C-26	0671-02-11	正朔一	咸亨二年	咸亨元年
0890-12C-27	0671-02-12	正朔一	咸亨二年	咸亨元年
0890-12C-28	0671-02-13	正朔一	咸亨二年	咸亨元年
0890-12C-29	0671-02-14	正朔一	咸亨二年	咸亨元年
0891-11C-26	0672-01-01	正朔一	咸亨三年	咸亨二年
0891-11C-27	0672-01-02	正朔一	咸亨三年	咸亨二年
0891-11C-28	0672-01-03	正朔一	咸亨三年	咸亨二年
0891-11C-29	0672-01-04	正朔一	咸亨三年	咸亨二年
0891-11C-30	0672-01-05	正朔一	咸亨三年	咸亨二年
0891-12C-01	0672-01-06	正朔一	咸亨三年	咸亨二年
0891-12C-02	0672-01-07	正朔一	咸亨三年	咸亨二年
0891-12C-03	0672-01-08	正朔一	咸亨三年	咸亨二年
0891-12C-04	0672-01-09	正朔一	咸亨三年	咸亨二年
0891-12C-05	0672-01-10	正朔一	咸亨三年	咸亨二年
0891-12C-06	0672-01-11	正朔一	咸亨三年	咸亨二年
0891-12C-07	0672-01-12	正朔一	咸亨三年	咸亨二年
0891-12C-08	0672-01-13	正朔一	咸亨三年	咸亨二年
0891-12C-09	0672-01-14	正朔一	咸亨三年	咸亨二年
0891-12C-10	0672-01-15	正朔一	咸亨三年	咸亨二年
0891-12C-11	0672-01-16	正朔一	咸亨三年	咸亨二年
0891-12C-12	0672-01-17	正朔一	咸亨三年	咸亨二年
0891-12C-13	0672-01-18	正朔一	咸亨三年	咸亨二年
0891-12C-14	0672-01-19	正朔一	咸亨三年	咸亨二年
0891-12C-15	0672-01-20	正朔一	咸亨三年	咸亨二年
0891-12C-16	0672-01-21	正朔一	咸亨三年	咸亨二年
0891-12C-17	0672-01-22	正朔一	咸亨三年	咸亨二年
0891-12C-18	0672-01-23	正朔一	咸亨三年	咸亨二年
0891-12C-19	0672-01-24	正朔一	咸亨三年	咸亨二年
0891-12C-20	0672-01-25	正朔一	咸亨三年	咸亨二年
0891-12C-21	0672-01-26	正朔一	咸亨三年	咸亨二年
0891-12C-22	0672-01-27	正朔一	咸亨三年	咸亨二年
0891-12C-23	0672-01-28	正朔一	咸亨三年	咸亨二年
0891-12C-24	0672-01-29	正朔一	咸亨三年	咸亨二年
0891-12C-25	0672-01-30	正朔一	咸亨三年	咸亨二年
0891-12C-26	0672-01-31	正朔一	咸亨三年	咸亨二年
0891-12C-27	0672-02-01	正朔一	咸亨三年	咸亨二年
0891-12C-28	0672-02-02	正朔一	咸亨三年	咸亨二年
0891-12C-29	0672-02-03	正朔一	咸亨三年	咸亨二年
0891-12C-30	0672-02-04	正朔一	咸亨三年	咸亨二年
0892-12C-08	0673-01-01	正朔一	咸亨四年	咸亨三年
0892-12C-09	0673-01-02	正朔一	咸亨四年	咸亨三年
0892-12C-10	0673-01-03	正朔一	咸亨四年	咸亨三年
0892-12C-11	0673-01-04	正朔一	咸亨四年	咸亨三年
0892-12C-12	0673-01-05	正朔一	咸亨四年	咸亨三年
0892-12C-13	0673-01-06	正朔一	咸亨四年	咸亨三年
0892-12C-14	0673-01-07	正朔一	咸亨四年	咸亨三年
0892-12C-15	0673-01-08	正朔一	咸亨四年	咸亨三年
0892-12C-16	0673-01-09	正朔一	咸亨四年	咸亨三年
0892-12C-17	0673-01-10	正朔一	咸亨四年	咸亨三年
0892-12C-18	0673-01-11	正朔一	咸亨四年	咸亨三年
0892-12C-19	0673-01-12	正朔一	咸亨四年	咸亨三年
0892-12C-20	0673-01-13	正朔一	咸亨四年	咸亨三年
0892-12C-21	0673-01-14	正朔一	咸亨四年	咸亨三年
0892-12C-22	0673-01-15	正朔一	咸亨四年	咸亨三年
0892-12C-23	0673-01-16	正朔一	咸亨四年	咸亨三年
0892-12C-24	0673-01-17	正朔一	咸亨四年	咸亨三年
0892-12C-25	0673-01-18	正朔一	咸亨四年	咸亨三年
0892-12C-26	0673-01-19	正朔一	咸亨四年	咸亨三年
0892-12C-27	0673-01-20	正朔一	咸亨四年	咸亨三年
0892-12C-28	0673-01-21	正朔一	咸亨四年	咸亨三年
0892-12C-29	0673-01-22	正朔一	咸亨四年	咸亨三年
0892-12C-30	0673-01-23	正朔一	咸亨四年	咸亨三年
0893-11C-19	0674-01-01	正朔一	咸亨五年	咸亨四年
0893-11C-20	0674-01-02	正朔一	咸亨五年	咸亨四年
0893-11C-21	0674-01-03	正朔一	咸亨五年	咸亨四年
0893-11C-22	0674-01-04	正朔一	咸亨五年	咸亨四年
0893-11C-23	0674-01-05	正朔一	咸亨五年	咸亨四年
0893-11C-24	0674-01-06	正朔一	咸亨五年	咸亨四年
0893-11C-25	0674-01-07	正朔一	咸亨五年	咸亨四年
0893-11C-26	0674-01-08	正朔一	咸亨五年	咸亨四年
0893-11C-27	0674-01-09	正朔一	咸亨五年	咸亨四年
0893-11C-28	0674-01-10	正朔一	咸亨五年	咸亨四年
0893-11C-29	0674-01-11	正朔一	咸亨五年	咸亨四年
0893-11C-30	0674-01-12	正朔一	咸亨五年	咸亨四年
0893-12C-01	0674-01-13	正朔一	咸亨五年	咸亨四年
0893-12C-02	0674-01-14	正朔一	咸亨五年	咸亨四年
0893-12C-03	0674-01-15	正朔一	咸亨五年	咸亨四年
0893-12C-04	0674-01-16	正朔一	咸亨五年	咸亨四年
0893-12C-05	0674-01-17	正朔一	咸亨五年	咸亨四年
0893-12C-06	0674-01-18	正朔一	咸亨五年	咸亨四年
0893-12C-07	0674-01-19	正朔一	咸亨五年	咸亨四年
0893-12C-08	0674-01-20	正朔一	咸亨五年	咸亨四年
0893-12C-09	0674-01-21	正朔一	咸亨五年	咸亨四年
0893-12C-10	0674-01-22	正朔一	咸亨五年	咸亨四年
0893-12C-11	0674-01-23	正朔一	咸亨五年	咸亨四年
0893-12C-12	0674-01-24	正朔一	咸亨五年	咸亨四年
0893-12C-13	0674-01-25	正朔一	咸亨五年	咸亨四年
0893-12C-14	0674-01-26	正朔一	咸亨五年	咸亨四年
0893-12C-15	0674-01-27	正朔一	咸亨五年	咸亨四年
0893-12C-16	0674-01-28	正朔一	咸亨五年	咸亨四年
0893-12C-17	0674-01-29	正朔一	咸亨五年	咸亨四年
0893-12C-18	0674-01-30	正朔一	咸亨五年	咸亨四年
0893-12C-19	0674-01-31	正朔一	咸亨五年	咸亨四年
0893-12C-20	0674-02-01	正朔一	咸亨五年	咸亨四年
0893-12C-21	0674-02-02	正朔一	咸亨五年	咸亨四年
0893-12C-22	0674-02-03	正朔一	咸亨五年	咸亨四年
0893-12C-23	0674-02-04	正朔一	咸亨五年	咸亨四年
0893-12C-24	0674-02-05	正朔一	咸亨五年	咸亨四年
0893-12C-25	0674-02-06	正朔一	咸亨五年	咸亨四年
0893-12C-26	0674-02-07	正朔一	咸亨五年	咸亨四年
0893-12C-27	0674-02-08	正朔一	咸亨五年	咸亨四年
0893-12C-28	0674-02-09	正朔一	咸亨五年	咸亨四年
0893-12C-29	0674-02-10	正朔一	咸亨五年	咸亨四年
0893-12C-30	0674-02-11	正朔一	咸亨五年	咸亨四年
0894-11C-30	0675-01-01	正朔一	上元二年	上元元年
0894-12C-01	0675-01-02	正朔一	上元二年	上元元年
0894-12C-02	0675-01-03	正朔一	上元二年	上元元年
0894-12C-03	0675-01-04	正朔一	上元二年	上元元年
0894-12C-04	0675-01-05	正朔一	上元二年	上元元年
0894-12C-05	0675-01-06	正朔一	上元二年	上元元年
0894-12C-06	0675-01-07	正朔一	上元二年	上元元年
0894-12C-07	0675-01-08	正朔一	上元二年	上元元年
0894-12C-08	0675-01-09	正朔一	上元二年	上元元年
0894-12C-09	0675-01-10	正朔一	上元二年	上元元年
0894-12C-10	0675-01-11	正朔一	上元二年	上元元年
0894-12C-11	0675-01-12	正朔一	上元二年	上元元年
0894-12C-12	0675-01-13	正朔一	上元二年	上元元年
0894-12C-13	0675-01-14	正朔一	上元二年	上元元年
0894-12C-14	0675-01-15	正朔一	上元二年	上元元年
0894-12C-15	0675-01-16	正朔一	上元二年	上元元年
0894-12C-16	0675-01-17	正朔一	上元二年	上元元年
0894-12C-17	0675-01-18	正朔一	上元二年	上元元年
0894-12C-18	0675-01-19	正朔一	上元二年	上元元年
0894-12C-19	0675-01-20	正朔一	上元二年	上元元年
0894-12C-20	0675-01-21	正朔一	上元二年	上元元年
0894-12C-21	0675-01-22	正朔一	上元二年	上元元年
0894-12C-22	0675-01-23	正朔一	上元二年	上元元年
0894-12C-23	0675-01-24	正朔一	上元二年	上元元年
0894-12C-24	0675-01-25	正朔一	上元二年	上元元年
0894-12C-25	0675-01-26	正朔一	上元二年	上元元年
0894-12C-26	0675-01-27	正朔一	上元二年	上元元年
0894-12C-27	0675-01-28	正朔一	上元二年	上元元年
0894-12C-28	0675-01-29	正朔一	上元二年	上元元年
0894-12C-29	0675-01-30	正朔一	上元二年	上元元年
0894-12C-30	0675-01-31	正朔一	上元二年	上元元年
0895-12C-11	0676-01-01	正朔一	上元三年	上元二年
0895-12C-12	0676-01-02	正朔一	上元三年	上元二年
0895-12C-13	0676-01-03	正朔一	上元三年	上元二年
0895-12C-14	0676-01-04	正朔一	上元三年	上元二年
0895-12C-15	0676-01-05	正朔一	上元三年	上元二年
0895-12C-16	0676-01-06	正朔一	上元三年	上元二年
0895-12C-17	0676-01-07	正朔一	上元三年	上元二年
0895-12C-18	0676-01-08	正朔一	上元三年	上元二年
0895-12C-19	0676-01-09	正朔一	上元三年	上元二年
0895-12C-20	0676-01-10	正朔一	上元三年	上元二年
0895-12C-21	0676-01-11	正朔一	上元三年	上元二年
0895-12C-22	0676-01-12	正朔一	上元三年	上元二年
0895-12C-23	0676-01-13	正朔一	上元三年	上元二年
0895-12C-24	0676-01-14	正朔一	上元三年	上元二年
0895-12C-25	0676-01-15	正朔一	上元三年	上元二年
0895-12C-26	0676-01-16	正朔一	上元三年	上元二年
0895-12C-27	0676-01-17	正朔一	上元三年	上元二年
0895-12C-28	0676-01-18	正朔一	上元三年	上元二年
0895-12C-29	0676-01-19	正朔一	上元三年	上元二年
0895-12C-30	0676-01-20	正朔一	上元三年	上元二年
0896-11C-22	0677-01-01	正朔一	仪凤二年	仪凤元年
0896-11C-23	0677-01-02	正朔一	仪凤二年	仪凤元年
0896-11C-24	0677-01-03	正朔一	仪凤二年	仪凤元年
0896-11C-25	0677-01-04	正朔一	仪凤二年	仪凤元年
0896-11C-26	0677-01-05	正朔一	仪凤二年	仪凤元年
0896-11C-27	0677-01-06	正朔一	仪凤二年	仪凤元年
0896-11C-28	0677-01-07	正朔一	仪凤二年	仪凤元年
0896-11C-29	0677-01-08	正朔一	仪凤二年	仪凤元年
0896-12C-01	0677-01-09	正朔一	仪凤二年	仪凤元年
0896-12C-02	0677-01-10	正朔一	仪凤二年	仪凤元年
0896-12C-03	0677-01-11	正朔一	仪凤二年	仪凤元年
0896-12C-04	0677-01-12	正朔一	仪凤二年	仪凤元年
0896-12C-05	0677-01-13	正朔一	仪凤二年	仪凤元年
0896-12C-06	0677-01-14	正朔一	仪凤二年	仪凤元年
0896-12C-07	0677-01-15	正朔一	仪凤二年	仪凤元年
0896-12C-08	0677-01-16	正朔一	仪凤二年	仪凤元年
0896-12C-09	0677-01-17	正朔一	仪凤二年	仪凤元年
0896-12C-10	0677-01-18	正朔一	仪凤二年	仪凤元年
0896-12C-11	0677-01-19	正朔一	仪凤二年	仪凤元年
0896-12C-12	0677-01-20	正朔一	仪凤二年	仪凤元年
0896-12C-13	0677-01-21	正朔一	仪凤二年	仪凤元年
0896-12C-14	0677-01-22	正朔一	仪凤二年	仪凤元年
0896-12C-15	0677-01-23	正朔一	仪凤二年	仪凤元年
0896-12C-16	0677-01-24	正朔一	仪凤二年	仪凤元年
0896-12C-17	0677-01-25	正朔一	仪凤二年	仪凤元年
0896-12C-18	0677-01-26	正朔一	仪凤二年	仪凤元年
0896-12C-19	0677-01-27	正朔一	仪凤二年	仪凤元年
0896-12C-20	0677-01-28	正朔一	仪凤二年	仪凤元年
0896-12C-21	0677-01-29	正朔一	仪凤二年	仪凤元年
0896-12C-22	0677-01-30	正朔一	仪凤二年	仪凤元年
0896-12C-23	0677-01-31	正朔一	仪凤二年	仪凤元年
0896-12C-24	0677-02-01	正朔一	仪凤二年	仪凤元年
0896-12C-25	0677-02-02	正朔一	仪凤二年	仪凤元年
0896-12C-26	0677-02-03	正朔一	仪凤二年	仪凤元年
0896-12C-27	0677-02-04	正朔一	仪凤二年	仪凤元年
0896-12C-28	0677-02-05	正朔一	仪凤二年	仪凤元年
0896-12C-29	0677-02-06	正朔一	仪凤二年	仪凤元年
0896-12C-30	0677-02-07	正朔一	仪凤二年	仪凤元年
0897-12C-03	0678-01-01	正朔一	仪凤三年	仪凤二年
0897-12C-04	0678-01-02	正朔一	仪凤三年	仪凤二年
0897-12C-05	0678-01-03	正朔一	仪凤三年	仪凤二年
0897-12C-06	0678-01-04	正朔一	仪凤三年	仪凤二年
0897-12C-07	0678-01-05	正朔一	仪凤三年	仪凤二年
0897-12C-08	0678-01-06	正朔一	仪凤三年	仪凤二年
0897-12C-09	0678-01-07	正朔一	仪凤三年	仪凤二年
0897-12C-10	0678-01-08	正朔一	仪凤三年	仪凤二年
0897-12C-11	0678-01-09	正朔一	仪凤三年	仪凤二年
0897-12C-12	0678-01-10	正朔一	仪凤三年	仪凤二年
0897-12C-13	0678-01-11	正朔一	仪凤三年	仪凤二年
0897-12C-14	0678-01-12	正朔一	仪凤三年	仪凤二年
0897-12C-15	0678-01-13	正朔一	仪凤三年	仪凤二年
0897-12C-16	0678-01-14	正朔一	仪凤三年	仪凤二年
0897-12C-17	0678-01-15	正朔一	仪凤三年	仪凤二年
0897-12C-18	0678-01-16	正朔一	仪凤三年	仪凤二年
0897-12C-19	0678-01-17	正朔一	仪凤三年	仪凤二年
0897-12C-20	0678-01-18	正朔一	仪凤三年	仪凤二年
0897-12C-21	0678-01-19	正朔一	仪凤三年	仪凤二年
0897-12C-22	0678-01-20	正朔一	仪凤三年	仪凤二年
0897-12C-23	0678-01-21	正朔一	仪凤三年	仪凤二年
0897-12C-24	0678-01-22	正朔一	仪凤三年	仪凤二年
0897-12C-25	0678-01-23	正朔一	仪凤三年	仪凤二年
0897-12C-26	0678-01-24	正朔一	仪凤三年	仪凤二年
0897-12C-27	0678-01-25	正朔一	仪凤三年	仪凤二年
0897-12C-28	0678-01-26	正朔一	仪凤三年	仪凤二年
0897-12C-29	0678-01-27	正朔一	仪凤三年	仪凤二年
0898-11L-14	0679-01-01	正朔一	仪凤四年	仪凤三年
0898-11L-15	0679-01-02	正朔一	仪凤四年	仪凤三年
0898-11L-16	0679-01-03	正朔一	仪凤四年	仪凤三年
0898-11L-17	0679-01-04	正朔一	仪凤四年	仪凤三年
0898-11L-18	0679-01-05	正朔一	仪凤四年	仪凤三年
0898-11L-19	0679-01-06	正朔一	仪凤四年	仪凤三年
0898-11L-20	0679-01-07	正朔一	仪凤四年	仪凤三年
0898-11L-21	0679-01-08	正朔一	仪凤四年	仪凤三年
0898-11L-22	0679-01-09	正朔一	仪凤四年	仪凤三年
0898-11L-23	0679-01-10	正朔一	仪凤四年	仪凤三年
0898-11L-24	0679-01-11	正朔一	仪凤四年	仪凤三年
0898-11L-25	0679-01-12	正朔一	仪凤四年	仪凤三年
0898-11L-26	0679-01-13	正朔一	仪凤四年	仪凤三年
0898-11L-27	0679-01-14	正朔一	仪凤四年	仪凤三年
0898-11L-28	0679-01-15	正朔一	仪凤四年	仪凤三年
0898-11L-29	0679-01-16	正朔一	仪凤四年	仪凤三年
0898-11L-30	0679-01-17	正朔一	仪凤四年	仪凤三年
0898-12C-01	0679-01-18	正朔一	仪凤四年	仪凤三年
0898-12C-02	0679-01-19	正朔一	仪凤四年	仪凤三年
0898-12C-03	0679-01-20	正朔一	仪凤四年	仪凤三年
0898-12C-04	0679-01-21	正朔一	仪凤四年	仪凤三年
0898-12C-05	0679-01-22	正朔一	仪凤四年	仪凤三年
0898-12C-06	0679-01-23	正朔一	仪凤四年	仪凤三年
0898-12C-07	0679-01-24	正朔一	仪凤四年	仪凤三年
0898-12C-08	0679-01-25	正朔一	仪凤四年	仪凤三年
0898-12C-09	0679-01-26	正朔一	仪凤四年	仪凤三年
0898-12C-10	0679-01-27	正朔一	仪凤四年	仪凤三年
0898-12C-11	0679-01-28	正朔一	仪凤四年	仪凤三年
0898-12C-12	0679-01-29	正朔一	仪凤四年	仪凤三年
0898-12C-13	0679-01-30	正朔一	仪凤四年	仪凤三年
0898-12C-14	0679-01-31	正朔一	仪凤四年	仪凤三年
0898-12C-15	0679-02-01	正朔一	仪凤四年	仪凤三年
0898-12C-16	0679-02-02	正朔一	仪凤四年	仪凤三年
0898-12C-17	0679-02-03	正朔一	仪凤四年	仪凤三年
0898-12C-18	0679-02-04	正朔一	仪凤四年	仪凤三年
0898-12C-19	0679-02-05	正朔一	仪凤四年	仪凤三年
0898-12C-20	0679-02-06	正朔一	仪凤四年	仪凤三年
0898-12C-21	0679-02-07	正朔一	仪凤四年	仪凤三年
0898-12C-22	0679-02-08	正朔一	仪凤四年	仪凤三年
0898-12C-23	0679-02-09	正朔一	仪凤四年	仪凤三年
0898-12C-24	0679-02-10	正朔一	仪凤四年	仪凤三年
0898-12C-25	0679-02-11	正朔一	仪凤四年	仪凤三年
0898-12C-26	0679-02-12	正朔一	仪凤四年	仪凤三年
0898-12C-27	0679-02-13	正朔一	仪凤四年	仪凤三年
0898-12C-28	0679-02-14	正朔一	仪凤四年	仪凤三年
0898-12C-29	0679-02-15	正朔一	仪凤四年	仪凤三年
0899-11C-24	0680-01-01	正朔一	调露二年	调露元年
0899-11C-25	0680-01-02	正朔一	调露二年	调露元年
0899-11C-26	0680-01-03	正朔一	调露二年	调露元年
0899-11C-27	0680-01-04	正朔一	调露二年	调露元年
0899-11C-28	0680-01-05	正朔一	调露二年	调露元年
0899-11C-29	0680-01-06	正朔一	调露二年	调露元年
0899-12C-01	0680-01-07	正朔一	调露二年	调露元年
0899-12C-02	0680-01-08	正朔一	调露二年	调露元年
0899-12C-03	0680-01-09	正朔一	调露二年	调露元年
0899-12C-04	0680-01-10	正朔一	调露二年	调露元年
0899-12C-05	0680-01-11	正朔一	调露二年	调露元年
0899-12C-06	0680-01-12	正朔一	调露二年	调露元年
0899-12C-07	0680-01-13	正朔一	调露二年	调露元年
0899-12C-08	0680-01-14	正朔一	调露二年	调露元年
0899-12C-09	0680-01-15	正朔一	调露二年	调露元年
0899-12C-10	0680-01-16	正朔一	调露二年	调露元年
0899-12C-11	0680-01-17	正朔一	调露二年	调露元年
0899-12C-12	0680-01-18	正朔一	调露二年	调露元年
0899-12C-13	0680-01-19	正朔一	调露二年	调露元年
0899-12C-14	0680-01-20	正朔一	调露二年	调露元年
0899-12C-15	0680-01-21	正朔一	调露二年	调露元年
0899-12C-16	0680-01-22	正朔一	调露二年	调露元年
0899-12C-17	0680-01-23	正朔一	调露二年	调露元年
0899-12C-18	0680-01-24	正朔一	调露二年	调露元年
0899-12C-19	0680-01-25	正朔一	调露二年	调露元年
0899-12C-20	0680-01-26	正朔一	调露二年	调露元年
0899-12C-21	0680-01-27	正朔一	调露二年	调露元年
0899-12C-22	0680-01-28	正朔一	调露二年	调露元年
0899-12C-23	0680-01-29	正朔一	调露二年	调露元年
0899-12C-24	0680-01-30	正朔一	调露二年	调露元年
0899-12C-25	0680-01-31	正朔一	调露二年	调露元年
0899-12C-26	0680-02-01	正朔一	调露二年	调露元年
0899-12C-27	0680-02-02	正朔一	调露二年	调露元年
0899-12C-28	0680-02-03	正朔一	调露二年	调露元年
0899-12C-29	0680-02-04	正朔一	调露二年	调露元年
0899-12C-30	0680-02-05	正朔一	调露二年	调露元年
0900-12C-06	0681-01-01	正朔一	永隆二年	永隆元年
0900-12C-07	0681-01-02	正朔一	永隆二年	永隆元年
0900-12C-08	0681-01-03	正朔一	永隆二年	永隆元年
0900-12C-09	0681-01-04	正朔一	永隆二年	永隆元年
0900-12C-10	0681-01-05	正朔一	永隆二年	永隆元年
0900-12C-11	0681-01-06	正朔一	永隆二年	永隆元年
0900-12C-12	0681-01-07	正朔一	永隆二年	永隆元年
0900-12C-13	0681-01-08	正朔一	永隆二年	永隆元年
0900-12C-14	0681-01-09	正朔一	永隆二年	永隆元年
0900-12C-15	0681-01-10	正朔一	永隆二年	永隆元年
0900-12C-16	0681-01-11	正朔一	永隆二年	永隆元年
0900-12C-17	0681-01-12	正朔一	永隆二年	永隆元年
0900-12C-18	0681-01-13	正朔一	永隆二年	永隆元年
0900-12C-19	0681-01-14	正朔一	永隆二年	永隆元年
0900-12C-20	0681-01-15	正朔一	永隆二年	永隆元年
0900-12C-21	0681-01-16	正朔一	永隆二年	永隆元年
0900-12C-22	0681-01-17	正朔一	永隆二年	永隆元年
0900-12C-23	0681-01-18	正朔一	永隆二年	永隆元年
0900-12C-24	0681-01-19	正朔一	永隆二年	永隆元年
0900-12C-25	0681-01-20	正朔一	永隆二年	永隆元年
0900-12C-26	0681-01-21	正朔一	永隆二年	永隆元年
0900-12C-27	0681-01-22	正朔一	永隆二年	永隆元年
0900-12C-28	0681-01-23	正朔一	永隆二年	永隆元年
0900-12C-29	0681-01-24	正朔一	永隆二年	永隆元年
0901-11C-17	0682-01-01	正朔一	开耀二年	开耀元年
0901-11C-18	0682-01-02	正朔一	开耀二年	开耀元年
0901-11C-19	0682-01-03	正朔一	开耀二年	开耀元年
0901-11C-20	0682-01-04	正朔一	开耀二年	开耀元年
0901-11C-21	0682-01-05	正朔一	开耀二年	开耀元年
0901-11C-22	0682-01-06	正朔一	开耀二年	开耀元年
0901-11C-23	0682-01-07	正朔一	开耀二年	开耀元年
0901-11C-24	0682-01-08	正朔一	开耀二年	开耀元年
0901-11C-25	0682-01-09	正朔一	开耀二年	开耀元年
0901-11C-26	0682-01-10	正朔一	开耀二年	开耀元年
0901-11C-27	0682-01-11	正朔一	开耀二年	开耀元年
0901-11C-28	0682-01-12	正朔一	开耀二年	开耀元年
0901-11C-29	0682-01-13	正朔一	开耀二年	开耀元年
0901-11C-30	0682-01-14	正朔一	开耀二年	开耀元年
0901-12C-01	0682-01-15	正朔一	开耀二年	开耀元年
0901-12C-02	0682-01-16	正朔一	开耀二年	开耀元年
0901-12C-03	0682-01-17	正朔一	开耀二年	开耀元年
0901-12C-04	0682-01-18	正朔一	开耀二年	开耀元年
0901-12C-05	0682-01-19	正朔一	开耀二年	开耀元年
0901-12C-06	0682-01-20	正朔一	开耀二年	开耀元年
0901-12C-07	0682-01-21	正朔一	开耀二年	开耀元年
0901-12C-08	0682-01-22	正朔一	开耀二年	开耀元年
0901-12C-09	0682-01-23	正朔一	开耀二年	开耀元年
0901-12C-10	0682-01-24	正朔一	开耀二年	开耀元年
0901-12C-11	0682-01-25	正朔一	开耀二年	开耀元年
0901-12C-12	0682-01-26	正朔一	开耀二年	开耀元年
0901-12C-13	0682-01-27	正朔一	开耀二年	开耀元年
0901-12C-14	0682-01-28	正朔一	开耀二年	开耀元年
0901-12C-15	0682-01-29	正朔一	开耀二年	开耀元年
0901-12C-16	0682-01-30	正朔一	开耀二年	开耀元年
0901-12C-17	0682-01-31	正朔一	开耀二年	开耀元年
0901-12C-18	0682-02-01	正朔一	开耀二年	开耀元年
0901-12C-19	0682-02-02	正朔一	开耀二年	开耀元年
0901-12C-20	0682-02-03	正朔一	开耀二年	开耀元年
0901-12C-21	0682-02-04	正朔一	开耀二年	开耀元年
0901-12C-22	0682-02-05	正朔一	开耀二年	开耀元年
0901-12C-23	0682-02-06	正朔一	开耀二年	开耀元年
0901-12C-24	0682-02-07	正朔一	开耀二年	开耀元年
0901-12C-25	0682-02-08	正朔一	开耀二年	开耀元年
0901-12C-26	0682-02-09	正朔一	开耀二年	开耀元年
0901-12C-27	0682-02-10	正朔一	开耀二年	开耀元年
0901-12C-28	0682-02-11	正朔一	开耀二年	开耀元年
0901-12C-29	0682-02-12	正朔一	开耀二年	开耀元年
0902-11C-28	0683-01-01	正朔一	永淳二年	永淳元年
0902-11C-29	0683-01-02	正朔一	永淳二年	永淳元年
0902-12C-01	0683-01-03	正朔一	永淳二年	永淳元年
0902-12C-02	0683-01-04	正朔一	永淳二年	永淳元年
0902-12C-03	0683-01-05	正朔一	永淳二年	永淳元年
0902-12C-04	0683-01-06	正朔一	永淳二年	永淳元年
0902-12C-05	0683-01-07	正朔一	永淳二年	永淳元年
0902-12C-06	0683-01-08	正朔一	永淳二年	永淳元年
0902-12C-07	0683-01-09	正朔一	永淳二年	永淳元年
0902-12C-08	0683-01-10	正朔一	永淳二年	永淳元年
0902-12C-09	0683-01-11	正朔一	永淳二年	永淳元年
0902-12C-10	0683-01-12	正朔一	永淳二年	永淳元年
0902-12C-11	0683-01-13	正朔一	永淳二年	永淳元年
0902-12C-12	0683-01-14	正朔一	永淳二年	永淳元年
0902-12C-13	0683-01-15	正朔一	永淳二年	永淳元年
0902-12C-14	0683-01-16	正朔一	永淳二年	永淳元年
0902-12C-15	0683-01-17	正朔一	永淳二年	永淳元年
0902-12C-16	0683-01-18	正朔一	永淳二年	永淳元年
0902-12C-17	0683-01-19	正朔一	永淳二年	永淳元年
0902-12C-18	0683-01-20	正朔一	永淳二年	永淳元年
0902-12C-19	0683-01-21	正朔一	永淳二年	永淳元年
0902-12C-20	0683-01-22	正朔一	永淳二年	永淳元年
0902-12C-21	0683-01-23	正朔一	永淳二年	永淳元年
0902-12C-22	0683-01-24	正朔一	永淳二年	永淳元年
0902-12C-23	0683-01-25	正朔一	永淳二年	永淳元年
0902-12C-24	0683-01-26	正朔一	永淳二年	永淳元年
0902-12C-25	0683-01-27	正朔一	永淳二年	永淳元年
0902-12C-26	0683-01-28	正朔一	永淳二年	永淳元年
0902-12C-27	0683-01-29	正朔一	永淳二年	永淳元年
0902-12C-28	0683-01-30	正朔一	永淳二年	永淳元年
0902-12C-29	0683-01-31	正朔一	永淳二年	永淳元年
0902-12C-30	0683-02-01	正朔一	永淳二年	永淳元年
0905-12C-02	0686-01-01	正朔一	垂拱二年	垂拱元年
0905-12C-03	0686-01-02	正朔一	垂拱二年	垂拱元年
0905-12C-04	0686-01-03	正朔一	垂拱二年	垂拱元年
0905-12C-05	0686-01-04	正朔一	垂拱二年	垂拱元年
0905-12C-06	0686-01-05	正朔一	垂拱二年	垂拱元年
0905-12C-07	0686-01-06	正朔一	垂拱二年	垂拱元年
0905-12C-08	0686-01-07	正朔一	垂拱二年	垂拱元年
0905-12C-09	0686-01-08	正朔一	垂拱二年	垂拱元年
0905-12C-10	0686-01-09	正朔一	垂拱二年	垂拱元年
0905-12C-11	0686-01-10	正朔一	垂拱二年	垂拱元年
0905-12C-12	0686-01-11	正朔一	垂拱二年	垂拱元年
0905-12C-13	0686-01-12	正朔一	垂拱二年	垂拱元年
0905-12C-14	0686-01-13	正朔一	垂拱二年	垂拱元年
0905-12C-15	0686-01-14	正朔一	垂拱二年	垂拱元年
0905-12C-16	0686-01-15	正朔一	垂拱二年	垂拱元年
0905-12C-17	0686-01-16	正朔一	垂拱二年	垂拱元年
0905-12C-18	0686-01-17	正朔一	垂拱二年	垂拱元年
0905-12C-19	0686-01-18	正朔一	垂拱二年	垂拱元年
0905-12C-20	0686-01-19	正朔一	垂拱二年	垂拱元年
0905-12C-21	0686-01-20	正朔一	垂拱二年	垂拱元年
0905-12C-22	0686-01-21	正朔一	垂拱二年	垂拱元年
0905-12C-23	0686-01-22	正朔一	垂拱二年	垂拱元年
0905-12C-24	0686-01-23	正朔一	垂拱二年	垂拱元年
0905-12C-25	0686-01-24	正朔一	垂拱二年	垂拱元年
0905-12C-26	0686-01-25	正朔一	垂拱二年	垂拱元年
0905-12C-27	0686-01-26	正朔一	垂拱二年	垂拱元年
0905-12C-28	0686-01-27	正朔一	垂拱二年	垂拱元年
0905-12C-29	0686-01-28	正朔一	垂拱二年	垂拱元年
0905-12C-30	0686-01-29	正朔一	垂拱二年	垂拱元年
0906-12C-12	0687-01-01	正朔一	垂拱三年	垂拱二年
0906-12C-13	0687-01-02	正朔一	垂拱三年	垂拱二年
0906-12C-14	0687-01-03	正朔一	垂拱三年	垂拱二年
0906-12C-15	0687-01-04	正朔一	垂拱三年	垂拱二年
0906-12C-16	0687-01-05	正朔一	垂拱三年	垂拱二年
0906-12C-17	0687-01-06	正朔一	垂拱三年	垂拱二年
0906-12C-18	0687-01-07	正朔一	垂拱三年	垂拱二年
0906-12C-19	0687-01-08	正朔一	垂拱三年	垂拱二年
0906-12C-20	0687-01-09	正朔一	垂拱三年	垂拱二年
0906-12C-21	0687-01-10	正朔一	垂拱三年	垂拱二年
0906-12C-22	0687-01-11	正朔一	垂拱三年	垂拱二年
0906-12C-23	0687-01-12	正朔一	垂拱三年	垂拱二年
0906-12C-24	0687-01-13	正朔一	垂拱三年	垂拱二年
0906-12C-25	0687-01-14	正朔一	垂拱三年	垂拱二年
0906-12C-26	0687-01-15	正朔一	垂拱三年	垂拱二年
0906-12C-27	0687-01-16	正朔一	垂拱三年	垂拱二年
0906-12C-28	0687-01-17	正朔一	垂拱三年	垂拱二年
0906-12C-29	0687-01-18	正朔一	垂拱三年	垂拱二年
0907-11C-23	0688-01-01	正朔一	垂拱四年	垂拱三年
0907-11C-24	0688-01-02	正朔一	垂拱四年	垂拱三年
0907-11C-25	0688-01-03	正朔一	垂拱四年	垂拱三年
0907-11C-26	0688-01-04	正朔一	垂拱四年	垂拱三年
0907-11C-27	0688-01-05	正朔一	垂拱四年	垂拱三年
0907-11C-28	0688-01-06	正朔一	垂拱四年	垂拱三年
0907-11C-29	0688-01-07	正朔一	垂拱四年	垂拱三年
0907-11C-30	0688-01-08	正朔一	垂拱四年	垂拱三年
0907-12C-01	0688-01-09	正朔一	垂拱四年	垂拱三年
0907-12C-02	0688-01-10	正朔一	垂拱四年	垂拱三年
0907-12C-03	0688-01-11	正朔一	垂拱四年	垂拱三年
0907-12C-04	0688-01-12	正朔一	垂拱四年	垂拱三年
0907-12C-05	0688-01-13	正朔一	垂拱四年	垂拱三年
0907-12C-06	0688-01-14	正朔一	垂拱四年	垂拱三年
0907-12C-07	0688-01-15	正朔一	垂拱四年	垂拱三年
0907-12C-08	0688-01-16	正朔一	垂拱四年	垂拱三年
0907-12C-09	0688-01-17	正朔一	垂拱四年	垂拱三年
0907-12C-10	0688-01-18	正朔一	垂拱四年	垂拱三年
0907-12C-11	0688-01-19	正朔一	垂拱四年	垂拱三年
0907-12C-12	0688-01-20	正朔一	垂拱四年	垂拱三年
0907-12C-13	0688-01-21	正朔一	垂拱四年	垂拱三年
0907-12C-14	0688-01-22	正朔一	垂拱四年	垂拱三年
0907-12C-15	0688-01-23	正朔一	垂拱四年	垂拱三年
0907-12C-16	0688-01-24	正朔一	垂拱四年	垂拱三年
0907-12C-17	0688-01-25	正朔一	垂拱四年	垂拱三年
0907-12C-18	0688-01-26	正朔一	垂拱四年	垂拱三年
0907-12C-19	0688-01-27	正朔一	垂拱四年	垂拱三年
0907-12C-20	0688-01-28	正朔一	垂拱四年	垂拱三年
0907-12C-21	0688-01-29	正朔一	垂拱四年	垂拱三年
0907-12C-22	0688-01-30	正朔一	垂拱四年	垂拱三年
0907-12C-23	0688-01-31	正朔一	垂拱四年	垂拱三年
0907-12C-24	0688-02-01	正朔一	垂拱四年	垂拱三年
0907-12C-25	0688-02-02	正朔一	垂拱四年	垂拱三年
0907-12C-26	0688-02-03	正朔一	垂拱四年	垂拱三年
0907-12C-27	0688-02-04	正朔一	垂拱四年	垂拱三年
0907-12C-28	0688-02-05	正朔一	垂拱四年	垂拱三年
0907-12C-29	0688-02-06	正朔一	垂拱四年	垂拱三年
0910-11C-15	0690-01-01	正朔一	载初二年	载初元年
0910-11C-16	0690-01-02	正朔一	载初二年	载初元年
0910-11C-17	0690-01-03	正朔一	载初二年	载初元年
0910-11C-18	0690-01-04	正朔一	载初二年	载初元年
0910-11C-19	0690-01-05	正朔一	载初二年	载初元年
0910-11C-20	0690-01-06	正朔一	载初二年	载初元年
0910-11C-21	0690-01-07	正朔一	载初二年	载初元年
0910-11C-22	0690-01-08	正朔一	载初二年	载初元年
0910-11C-23	0690-01-09	正朔一	载初二年	载初元年
0910-11C-24	0690-01-10	正朔一	载初二年	载初元年
0910-11C-25	0690-01-11	正朔一	载初二年	载初元年
0910-11C-26	0690-01-12	正朔一	载初二年	载初元年
0910-11C-27	0690-01-13	正朔一	载初二年	载初元年
0910-11C-28	0690-01-14	正朔一	载初二年	载初元年
0910-11C-29	0690-01-15	正朔一	载初二年	载初元年
0910-12C-01	0690-01-16	正朔一	载初二年	载初元年
0910-12C-02	0690-01-17	正朔一	载初二年	载初元年
0910-12C-03	0690-01-18	正朔一	载初二年	载初元年
0910-12C-04	0690-01-19	正朔一	载初二年	载初元年
0910-12C-05	0690-01-20	正朔一	载初二年	载初元年
0910-12C-06	0690-01-21	正朔一	载初二年	载初元年
0910-12C-07	0690-01-22	正朔一	载初二年	载初元年
0910-12C-08	0690-01-23	正朔一	载初二年	载初元年
0910-12C-09	0690-01-24	正朔一	载初二年	载初元年
0910-12C-10	0690-01-25	正朔一	载初二年	载初元年
0910-12C-11	0690-01-26	正朔一	载初二年	载初元年
0910-12C-12	0690-01-27	正朔一	载初二年	载初元年
0910-12C-13	0690-01-28	正朔一	载初二年	载初元年
0910-12C-14	0690-01-29	正朔一	载初二年	载初元年
0910-12C-15	0690-01-30	正朔一	载初二年	载初元年
0910-12C-16	0690-01-31	正朔一	载初二年	载初元年
0910-12C-17	0690-02-01	正朔一	载初二年	载初元年
0910-12C-18	0690-02-02	正朔一	载初二年	载初元年
0910-12C-19	0690-02-03	正朔一	载初二年	载初元年
0910-12C-20	0690-02-04	正朔一	载初二年	载初元年
0910-12C-21	0690-02-05	正朔一	载初二年	载初元年
0910-12C-22	0690-02-06	正朔一	载初二年	载初元年
0910-12C-23	0690-02-07	正朔一	载初二年	载初元年
0910-12C-24	0690-02-08	正朔一	载初二年	载初元年
0910-12C-25	0690-02-09	正朔一	载初二年	载初元年
0910-12C-26	0690-02-10	正朔一	载初二年	载初元年
0910-12C-27	0690-02-11	正朔一	载初二年	载初元年
0910-12C-28	0690-02-12	正朔一	载初二年	载初元年
0910-12C-29	0690-02-13	正朔一	载初二年	载初元年
0910-12C-30	0690-02-14	正朔一	载初二年	载初元年
0911-11C-27	0691-01-01	正朔一	天授二年	天授元年
0911-11C-28	0691-01-02	正朔一	天授二年	天授元年
0911-11C-29	0691-01-03	正朔一	天授二年	天授元年
0911-11C-30	0691-01-04	正朔一	天授二年	天授元年
0911-12C-01	0691-01-05	正朔一	天授二年	天授元年
0911-12C-02	0691-01-06	正朔一	天授二年	天授元年
0911-12C-03	0691-01-07	正朔一	天授二年	天授元年
0911-12C-04	0691-01-08	正朔一	天授二年	天授元年
0911-12C-05	0691-01-09	正朔一	天授二年	天授元年
0911-12C-06	0691-01-10	正朔一	天授二年	天授元年
0911-12C-07	0691-01-11	正朔一	天授二年	天授元年
0911-12C-08	0691-01-12	正朔一	天授二年	天授元年
0911-12C-09	0691-01-13	正朔一	天授二年	天授元年
0911-12C-10	0691-01-14	正朔一	天授二年	天授元年
0911-12C-11	0691-01-15	正朔一	天授二年	天授元年
0911-12C-12	0691-01-16	正朔一	天授二年	天授元年
0911-12C-13	0691-01-17	正朔一	天授二年	天授元年
0911-12C-14	0691-01-18	正朔一	天授二年	天授元年
0911-12C-15	0691-01-19	正朔一	天授二年	天授元年
0911-12C-16	0691-01-20	正朔一	天授二年	天授元年
0911-12C-17	0691-01-21	正朔一	天授二年	天授元年
0911-12C-18	0691-01-22	正朔一	天授二年	天授元年
0911-12C-19	0691-01-23	正朔一	天授二年	天授元年
0911-12C-20	0691-01-24	正朔一	天授二年	天授元年
0911-12C-21	0691-01-25	正朔一	天授二年	天授元年
0911-12C-22	0691-01-26	正朔一	天授二年	天授元年
0911-12C-23	0691-01-27	正朔一	天授二年	天授元年
0911-12C-24	0691-01-28	正朔一	天授二年	天授元年
0911-12C-25	0691-01-29	正朔一	天授二年	天授元年
0911-12C-26	0691-01-30	正朔一	天授二年	天授元年
0911-12C-27	0691-01-31	正朔一	天授二年	天授元年
0911-12C-28	0691-02-01	正朔一	天授二年	天授元年
0911-12C-29	0691-02-02	正朔一	天授二年	天授元年
0911-12C-30	0691-02-03	正朔一	天授二年	天授元年
0912-12C-08	0692-01-01	正朔一	天授三年	天授二年
0912-12C-09	0692-01-02	正朔一	天授三年	天授二年
0912-12C-10	0692-01-03	正朔一	天授三年	天授二年
0912-12C-11	0692-01-04	正朔一	天授三年	天授二年
0912-12C-12	0692-01-05	正朔一	天授三年	天授二年
0912-12C-13	0692-01-06	正朔一	天授三年	天授二年
0912-12C-14	0692-01-07	正朔一	天授三年	天授二年
0912-12C-15	0692-01-08	正朔一	天授三年	天授二年
0912-12C-16	0692-01-09	正朔一	天授三年	天授二年
0912-12C-17	0692-01-10	正朔一	天授三年	天授二年
0912-12C-18	0692-01-11	正朔一	天授三年	天授二年
0912-12C-19	0692-01-12	正朔一	天授三年	天授二年
0912-12C-20	0692-01-13	正朔一	天授三年	天授二年
0912-12C-21	0692-01-14	正朔一	天授三年	天授二年
0912-12C-22	0692-01-15	正朔一	天授三年	天授二年
0912-12C-23	0692-01-16	正朔一	天授三年	天授二年
0912-12C-24	0692-01-17	正朔一	天授三年	天授二年
0912-12C-25	0692-01-18	正朔一	天授三年	天授二年
0912-12C-26	0692-01-19	正朔一	天授三年	天授二年
0912-12C-27	0692-01-20	正朔一	天授三年	天授二年
0912-12C-28	0692-01-21	正朔一	天授三年	天授二年
0912-12C-29	0692-01-22	正朔一	天授三年	天授二年
0912-12C-30	0692-01-23	正朔一	天授三年	天授二年
0913-11C-19	0693-01-01	正朔一	长寿二年	长寿元年
0913-11C-20	0693-01-02	正朔一	长寿二年	长寿元年
0913-11C-21	0693-01-03	正朔一	长寿二年	长寿元年
0913-11C-22	0693-01-04	正朔一	长寿二年	长寿元年
0913-11C-23	0693-01-05	正朔一	长寿二年	长寿元年
0913-11C-24	0693-01-06	正朔一	长寿二年	长寿元年
0913-11C-25	0693-01-07	正朔一	长寿二年	长寿元年
0913-11C-26	0693-01-08	正朔一	长寿二年	长寿元年
0913-11C-27	0693-01-09	正朔一	长寿二年	长寿元年
0913-11C-28	0693-01-10	正朔一	长寿二年	长寿元年
0913-11C-29	0693-01-11	正朔一	长寿二年	长寿元年
0913-12C-01	0693-01-12	正朔一	长寿二年	长寿元年
0913-12C-02	0693-01-13	正朔一	长寿二年	长寿元年
0913-12C-03	0693-01-14	正朔一	长寿二年	长寿元年
0913-12C-04	0693-01-15	正朔一	长寿二年	长寿元年
0913-12C-05	0693-01-16	正朔一	长寿二年	长寿元年
0913-12C-06	0693-01-17	正朔一	长寿二年	长寿元年
0913-12C-07	0693-01-18	正朔一	长寿二年	长寿元年
0913-12C-08	0693-01-19	正朔一	长寿二年	长寿元年
0913-12C-09	0693-01-20	正朔一	长寿二年	长寿元年
0913-12C-10	0693-01-21	正朔一	长寿二年	长寿元年
0913-12C-11	0693-01-22	正朔一	长寿二年	长寿元年
0913-12C-12	0693-01-23	正朔一	长寿二年	长寿元年
0913-12C-13	0693-01-24	正朔一	长寿二年	长寿元年
0913-12C-14	0693-01-25	正朔一	长寿二年	长寿元年
0913-12C-15	0693-01-26	正朔一	长寿二年	长寿元年
0913-12C-16	0693-01-27	正朔一	长寿二年	长寿元年
0913-12C-17	0693-01-28	正朔一	长寿二年	长寿元年
0913-12C-18	0693-01-29	正朔一	长寿二年	长寿元年
0913-12C-19	0693-01-30	正朔一	长寿二年	长寿元年
0913-12C-20	0693-01-31	正朔一	长寿二年	长寿元年
0913-12C-21	0693-02-01	正朔一	长寿二年	长寿元年
0913-12C-22	0693-02-02	正朔一	长寿二年	长寿元年
0913-12C-23	0693-02-03	正朔一	长寿二年	长寿元年
0913-12C-24	0693-02-04	正朔一	长寿二年	长寿元年
0913-12C-25	0693-02-05	正朔一	长寿二年	长寿元年
0913-12C-26	0693-02-06	正朔一	长寿二年	长寿元年
0913-12C-27	0693-02-07	正朔一	长寿二年	长寿元年
0913-12C-28	0693-02-08	正朔一	长寿二年	长寿元年
0913-12C-29	0693-02-09	正朔一	长寿二年	长寿元年
0913-12C-30	0693-02-10	正朔一	长寿二年	长寿元年
0914-11C-30	0694-01-01	正朔一	长寿三年	长寿二年
0914-12C-01	0694-01-02	正朔一	长寿三年	长寿二年
0914-12C-02	0694-01-03	正朔一	长寿三年	长寿二年
0914-12C-03	0694-01-04	正朔一	长寿三年	长寿二年
0914-12C-04	0694-01-05	正朔一	长寿三年	长寿二年
0914-12C-05	0694-01-06	正朔一	长寿三年	长寿二年
0914-12C-06	0694-01-07	正朔一	长寿三年	长寿二年
0914-12C-07	0694-01-08	正朔一	长寿三年	长寿二年
0914-12C-08	0694-01-09	正朔一	长寿三年	长寿二年
0914-12C-09	0694-01-10	正朔一	长寿三年	长寿二年
0914-12C-10	0694-01-11	正朔一	长寿三年	长寿二年
0914-12C-11	0694-01-12	正朔一	长寿三年	长寿二年
0914-12C-12	0694-01-13	正朔一	长寿三年	长寿二年
0914-12C-13	0694-01-14	正朔一	长寿三年	长寿二年
0914-12C-14	0694-01-15	正朔一	长寿三年	长寿二年
0914-12C-15	0694-01-16	正朔一	长寿三年	长寿二年
0914-12C-16	0694-01-17	正朔一	长寿三年	长寿二年
0914-12C-17	0694-01-18	正朔一	长寿三年	长寿二年
0914-12C-18	0694-01-19	正朔一	长寿三年	长寿二年
0914-12C-19	0694-01-20	正朔一	长寿三年	长寿二年
0914-12C-20	0694-01-21	正朔一	长寿三年	长寿二年
0914-12C-21	0694-01-22	正朔一	长寿三年	长寿二年
0914-12C-22	0694-01-23	正朔一	长寿三年	长寿二年
0914-12C-23	0694-01-24	正朔一	长寿三年	长寿二年
0914-12C-24	0694-01-25	正朔一	长寿三年	长寿二年
0914-12C-25	0694-01-26	正朔一	长寿三年	长寿二年
0914-12C-26	0694-01-27	正朔一	长寿三年	长寿二年
0914-12C-27	0694-01-28	正朔一	长寿三年	长寿二年
0914-12C-28	0694-01-29	正朔一	长寿三年	长寿二年
0914-12C-29	0694-01-30	正朔一	长寿三年	长寿二年
0916-11C-21	0696-01-01	正朔一	天册万岁二年	天册万岁元年
0916-11C-22	0696-01-02	正朔一	天册万岁二年	天册万岁元年
0916-11C-23	0696-01-03	正朔一	天册万岁二年	天册万岁元年
0916-11C-24	0696-01-04	正朔一	天册万岁二年	天册万岁元年
0916-11C-25	0696-01-05	正朔一	天册万岁二年	天册万岁元年
0916-11C-26	0696-01-06	正朔一	天册万岁二年	天册万岁元年
0916-11C-27	0696-01-07	正朔一	天册万岁二年	天册万岁元年
0916-11C-28	0696-01-08	正朔一	天册万岁二年	天册万岁元年
0916-11C-29	0696-01-09	正朔一	天册万岁二年	天册万岁元年
0916-12C-01	0696-01-10	正朔一	天册万岁二年	天册万岁元年
0916-12C-02	0696-01-11	正朔一	天册万岁二年	天册万岁元年
0916-12C-03	0696-01-12	正朔一	天册万岁二年	天册万岁元年
0916-12C-04	0696-01-13	正朔一	天册万岁二年	天册万岁元年
0916-12C-05	0696-01-14	正朔一	天册万岁二年	天册万岁元年
0916-12C-06	0696-01-15	正朔一	天册万岁二年	天册万岁元年
0916-12C-07	0696-01-16	正朔一	天册万岁二年	天册万岁元年
0916-12C-08	0696-01-17	正朔一	天册万岁二年	天册万岁元年
0916-12C-09	0696-01-18	正朔一	天册万岁二年	天册万岁元年
0916-12C-10	0696-01-19	正朔一	天册万岁二年	天册万岁元年
0917-12C-03	0697-01-01	正朔一	万岁通天二年	万岁通天元年
0917-12C-04	0697-01-02	正朔一	万岁通天二年	万岁通天元年
0917-12C-05	0697-01-03	正朔一	万岁通天二年	万岁通天元年
0917-12C-06	0697-01-04	正朔一	万岁通天二年	万岁通天元年
0917-12C-07	0697-01-05	正朔一	万岁通天二年	万岁通天元年
0917-12C-08	0697-01-06	正朔一	万岁通天二年	万岁通天元年
0917-12C-09	0697-01-07	正朔一	万岁通天二年	万岁通天元年
0917-12C-10	0697-01-08	正朔一	万岁通天二年	万岁通天元年
0917-12C-11	0697-01-09	正朔一	万岁通天二年	万岁通天元年
0917-12C-12	0697-01-10	正朔一	万岁通天二年	万岁通天元年
0917-12C-13	0697-01-11	正朔一	万岁通天二年	万岁通天元年
0917-12C-14	0697-01-12	正朔一	万岁通天二年	万岁通天元年
0917-12C-15	0697-01-13	正朔一	万岁通天二年	万岁通天元年
0917-12C-16	0697-01-14	正朔一	万岁通天二年	万岁通天元年
0917-12C-17	0697-01-15	正朔一	万岁通天二年	万岁通天元年
0917-12C-18	0697-01-16	正朔一	万岁通天二年	万岁通天元年
0917-12C-19	0697-01-17	正朔一	万岁通天二年	万岁通天元年
0917-12C-20	0697-01-18	正朔一	万岁通天二年	万岁通天元年
0917-12C-21	0697-01-19	正朔一	万岁通天二年	万岁通天元年
0917-12C-22	0697-01-20	正朔一	万岁通天二年	万岁通天元年
0917-12C-23	0697-01-21	正朔一	万岁通天二年	万岁通天元年
0917-12C-24	0697-01-22	正朔一	万岁通天二年	万岁通天元年
0917-12C-25	0697-01-23	正朔一	万岁通天二年	万岁通天元年
0917-12C-26	0697-01-24	正朔一	万岁通天二年	万岁通天元年
0917-12C-27	0697-01-25	正朔一	万岁通天二年	万岁通天元年
0917-12C-28	0697-01-26	正朔一	万岁通天二年	万岁通天元年
0917-12C-29	0697-01-27	正朔一	万岁通天二年	万岁通天元年
0919-11C-25	0699-01-01	正朔一	圣曆二年	圣曆元年
0919-11C-26	0699-01-02	正朔一	圣曆二年	圣曆元年
0919-11C-27	0699-01-03	正朔一	圣曆二年	圣曆元年
0919-11C-28	0699-01-04	正朔一	圣曆二年	圣曆元年
0919-11C-29	0699-01-05	正朔一	圣曆二年	圣曆元年
0919-11C-30	0699-01-06	正朔一	圣曆二年	圣曆元年
0919-12C-01	0699-01-07	正朔一	圣曆二年	圣曆元年
0919-12C-02	0699-01-08	正朔一	圣曆二年	圣曆元年
0919-12C-03	0699-01-09	正朔一	圣曆二年	圣曆元年
0919-12C-04	0699-01-10	正朔一	圣曆二年	圣曆元年
0919-12C-05	0699-01-11	正朔一	圣曆二年	圣曆元年
0919-12C-06	0699-01-12	正朔一	圣曆二年	圣曆元年
0919-12C-07	0699-01-13	正朔一	圣曆二年	圣曆元年
0919-12C-08	0699-01-14	正朔一	圣曆二年	圣曆元年
0919-12C-09	0699-01-15	正朔一	圣曆二年	圣曆元年
0919-12C-10	0699-01-16	正朔一	圣曆二年	圣曆元年
0919-12C-11	0699-01-17	正朔一	圣曆二年	圣曆元年
0919-12C-12	0699-01-18	正朔一	圣曆二年	圣曆元年
0919-12C-13	0699-01-19	正朔一	圣曆二年	圣曆元年
0919-12C-14	0699-01-20	正朔一	圣曆二年	圣曆元年
0919-12C-15	0699-01-21	正朔一	圣曆二年	圣曆元年
0919-12C-16	0699-01-22	正朔一	圣曆二年	圣曆元年
0919-12C-17	0699-01-23	正朔一	圣曆二年	圣曆元年
0919-12C-18	0699-01-24	正朔一	圣曆二年	圣曆元年
0919-12C-19	0699-01-25	正朔一	圣曆二年	圣曆元年
0919-12C-20	0699-01-26	正朔一	圣曆二年	圣曆元年
0919-12C-21	0699-01-27	正朔一	圣曆二年	圣曆元年
0919-12C-22	0699-01-28	正朔一	圣曆二年	圣曆元年
0919-12C-23	0699-01-29	正朔一	圣曆二年	圣曆元年
0919-12C-24	0699-01-30	正朔一	圣曆二年	圣曆元年
0919-12C-25	0699-01-31	正朔一	圣曆二年	圣曆元年
0919-12C-26	0699-02-01	正朔一	圣曆二年	圣曆元年
0919-12C-27	0699-02-02	正朔一	圣曆二年	圣曆元年
0919-12C-28	0699-02-03	正朔一	圣曆二年	圣曆元年
0919-12C-29	0699-02-04	正朔一	圣曆二年	圣曆元年
0919-12C-30	0699-02-05	正朔一	圣曆二年	圣曆元年
0920-12C-06	0700-01-01	正朔一	圣曆三年	圣曆二年
0920-12C-07	0700-01-02	正朔一	圣曆三年	圣曆二年
0920-12C-08	0700-01-03	正朔一	圣曆三年	圣曆二年
0920-12C-09	0700-01-04	正朔一	圣曆三年	圣曆二年
0920-12C-10	0700-01-05	正朔一	圣曆三年	圣曆二年
0920-12C-11	0700-01-06	正朔一	圣曆三年	圣曆二年
0920-12C-12	0700-01-07	正朔一	圣曆三年	圣曆二年
0920-12C-13	0700-01-08	正朔一	圣曆三年	圣曆二年
0920-12C-14	0700-01-09	正朔一	圣曆三年	圣曆二年
0920-12C-15	0700-01-10	正朔一	圣曆三年	圣曆二年
0920-12C-16	0700-01-11	正朔一	圣曆三年	圣曆二年
0920-12C-17	0700-01-12	正朔一	圣曆三年	圣曆二年
0920-12C-18	0700-01-13	正朔一	圣曆三年	圣曆二年
0920-12C-19	0700-01-14	正朔一	圣曆三年	圣曆二年
0920-12C-20	0700-01-15	正朔一	圣曆三年	圣曆二年
0920-12C-21	0700-01-16	正朔一	圣曆三年	圣曆二年
0920-12C-22	0700-01-17	正朔一	圣曆三年	圣曆二年
0920-12C-23	0700-01-18	正朔一	圣曆三年	圣曆二年
0920-12C-24	0700-01-19	正朔一	圣曆三年	圣曆二年
0920-12C-25	0700-01-20	正朔一	圣曆三年	圣曆二年
0920-12C-26	0700-01-21	正朔一	圣曆三年	圣曆二年
0920-12C-27	0700-01-22	正朔一	圣曆三年	圣曆二年
0920-12C-28	0700-01-23	正朔一	圣曆三年	圣曆二年
0920-12C-29	0700-01-24	正朔一	圣曆三年	圣曆二年
0920-12C-30	0700-01-25	正朔一	圣曆三年	圣曆二年
0920-11C-18	0701-01-01	正朔一	久视二年	久视元年
0920-11C-19	0701-01-02	正朔一	久视二年	久视元年
0920-11C-20	0701-01-03	正朔一	久视二年	久视元年
0920-11C-21	0701-01-04	正朔一	久视二年	久视元年
0920-11C-22	0701-01-05	正朔一	久视二年	久视元年
0920-11C-23	0701-01-06	正朔一	久视二年	久视元年
0920-11C-24	0701-01-07	正朔一	久视二年	久视元年
0920-11C-25	0701-01-08	正朔一	久视二年	久视元年
0920-11C-26	0701-01-09	正朔一	久视二年	久视元年
0920-11C-27	0701-01-10	正朔一	久视二年	久视元年
0920-11C-28	0701-01-11	正朔一	久视二年	久视元年
0920-11C-29	0701-01-12	正朔一	久视二年	久视元年
0920-11C-30	0701-01-13	正朔一	久视二年	久视元年
0920-12C-01	0701-01-14	正朔一	久视二年	久视元年
0920-12C-02	0701-01-15	正朔一	久视二年	久视元年
0920-12C-03	0701-01-16	正朔一	久视二年	久视元年
0920-12C-04	0701-01-17	正朔一	久视二年	久视元年
0920-12C-05	0701-01-18	正朔一	久视二年	久视元年
0920-12C-06	0701-01-19	正朔一	久视二年	久视元年
0920-12C-07	0701-01-20	正朔一	久视二年	久视元年
0920-12C-08	0701-01-21	正朔一	久视二年	久视元年
0920-12C-09	0701-01-22	正朔一	久视二年	久视元年
0920-12C-10	0701-01-23	正朔一	久视二年	久视元年
0920-12C-11	0701-01-24	正朔一	久视二年	久视元年
0920-12C-12	0701-01-25	正朔一	久视二年	久视元年
0920-12C-13	0701-01-26	正朔一	久视二年	久视元年
0920-12C-14	0701-01-27	正朔一	久视二年	久视元年
0920-12C-15	0701-01-28	正朔一	久视二年	久视元年
0920-12C-16	0701-01-29	正朔一	久视二年	久视元年
0920-12C-17	0701-01-30	正朔一	久视二年	久视元年
0920-12C-18	0701-01-31	正朔一	久视二年	久视元年
0920-12C-19	0701-02-01	正朔一	久视二年	久视元年
0920-12C-20	0701-02-02	正朔一	久视二年	久视元年
0920-12C-21	0701-02-03	正朔一	久视二年	久视元年
0920-12C-22	0701-02-04	正朔一	久视二年	久视元年
0920-12C-23	0701-02-05	正朔一	久视二年	久视元年
0920-12C-24	0701-02-06	正朔一	久视二年	久视元年
0920-12C-25	0701-02-07	正朔一	久视二年	久视元年
0920-12C-26	0701-02-08	正朔一	久视二年	久视元年
0920-12C-27	0701-02-09	正朔一	久视二年	久视元年
0920-12C-28	0701-02-10	正朔一	久视二年	久视元年
0920-12C-29	0701-02-11	正朔一	久视二年	久视元年
0920-12C-30	0701-02-12	正朔一	久视二年	久视元年
0921-11C-29	0702-01-01	正朔一	长安二年	长安元年
0921-11C-30	0702-01-02	正朔一	长安二年	长安元年
0921-12C-01	0702-01-03	正朔一	长安二年	长安元年
0921-12C-02	0702-01-04	正朔一	长安二年	长安元年
0921-12C-03	0702-01-05	正朔一	长安二年	长安元年
0921-12C-04	0702-01-06	正朔一	长安二年	长安元年
0921-12C-05	0702-01-07	正朔一	长安二年	长安元年
0921-12C-06	0702-01-08	正朔一	长安二年	长安元年
0921-12C-07	0702-01-09	正朔一	长安二年	长安元年
0921-12C-08	0702-01-10	正朔一	长安二年	长安元年
0921-12C-09	0702-01-11	正朔一	长安二年	长安元年
0921-12C-10	0702-01-12	正朔一	长安二年	长安元年
0921-12C-11	0702-01-13	正朔一	长安二年	长安元年
0921-12C-12	0702-01-14	正朔一	长安二年	长安元年
0921-12C-13	0702-01-15	正朔一	长安二年	长安元年
0921-12C-14	0702-01-16	正朔一	长安二年	长安元年
0921-12C-15	0702-01-17	正朔一	长安二年	长安元年
0921-12C-16	0702-01-18	正朔一	长安二年	长安元年
0921-12C-17	0702-01-19	正朔一	长安二年	长安元年
0921-12C-18	0702-01-20	正朔一	长安二年	长安元年
0921-12C-19	0702-01-21	正朔一	长安二年	长安元年
0921-12C-20	0702-01-22	正朔一	长安二年	长安元年
0921-12C-21	0702-01-23	正朔一	长安二年	长安元年
0921-12C-22	0702-01-24	正朔一	长安二年	长安元年
0921-12C-23	0702-01-25	正朔一	长安二年	长安元年
0921-12C-24	0702-01-26	正朔一	长安二年	长安元年
0921-12C-25	0702-01-27	正朔一	长安二年	长安元年
0921-12C-26	0702-01-28	正朔一	长安二年	长安元年
0921-12C-27	0702-01-29	正朔一	长安二年	长安元年
0921-12C-28	0702-01-30	正朔一	长安二年	长安元年
0921-12C-29	0702-01-31	正朔一	长安二年	长安元年
0921-12C-30	0702-02-01	正朔一	长安二年	长安元年
0922-12C-10	0703-01-01	正朔一	长安三年	长安二年
0922-12C-11	0703-01-02	正朔一	长安三年	长安二年
0922-12C-12	0703-01-03	正朔一	长安三年	长安二年
0922-12C-13	0703-01-04	正朔一	长安三年	长安二年
0922-12C-14	0703-01-05	正朔一	长安三年	长安二年
0922-12C-15	0703-01-06	正朔一	长安三年	长安二年
0922-12C-16	0703-01-07	正朔一	长安三年	长安二年
0922-12C-17	0703-01-08	正朔一	长安三年	长安二年
0922-12C-18	0703-01-09	正朔一	长安三年	长安二年
0922-12C-19	0703-01-10	正朔一	长安三年	长安二年
0922-12C-20	0703-01-11	正朔一	长安三年	长安二年
0922-12C-21	0703-01-12	正朔一	长安三年	长安二年
0922-12C-22	0703-01-13	正朔一	长安三年	长安二年
0922-12C-23	0703-01-14	正朔一	长安三年	长安二年
0922-12C-24	0703-01-15	正朔一	长安三年	长安二年
0922-12C-25	0703-01-16	正朔一	长安三年	长安二年
0922-12C-26	0703-01-17	正朔一	长安三年	长安二年
0922-12C-27	0703-01-18	正朔一	长安三年	长安二年
0922-12C-28	0703-01-19	正朔一	长安三年	长安二年
0922-12C-29	0703-01-20	正朔一	长安三年	长安二年
0922-12C-30	0703-01-21	正朔一	长安三年	长安二年
0923-11C-20	0704-01-01	正朔一	长安四年	长安三年
0923-11C-21	0704-01-02	正朔一	长安四年	长安三年
0923-11C-22	0704-01-03	正朔一	长安四年	长安三年
0923-11C-23	0704-01-04	正朔一	长安四年	长安三年
0923-11C-24	0704-01-05	正朔一	长安四年	长安三年
0923-11C-25	0704-01-06	正朔一	长安四年	长安三年
0923-11C-26	0704-01-07	正朔一	长安四年	长安三年
0923-11C-27	0704-01-08	正朔一	长安四年	长安三年
0923-11C-28	0704-01-09	正朔一	长安四年	长安三年
0923-11C-29	0704-01-10	正朔一	长安四年	长安三年
0923-11C-30	0704-01-11	正朔一	长安四年	长安三年
0923-12C-01	0704-01-12	正朔一	长安四年	长安三年
0923-12C-02	0704-01-13	正朔一	长安四年	长安三年
0923-12C-03	0704-01-14	正朔一	长安四年	长安三年
0923-12C-04	0704-01-15	正朔一	长安四年	长安三年
0923-12C-05	0704-01-16	正朔一	长安四年	长安三年
0923-12C-06	0704-01-17	正朔一	长安四年	长安三年
0923-12C-07	0704-01-18	正朔一	长安四年	长安三年
0923-12C-08	0704-01-19	正朔一	长安四年	长安三年
0923-12C-09	0704-01-20	正朔一	长安四年	长安三年
0923-12C-10	0704-01-21	正朔一	长安四年	长安三年
0923-12C-11	0704-01-22	正朔一	长安四年	长安三年
0923-12C-12	0704-01-23	正朔一	长安四年	长安三年
0923-12C-13	0704-01-24	正朔一	长安四年	长安三年
0923-12C-14	0704-01-25	正朔一	长安四年	长安三年
0923-12C-15	0704-01-26	正朔一	长安四年	长安三年
0923-12C-16	0704-01-27	正朔一	长安四年	长安三年
0923-12C-17	0704-01-28	正朔一	长安四年	长安三年
0923-12C-18	0704-01-29	正朔一	长安四年	长安三年
0923-12C-19	0704-01-30	正朔一	长安四年	长安三年
0923-12C-20	0704-01-31	正朔一	长安四年	长安三年
0923-12C-21	0704-02-01	正朔一	长安四年	长安三年
0923-12C-22	0704-02-02	正朔一	长安四年	长安三年
0923-12C-23	0704-02-03	正朔一	长安四年	长安三年
0923-12C-24	0704-02-04	正朔一	长安四年	长安三年
0923-12C-25	0704-02-05	正朔一	长安四年	长安三年
0923-12C-26	0704-02-06	正朔一	长安四年	长安三年
0923-12C-27	0704-02-07	正朔一	长安四年	长安三年
0923-12C-28	0704-02-08	正朔一	长安四年	长安三年
0923-12C-29	0704-02-09	正朔一	长安四年	长安三年
0925-12C-12	0706-01-01	正朔一	神龙二年	神龙元年
0925-12C-13	0706-01-02	正朔一	神龙二年	神龙元年
0925-12C-14	0706-01-03	正朔一	神龙二年	神龙元年
0925-12C-15	0706-01-04	正朔一	神龙二年	神龙元年
0925-12C-16	0706-01-05	正朔一	神龙二年	神龙元年
0925-12C-17	0706-01-06	正朔一	神龙二年	神龙元年
0925-12C-18	0706-01-07	正朔一	神龙二年	神龙元年
0925-12C-19	0706-01-08	正朔一	神龙二年	神龙元年
0925-12C-20	0706-01-09	正朔一	神龙二年	神龙元年
0925-12C-21	0706-01-10	正朔一	神龙二年	神龙元年
0925-12C-22	0706-01-11	正朔一	神龙二年	神龙元年
0925-12C-23	0706-01-12	正朔一	神龙二年	神龙元年
0925-12C-24	0706-01-13	正朔一	神龙二年	神龙元年
0925-12C-25	0706-01-14	正朔一	神龙二年	神龙元年
0925-12C-26	0706-01-15	正朔一	神龙二年	神龙元年
0925-12C-27	0706-01-16	正朔一	神龙二年	神龙元年
0925-12C-28	0706-01-17	正朔一	神龙二年	神龙元年
0925-12C-29	0706-01-18	正朔一	神龙二年	神龙元年
0926-11C-23	0707-01-01	正朔一	神龙三年	神龙二年
0926-11C-24	0707-01-02	正朔一	神龙三年	神龙二年
0926-11C-25	0707-01-03	正朔一	神龙三年	神龙二年
0926-11C-26	0707-01-04	正朔一	神龙三年	神龙二年
0926-11C-27	0707-01-05	正朔一	神龙三年	神龙二年
0926-11C-28	0707-01-06	正朔一	神龙三年	神龙二年
0926-11C-29	0707-01-07	正朔一	神龙三年	神龙二年
0926-11C-30	0707-01-08	正朔一	神龙三年	神龙二年
0926-12C-01	0707-01-09	正朔一	神龙三年	神龙二年
0926-12C-02	0707-01-10	正朔一	神龙三年	神龙二年
0926-12C-03	0707-01-11	正朔一	神龙三年	神龙二年
0926-12C-04	0707-01-12	正朔一	神龙三年	神龙二年
0926-12C-05	0707-01-13	正朔一	神龙三年	神龙二年
0926-12C-06	0707-01-14	正朔一	神龙三年	神龙二年
0926-12C-07	0707-01-15	正朔一	神龙三年	神龙二年
0926-12C-08	0707-01-16	正朔一	神龙三年	神龙二年
0926-12C-09	0707-01-17	正朔一	神龙三年	神龙二年
0926-12C-10	0707-01-18	正朔一	神龙三年	神龙二年
0926-12C-11	0707-01-19	正朔一	神龙三年	神龙二年
0926-12C-12	0707-01-20	正朔一	神龙三年	神龙二年
0926-12C-13	0707-01-21	正朔一	神龙三年	神龙二年
0926-12C-14	0707-01-22	正朔一	神龙三年	神龙二年
0926-12C-15	0707-01-23	正朔一	神龙三年	神龙二年
0926-12C-16	0707-01-24	正朔一	神龙三年	神龙二年
0926-12C-17	0707-01-25	正朔一	神龙三年	神龙二年
0926-12C-18	0707-01-26	正朔一	神龙三年	神龙二年
0926-12C-19	0707-01-27	正朔一	神龙三年	神龙二年
0926-12C-20	0707-01-28	正朔一	神龙三年	神龙二年
0926-12C-21	0707-01-29	正朔一	神龙三年	神龙二年
0926-12C-22	0707-01-30	正朔一	神龙三年	神龙二年
0926-12C-23	0707-01-31	正朔一	神龙三年	神龙二年
0926-12C-24	0707-02-01	正朔一	神龙三年	神龙二年
0926-12C-25	0707-02-02	正朔一	神龙三年	神龙二年
0926-12C-26	0707-02-03	正朔一	神龙三年	神龙二年
0926-12C-27	0707-02-04	正朔一	神龙三年	神龙二年
0926-12C-28	0707-02-05	正朔一	神龙三年	神龙二年
0926-12C-29	0707-02-06	正朔一	神龙三年	神龙二年
0927-12C-04	0708-01-01	正朔一	景龙二年	景龙元年
0927-12C-05	0708-01-02	正朔一	景龙二年	景龙元年
0927-12C-06	0708-01-03	正朔一	景龙二年	景龙元年
0927-12C-07	0708-01-04	正朔一	景龙二年	景龙元年
0927-12C-08	0708-01-05	正朔一	景龙二年	景龙元年
0927-12C-09	0708-01-06	正朔一	景龙二年	景龙元年
0927-12C-10	0708-01-07	正朔一	景龙二年	景龙元年
0927-12C-11	0708-01-08	正朔一	景龙二年	景龙元年
0927-12C-12	0708-01-09	正朔一	景龙二年	景龙元年
0927-12C-13	0708-01-10	正朔一	景龙二年	景龙元年
0927-12C-14	0708-01-11	正朔一	景龙二年	景龙元年
0927-12C-15	0708-01-12	正朔一	景龙二年	景龙元年
0927-12C-16	0708-01-13	正朔一	景龙二年	景龙元年
0927-12C-17	0708-01-14	正朔一	景龙二年	景龙元年
0927-12C-18	0708-01-15	正朔一	景龙二年	景龙元年
0927-12C-19	0708-01-16	正朔一	景龙二年	景龙元年
0927-12C-20	0708-01-17	正朔一	景龙二年	景龙元年
0927-12C-21	0708-01-18	正朔一	景龙二年	景龙元年
0927-12C-22	0708-01-19	正朔一	景龙二年	景龙元年
0927-12C-23	0708-01-20	正朔一	景龙二年	景龙元年
0927-12C-24	0708-01-21	正朔一	景龙二年	景龙元年
0927-12C-25	0708-01-22	正朔一	景龙二年	景龙元年
0927-12C-26	0708-01-23	正朔一	景龙二年	景龙元年
0927-12C-27	0708-01-24	正朔一	景龙二年	景龙元年
0927-12C-28	0708-01-25	正朔一	景龙二年	景龙元年
0927-12C-29	0708-01-26	正朔一	景龙二年	景龙元年
0927-12C-30	0708-01-27	正朔一	景龙二年	景龙元年
0928-11C-16	0709-01-01	正朔一	景龙三年	景龙二年
0928-11C-17	0709-01-02	正朔一	景龙三年	景龙二年
0928-11C-18	0709-01-03	正朔一	景龙三年	景龙二年
0928-11C-19	0709-01-04	正朔一	景龙三年	景龙二年
0928-11C-20	0709-01-05	正朔一	景龙三年	景龙二年
0928-11C-21	0709-01-06	正朔一	景龙三年	景龙二年
0928-11C-22	0709-01-07	正朔一	景龙三年	景龙二年
0928-11C-23	0709-01-08	正朔一	景龙三年	景龙二年
0928-11C-24	0709-01-09	正朔一	景龙三年	景龙二年
0928-11C-25	0709-01-10	正朔一	景龙三年	景龙二年
0928-11C-26	0709-01-11	正朔一	景龙三年	景龙二年
0928-11C-27	0709-01-12	正朔一	景龙三年	景龙二年
0928-11C-28	0709-01-13	正朔一	景龙三年	景龙二年
0928-11C-29	0709-01-14	正朔一	景龙三年	景龙二年
0928-11C-30	0709-01-15	正朔一	景龙三年	景龙二年
0928-12C-01	0709-01-16	正朔一	景龙三年	景龙二年
0928-12C-02	0709-01-17	正朔一	景龙三年	景龙二年
0928-12C-03	0709-01-18	正朔一	景龙三年	景龙二年
0928-12C-04	0709-01-19	正朔一	景龙三年	景龙二年
0928-12C-05	0709-01-20	正朔一	景龙三年	景龙二年
0928-12C-06	0709-01-21	正朔一	景龙三年	景龙二年
0928-12C-07	0709-01-22	正朔一	景龙三年	景龙二年
0928-12C-08	0709-01-23	正朔一	景龙三年	景龙二年
0928-12C-09	0709-01-24	正朔一	景龙三年	景龙二年
0928-12C-10	0709-01-25	正朔一	景龙三年	景龙二年
0928-12C-11	0709-01-26	正朔一	景龙三年	景龙二年
0928-12C-12	0709-01-27	正朔一	景龙三年	景龙二年
0928-12C-13	0709-01-28	正朔一	景龙三年	景龙二年
0928-12C-14	0709-01-29	正朔一	景龙三年	景龙二年
0928-12C-15	0709-01-30	正朔一	景龙三年	景龙二年
0928-12C-16	0709-01-31	正朔一	景龙三年	景龙二年
0928-12C-17	0709-02-01	正朔一	景龙三年	景龙二年
0928-12C-18	0709-02-02	正朔一	景龙三年	景龙二年
0928-12C-19	0709-02-03	正朔一	景龙三年	景龙二年
0928-12C-20	0709-02-04	正朔一	景龙三年	景龙二年
0928-12C-21	0709-02-05	正朔一	景龙三年	景龙二年
0928-12C-22	0709-02-06	正朔一	景龙三年	景龙二年
0928-12C-23	0709-02-07	正朔一	景龙三年	景龙二年
0928-12C-24	0709-02-08	正朔一	景龙三年	景龙二年
0928-12C-25	0709-02-09	正朔一	景龙三年	景龙二年
0928-12C-26	0709-02-10	正朔一	景龙三年	景龙二年
0928-12C-27	0709-02-11	正朔一	景龙三年	景龙二年
0928-12C-28	0709-02-12	正朔一	景龙三年	景龙二年
0928-12C-29	0709-02-13	正朔一	景龙三年	景龙二年
0928-12C-30	0709-02-14	正朔一	景龙三年	景龙二年
0929-11C-27	0710-01-01	正朔一	景龙四年	景龙三年
0929-11C-28	0710-01-02	正朔一	景龙四年	景龙三年
0929-11C-29	0710-01-03	正朔一	景龙四年	景龙三年
0929-11C-30	0710-01-04	正朔一	景龙四年	景龙三年
0929-12C-01	0710-01-05	正朔一	景龙四年	景龙三年
0929-12C-02	0710-01-06	正朔一	景龙四年	景龙三年
0929-12C-03	0710-01-07	正朔一	景龙四年	景龙三年
0929-12C-04	0710-01-08	正朔一	景龙四年	景龙三年
0929-12C-05	0710-01-09	正朔一	景龙四年	景龙三年
0929-12C-06	0710-01-10	正朔一	景龙四年	景龙三年
0929-12C-07	0710-01-11	正朔一	景龙四年	景龙三年
0929-12C-08	0710-01-12	正朔一	景龙四年	景龙三年
0929-12C-09	0710-01-13	正朔一	景龙四年	景龙三年
0929-12C-10	0710-01-14	正朔一	景龙四年	景龙三年
0929-12C-11	0710-01-15	正朔一	景龙四年	景龙三年
0929-12C-12	0710-01-16	正朔一	景龙四年	景龙三年
0929-12C-13	0710-01-17	正朔一	景龙四年	景龙三年
0929-12C-14	0710-01-18	正朔一	景龙四年	景龙三年
0929-12C-15	0710-01-19	正朔一	景龙四年	景龙三年
0929-12C-16	0710-01-20	正朔一	景龙四年	景龙三年
0929-12C-17	0710-01-21	正朔一	景龙四年	景龙三年
0929-12C-18	0710-01-22	正朔一	景龙四年	景龙三年
0929-12C-19	0710-01-23	正朔一	景龙四年	景龙三年
0929-12C-20	0710-01-24	正朔一	景龙四年	景龙三年
0929-12C-21	0710-01-25	正朔一	景龙四年	景龙三年
0929-12C-22	0710-01-26	正朔一	景龙四年	景龙三年
0929-12C-23	0710-01-27	正朔一	景龙四年	景龙三年
0929-12C-24	0710-01-28	正朔一	景龙四年	景龙三年
0929-12C-25	0710-01-29	正朔一	景龙四年	景龙三年
0929-12C-26	0710-01-30	正朔一	景龙四年	景龙三年
0929-12C-27	0710-01-31	正朔一	景龙四年	景龙三年
0929-12C-28	0710-02-01	正朔一	景龙四年	景龙三年
0929-12C-29	0710-02-02	正朔一	景龙四年	景龙三年
0929-12C-30	0710-02-03	正朔一	景龙四年	景龙三年
0930-12C-08	0711-01-01	正朔一	景云二年	景云元年
0930-12C-09	0711-01-02	正朔一	景云二年	景云元年
0930-12C-10	0711-01-03	正朔一	景云二年	景云元年
0930-12C-11	0711-01-04	正朔一	景云二年	景云元年
0930-12C-12	0711-01-05	正朔一	景云二年	景云元年
0930-12C-13	0711-01-06	正朔一	景云二年	景云元年
0930-12C-14	0711-01-07	正朔一	景云二年	景云元年
0930-12C-15	0711-01-08	正朔一	景云二年	景云元年
0930-12C-16	0711-01-09	正朔一	景云二年	景云元年
0930-12C-17	0711-01-10	正朔一	景云二年	景云元年
0930-12C-18	0711-01-11	正朔一	景云二年	景云元年
0930-12C-19	0711-01-12	正朔一	景云二年	景云元年
0930-12C-20	0711-01-13	正朔一	景云二年	景云元年
0930-12C-21	0711-01-14	正朔一	景云二年	景云元年
0930-12C-22	0711-01-15	正朔一	景云二年	景云元年
0930-12C-23	0711-01-16	正朔一	景云二年	景云元年
0930-12C-24	0711-01-17	正朔一	景云二年	景云元年
0930-12C-25	0711-01-18	正朔一	景云二年	景云元年
0930-12C-26	0711-01-19	正朔一	景云二年	景云元年
0930-12C-27	0711-01-20	正朔一	景云二年	景云元年
0930-12C-28	0711-01-21	正朔一	景云二年	景云元年
0930-12C-29	0711-01-22	正朔一	景云二年	景云元年
0930-12C-30	0711-01-23	正朔一	景云二年	景云元年
0931-11C-19	0712-01-01	正朔一	景云三年	景云二年
0931-11C-20	0712-01-02	正朔一	景云三年	景云二年
0931-11C-21	0712-01-03	正朔一	景云三年	景云二年
0931-11C-22	0712-01-04	正朔一	景云三年	景云二年
0931-11C-23	0712-01-05	正朔一	景云三年	景云二年
0931-11C-24	0712-01-06	正朔一	景云三年	景云二年
0931-11C-25	0712-01-07	正朔一	景云三年	景云二年
0931-11C-26	0712-01-08	正朔一	景云三年	景云二年
0931-11C-27	0712-01-09	正朔一	景云三年	景云二年
0931-11C-28	0712-01-10	正朔一	景云三年	景云二年
0931-11C-29	0712-01-11	正朔一	景云三年	景云二年
0931-11C-30	0712-01-12	正朔一	景云三年	景云二年
0931-12C-01	0712-01-13	正朔一	景云三年	景云二年
0931-12C-02	0712-01-14	正朔一	景云三年	景云二年
0931-12C-03	0712-01-15	正朔一	景云三年	景云二年
0931-12C-04	0712-01-16	正朔一	景云三年	景云二年
0931-12C-05	0712-01-17	正朔一	景云三年	景云二年
0931-12C-06	0712-01-18	正朔一	景云三年	景云二年
0931-12C-07	0712-01-19	正朔一	景云三年	景云二年
0931-12C-08	0712-01-20	正朔一	景云三年	景云二年
0931-12C-09	0712-01-21	正朔一	景云三年	景云二年
0931-12C-10	0712-01-22	正朔一	景云三年	景云二年
0931-12C-11	0712-01-23	正朔一	景云三年	景云二年
0931-12C-12	0712-01-24	正朔一	景云三年	景云二年
0931-12C-13	0712-01-25	正朔一	景云三年	景云二年
0931-12C-14	0712-01-26	正朔一	景云三年	景云二年
0931-12C-15	0712-01-27	正朔一	景云三年	景云二年
0931-12C-16	0712-01-28	正朔一	景云三年	景云二年
0931-12C-17	0712-01-29	正朔一	景云三年	景云二年
0931-12C-18	0712-01-30	正朔一	景云三年	景云二年
0931-12C-19	0712-01-31	正朔一	景云三年	景云二年
0931-12C-20	0712-02-01	正朔一	景云三年	景云二年
0931-12C-21	0712-02-02	正朔一	景云三年	景云二年
0931-12C-22	0712-02-03	正朔一	景云三年	景云二年
0931-12C-23	0712-02-04	正朔一	景云三年	景云二年
0931-12C-24	0712-02-05	正朔一	景云三年	景云二年
0931-12C-25	0712-02-06	正朔一	景云三年	景云二年
0931-12C-26	0712-02-07	正朔一	景云三年	景云二年
0931-12C-27	0712-02-08	正朔一	景云三年	景云二年
0931-12C-28	0712-02-09	正朔一	景云三年	景云二年
0931-12C-29	0712-02-10	正朔一	景云三年	景云二年
0931-12C-30	0712-02-11	正朔一	景云三年	景云二年
0932-11C-30	0713-01-01	正朔一	先天二年	先天元年
0932-12C-01	0713-01-02	正朔一	先天二年	先天元年
0932-12C-02	0713-01-03	正朔一	先天二年	先天元年
0932-12C-03	0713-01-04	正朔一	先天二年	先天元年
0932-12C-04	0713-01-05	正朔一	先天二年	先天元年
0932-12C-05	0713-01-06	正朔一	先天二年	先天元年
0932-12C-06	0713-01-07	正朔一	先天二年	先天元年
0932-12C-07	0713-01-08	正朔一	先天二年	先天元年
0932-12C-08	0713-01-09	正朔一	先天二年	先天元年
0932-12C-09	0713-01-10	正朔一	先天二年	先天元年
0932-12C-10	0713-01-11	正朔一	先天二年	先天元年
0932-12C-11	0713-01-12	正朔一	先天二年	先天元年
0932-12C-12	0713-01-13	正朔一	先天二年	先天元年
0932-12C-13	0713-01-14	正朔一	先天二年	先天元年
0932-12C-14	0713-01-15	正朔一	先天二年	先天元年
0932-12C-15	0713-01-16	正朔一	先天二年	先天元年
0932-12C-16	0713-01-17	正朔一	先天二年	先天元年
0932-12C-17	0713-01-18	正朔一	先天二年	先天元年
0932-12C-18	0713-01-19	正朔一	先天二年	先天元年
0932-12C-19	0713-01-20	正朔一	先天二年	先天元年
0932-12C-20	0713-01-21	正朔一	先天二年	先天元年
0932-12C-21	0713-01-22	正朔一	先天二年	先天元年
0932-12C-22	0713-01-23	正朔一	先天二年	先天元年
0932-12C-23	0713-01-24	正朔一	先天二年	先天元年
0932-12C-24	0713-01-25	正朔一	先天二年	先天元年
0932-12C-25	0713-01-26	正朔一	先天二年	先天元年
0932-12C-26	0713-01-27	正朔一	先天二年	先天元年
0932-12C-27	0713-01-28	正朔一	先天二年	先天元年
0932-12C-28	0713-01-29	正朔一	先天二年	先天元年
0932-12C-29	0713-01-30	正朔一	先天二年	先天元年
0933-12C-11	0714-01-01	正朔一	开元二年	开元元年
0933-12C-12	0714-01-02	正朔一	开元二年	开元元年
0933-12C-13	0714-01-03	正朔一	开元二年	开元元年
0933-12C-14	0714-01-04	正朔一	开元二年	开元元年
0933-12C-15	0714-01-05	正朔一	开元二年	开元元年
0933-12C-16	0714-01-06	正朔一	开元二年	开元元年
0933-12C-17	0714-01-07	正朔一	开元二年	开元元年
0933-12C-18	0714-01-08	正朔一	开元二年	开元元年
0933-12C-19	0714-01-09	正朔一	开元二年	开元元年
0933-12C-20	0714-01-10	正朔一	开元二年	开元元年
0933-12C-21	0714-01-11	正朔一	开元二年	开元元年
0933-12C-22	0714-01-12	正朔一	开元二年	开元元年
0933-12C-23	0714-01-13	正朔一	开元二年	开元元年
0933-12C-24	0714-01-14	正朔一	开元二年	开元元年
0933-12C-25	0714-01-15	正朔一	开元二年	开元元年
0933-12C-26	0714-01-16	正朔一	开元二年	开元元年
0933-12C-27	0714-01-17	正朔一	开元二年	开元元年
0933-12C-28	0714-01-18	正朔一	开元二年	开元元年
0933-12C-29	0714-01-19	正朔一	开元二年	开元元年
0933-12C-30	0714-01-20	正朔一	开元二年	开元元年
0934-11C-21	0715-01-01	正朔一	开元三年	开元二年
0934-11C-22	0715-01-02	正朔一	开元三年	开元二年
0934-11C-23	0715-01-03	正朔一	开元三年	开元二年
0934-11C-24	0715-01-04	正朔一	开元三年	开元二年
0934-11C-25	0715-01-05	正朔一	开元三年	开元二年
0934-11C-26	0715-01-06	正朔一	开元三年	开元二年
0934-11C-27	0715-01-07	正朔一	开元三年	开元二年
0934-11C-28	0715-01-08	正朔一	开元三年	开元二年
0934-11C-29	0715-01-09	正朔一	开元三年	开元二年
0934-12C-01	0715-01-10	正朔一	开元三年	开元二年
0934-12C-02	0715-01-11	正朔一	开元三年	开元二年
0934-12C-03	0715-01-12	正朔一	开元三年	开元二年
0934-12C-04	0715-01-13	正朔一	开元三年	开元二年
0934-12C-05	0715-01-14	正朔一	开元三年	开元二年
0934-12C-06	0715-01-15	正朔一	开元三年	开元二年
0934-12C-07	0715-01-16	正朔一	开元三年	开元二年
0934-12C-08	0715-01-17	正朔一	开元三年	开元二年
0934-12C-09	0715-01-18	正朔一	开元三年	开元二年
0934-12C-10	0715-01-19	正朔一	开元三年	开元二年
0934-12C-11	0715-01-20	正朔一	开元三年	开元二年
0934-12C-12	0715-01-21	正朔一	开元三年	开元二年
0934-12C-13	0715-01-22	正朔一	开元三年	开元二年
0934-12C-14	0715-01-23	正朔一	开元三年	开元二年
0934-12C-15	0715-01-24	正朔一	开元三年	开元二年
0934-12C-16	0715-01-25	正朔一	开元三年	开元二年
0934-12C-17	0715-01-26	正朔一	开元三年	开元二年
0934-12C-18	0715-01-27	正朔一	开元三年	开元二年
0934-12C-19	0715-01-28	正朔一	开元三年	开元二年
0934-12C-20	0715-01-29	正朔一	开元三年	开元二年
0934-12C-21	0715-01-30	正朔一	开元三年	开元二年
0934-12C-22	0715-01-31	正朔一	开元三年	开元二年
0934-12C-23	0715-02-01	正朔一	开元三年	开元二年
0934-12C-24	0715-02-02	正朔一	开元三年	开元二年
0934-12C-25	0715-02-03	正朔一	开元三年	开元二年
0934-12C-26	0715-02-04	正朔一	开元三年	开元二年
0934-12C-27	0715-02-05	正朔一	开元三年	开元二年
0934-12C-28	0715-02-06	正朔一	开元三年	开元二年
0934-12C-29	0715-02-07	正朔一	开元三年	开元二年
0934-12C-30	0715-02-08	正朔一	开元三年	开元二年
0935-12C-02	0716-01-01	正朔一	开元四年	开元三年
0935-12C-03	0716-01-02	正朔一	开元四年	开元三年
0935-12C-04	0716-01-03	正朔一	开元四年	开元三年
0935-12C-05	0716-01-04	正朔一	开元四年	开元三年
0935-12C-06	0716-01-05	正朔一	开元四年	开元三年
0935-12C-07	0716-01-06	正朔一	开元四年	开元三年
0935-12C-08	0716-01-07	正朔一	开元四年	开元三年
0935-12C-09	0716-01-08	正朔一	开元四年	开元三年
0935-12C-10	0716-01-09	正朔一	开元四年	开元三年
0935-12C-11	0716-01-10	正朔一	开元四年	开元三年
0935-12C-12	0716-01-11	正朔一	开元四年	开元三年
0935-12C-13	0716-01-12	正朔一	开元四年	开元三年
0935-12C-14	0716-01-13	正朔一	开元四年	开元三年
0935-12C-15	0716-01-14	正朔一	开元四年	开元三年
0935-12C-16	0716-01-15	正朔一	开元四年	开元三年
0935-12C-17	0716-01-16	正朔一	开元四年	开元三年
0935-12C-18	0716-01-17	正朔一	开元四年	开元三年
0935-12C-19	0716-01-18	正朔一	开元四年	开元三年
0935-12C-20	0716-01-19	正朔一	开元四年	开元三年
0935-12C-21	0716-01-20	正朔一	开元四年	开元三年
0935-12C-22	0716-01-21	正朔一	开元四年	开元三年
0935-12C-23	0716-01-22	正朔一	开元四年	开元三年
0935-12C-24	0716-01-23	正朔一	开元四年	开元三年
0935-12C-25	0716-01-24	正朔一	开元四年	开元三年
0935-12C-26	0716-01-25	正朔一	开元四年	开元三年
0935-12C-27	0716-01-26	正朔一	开元四年	开元三年
0935-12C-28	0716-01-27	正朔一	开元四年	开元三年
0935-12C-29	0716-01-28	正朔一	开元四年	开元三年
0936-12C-14	0717-01-01	正朔一	开元五年	开元四年
0936-12C-15	0717-01-02	正朔一	开元五年	开元四年
0936-12C-16	0717-01-03	正朔一	开元五年	开元四年
0936-12C-17	0717-01-04	正朔一	开元五年	开元四年
0936-12C-18	0717-01-05	正朔一	开元五年	开元四年
0936-12C-19	0717-01-06	正朔一	开元五年	开元四年
0936-12C-20	0717-01-07	正朔一	开元五年	开元四年
0936-12C-21	0717-01-08	正朔一	开元五年	开元四年
0936-12C-22	0717-01-09	正朔一	开元五年	开元四年
0936-12C-23	0717-01-10	正朔一	开元五年	开元四年
0936-12C-24	0717-01-11	正朔一	开元五年	开元四年
0936-12C-25	0717-01-12	正朔一	开元五年	开元四年
0936-12C-26	0717-01-13	正朔一	开元五年	开元四年
0936-12C-27	0717-01-14	正朔一	开元五年	开元四年
0936-12C-28	0717-01-15	正朔一	开元五年	开元四年
0936-12C-29	0717-01-16	正朔一	开元五年	开元四年
0936-12C-30	0717-01-17	正朔一	开元五年	开元四年
0936-12L-01	0717-01-18	正朔一	开元五年	开元四年
0936-12L-02	0717-01-19	正朔一	开元五年	开元四年
0936-12L-03	0717-01-20	正朔一	开元五年	开元四年
0936-12L-04	0717-01-21	正朔一	开元五年	开元四年
0936-12L-05	0717-01-22	正朔一	开元五年	开元四年
0936-12L-06	0717-01-23	正朔一	开元五年	开元四年
0936-12L-07	0717-01-24	正朔一	开元五年	开元四年
0936-12L-08	0717-01-25	正朔一	开元五年	开元四年
0936-12L-09	0717-01-26	正朔一	开元五年	开元四年
0936-12L-10	0717-01-27	正朔一	开元五年	开元四年
0936-12L-11	0717-01-28	正朔一	开元五年	开元四年
0936-12L-12	0717-01-29	正朔一	开元五年	开元四年
0936-12L-13	0717-01-30	正朔一	开元五年	开元四年
0936-12L-14	0717-01-31	正朔一	开元五年	开元四年
0936-12L-15	0717-02-01	正朔一	开元五年	开元四年
0936-12L-16	0717-02-02	正朔一	开元五年	开元四年
0936-12L-17	0717-02-03	正朔一	开元五年	开元四年
0936-12L-18	0717-02-04	正朔一	开元五年	开元四年
0936-12L-19	0717-02-05	正朔一	开元五年	开元四年
0936-12L-20	0717-02-06	正朔一	开元五年	开元四年
0936-12L-21	0717-02-07	正朔一	开元五年	开元四年
0936-12L-22	0717-02-08	正朔一	开元五年	开元四年
0936-12L-23	0717-02-09	正朔一	开元五年	开元四年
0936-12L-24	0717-02-10	正朔一	开元五年	开元四年
0936-12L-25	0717-02-11	正朔一	开元五年	开元四年
0936-12L-26	0717-02-12	正朔一	开元五年	开元四年
0936-12L-27	0717-02-13	正朔一	开元五年	开元四年
0936-12L-28	0717-02-14	正朔一	开元五年	开元四年
0936-12L-29	0717-02-15	正朔一	开元五年	开元四年
0937-11C-25	0718-01-01	正朔一	开元六年	开元五年
0937-11C-26	0718-01-02	正朔一	开元六年	开元五年
0937-11C-27	0718-01-03	正朔一	开元六年	开元五年
0937-11C-28	0718-01-04	正朔一	开元六年	开元五年
0937-11C-29	0718-01-05	正朔一	开元六年	开元五年
0937-12C-01	0718-01-06	正朔一	开元六年	开元五年
0937-12C-02	0718-01-07	正朔一	开元六年	开元五年
0937-12C-03	0718-01-08	正朔一	开元六年	开元五年
0937-12C-04	0718-01-09	正朔一	开元六年	开元五年
0937-12C-05	0718-01-10	正朔一	开元六年	开元五年
0937-12C-06	0718-01-11	正朔一	开元六年	开元五年
0937-12C-07	0718-01-12	正朔一	开元六年	开元五年
0937-12C-08	0718-01-13	正朔一	开元六年	开元五年
0937-12C-09	0718-01-14	正朔一	开元六年	开元五年
0937-12C-10	0718-01-15	正朔一	开元六年	开元五年
0937-12C-11	0718-01-16	正朔一	开元六年	开元五年
0937-12C-12	0718-01-17	正朔一	开元六年	开元五年
0937-12C-13	0718-01-18	正朔一	开元六年	开元五年
0937-12C-14	0718-01-19	正朔一	开元六年	开元五年
0937-12C-15	0718-01-20	正朔一	开元六年	开元五年
0937-12C-16	0718-01-21	正朔一	开元六年	开元五年
0937-12C-17	0718-01-22	正朔一	开元六年	开元五年
0937-12C-18	0718-01-23	正朔一	开元六年	开元五年
0937-12C-19	0718-01-24	正朔一	开元六年	开元五年
0937-12C-20	0718-01-25	正朔一	开元六年	开元五年
0937-12C-21	0718-01-26	正朔一	开元六年	开元五年
0937-12C-22	0718-01-27	正朔一	开元六年	开元五年
0937-12C-23	0718-01-28	正朔一	开元六年	开元五年
0937-12C-24	0718-01-29	正朔一	开元六年	开元五年
0937-12C-25	0718-01-30	正朔一	开元六年	开元五年
0937-12C-26	0718-01-31	正朔一	开元六年	开元五年
0937-12C-27	0718-02-01	正朔一	开元六年	开元五年
0937-12C-28	0718-02-02	正朔一	开元六年	开元五年
0937-12C-29	0718-02-03	正朔一	开元六年	开元五年
0937-12C-30	0718-02-04	正朔一	开元六年	开元五年
0938-12C-06	0719-01-01	正朔一	开元七年	开元六年
0938-12C-07	0719-01-02	正朔一	开元七年	开元六年
0938-12C-08	0719-01-03	正朔一	开元七年	开元六年
0938-12C-09	0719-01-04	正朔一	开元七年	开元六年
0938-12C-10	0719-01-05	正朔一	开元七年	开元六年
0938-12C-11	0719-01-06	正朔一	开元七年	开元六年
0938-12C-12	0719-01-07	正朔一	开元七年	开元六年
0938-12C-13	0719-01-08	正朔一	开元七年	开元六年
0938-12C-14	0719-01-09	正朔一	开元七年	开元六年
0938-12C-15	0719-01-10	正朔一	开元七年	开元六年
0938-12C-16	0719-01-11	正朔一	开元七年	开元六年
0938-12C-17	0719-01-12	正朔一	开元七年	开元六年
0938-12C-18	0719-01-13	正朔一	开元七年	开元六年
0938-12C-19	0719-01-14	正朔一	开元七年	开元六年
0938-12C-20	0719-01-15	正朔一	开元七年	开元六年
0938-12C-21	0719-01-16	正朔一	开元七年	开元六年
0938-12C-22	0719-01-17	正朔一	开元七年	开元六年
0938-12C-23	0719-01-18	正朔一	开元七年	开元六年
0938-12C-24	0719-01-19	正朔一	开元七年	开元六年
0938-12C-25	0719-01-20	正朔一	开元七年	开元六年
0938-12C-26	0719-01-21	正朔一	开元七年	开元六年
0938-12C-27	0719-01-22	正朔一	开元七年	开元六年
0938-12C-28	0719-01-23	正朔一	开元七年	开元六年
0938-12C-29	0719-01-24	正朔一	开元七年	开元六年
0938-12C-30	0719-01-25	正朔一	开元七年	开元六年
0939-11C-17	0720-01-01	正朔一	开元八年	开元七年
0939-11C-18	0720-01-02	正朔一	开元八年	开元七年
0939-11C-19	0720-01-03	正朔一	开元八年	开元七年
0939-11C-20	0720-01-04	正朔一	开元八年	开元七年
0939-11C-21	0720-01-05	正朔一	开元八年	开元七年
0939-11C-22	0720-01-06	正朔一	开元八年	开元七年
0939-11C-23	0720-01-07	正朔一	开元八年	开元七年
0939-11C-24	0720-01-08	正朔一	开元八年	开元七年
0939-11C-25	0720-01-09	正朔一	开元八年	开元七年
0939-11C-26	0720-01-10	正朔一	开元八年	开元七年
0939-11C-27	0720-01-11	正朔一	开元八年	开元七年
0939-11C-28	0720-01-12	正朔一	开元八年	开元七年
0939-11C-29	0720-01-13	正朔一	开元八年	开元七年
0939-12C-01	0720-01-14	正朔一	开元八年	开元七年
0939-12C-02	0720-01-15	正朔一	开元八年	开元七年
0939-12C-03	0720-01-16	正朔一	开元八年	开元七年
0939-12C-04	0720-01-17	正朔一	开元八年	开元七年
0939-12C-05	0720-01-18	正朔一	开元八年	开元七年
0939-12C-06	0720-01-19	正朔一	开元八年	开元七年
0939-12C-07	0720-01-20	正朔一	开元八年	开元七年
0939-12C-08	0720-01-21	正朔一	开元八年	开元七年
0939-12C-09	0720-01-22	正朔一	开元八年	开元七年
0939-12C-10	0720-01-23	正朔一	开元八年	开元七年
0939-12C-11	0720-01-24	正朔一	开元八年	开元七年
0939-12C-12	0720-01-25	正朔一	开元八年	开元七年
0939-12C-13	0720-01-26	正朔一	开元八年	开元七年
0939-12C-14	0720-01-27	正朔一	开元八年	开元七年
0939-12C-15	0720-01-28	正朔一	开元八年	开元七年
0939-12C-16	0720-01-29	正朔一	开元八年	开元七年
0939-12C-17	0720-01-30	正朔一	开元八年	开元七年
0939-12C-18	0720-01-31	正朔一	开元八年	开元七年
0939-12C-19	0720-02-01	正朔一	开元八年	开元七年
0939-12C-20	0720-02-02	正朔一	开元八年	开元七年
0939-12C-21	0720-02-03	正朔一	开元八年	开元七年
0939-12C-22	0720-02-04	正朔一	开元八年	开元七年
0939-12C-23	0720-02-05	正朔一	开元八年	开元七年
0939-12C-24	0720-02-06	正朔一	开元八年	开元七年
0939-12C-25	0720-02-07	正朔一	开元八年	开元七年
0939-12C-26	0720-02-08	正朔一	开元八年	开元七年
0939-12C-27	0720-02-09	正朔一	开元八年	开元七年
0939-12C-28	0720-02-10	正朔一	开元八年	开元七年
0939-12C-29	0720-02-11	正朔一	开元八年	开元七年
0939-12C-30	0720-02-12	正朔一	开元八年	开元七年
0940-11C-29	0721-01-01	正朔一	开元九年	开元八年
0940-11C-30	0721-01-02	正朔一	开元九年	开元八年
0940-12C-01	0721-01-03	正朔一	开元九年	开元八年
0940-12C-02	0721-01-04	正朔一	开元九年	开元八年
0940-12C-03	0721-01-05	正朔一	开元九年	开元八年
0940-12C-04	0721-01-06	正朔一	开元九年	开元八年
0940-12C-05	0721-01-07	正朔一	开元九年	开元八年
0940-12C-06	0721-01-08	正朔一	开元九年	开元八年
0940-12C-07	0721-01-09	正朔一	开元九年	开元八年
0940-12C-08	0721-01-10	正朔一	开元九年	开元八年
0940-12C-09	0721-01-11	正朔一	开元九年	开元八年
0940-12C-10	0721-01-12	正朔一	开元九年	开元八年
0940-12C-11	0721-01-13	正朔一	开元九年	开元八年
0940-12C-12	0721-01-14	正朔一	开元九年	开元八年
0940-12C-13	0721-01-15	正朔一	开元九年	开元八年
0940-12C-14	0721-01-16	正朔一	开元九年	开元八年
0940-12C-15	0721-01-17	正朔一	开元九年	开元八年
0940-12C-16	0721-01-18	正朔一	开元九年	开元八年
0940-12C-17	0721-01-19	正朔一	开元九年	开元八年
0940-12C-18	0721-01-20	正朔一	开元九年	开元八年
0940-12C-19	0721-01-21	正朔一	开元九年	开元八年
0940-12C-20	0721-01-22	正朔一	开元九年	开元八年
0940-12C-21	0721-01-23	正朔一	开元九年	开元八年
0940-12C-22	0721-01-24	正朔一	开元九年	开元八年
0940-12C-23	0721-01-25	正朔一	开元九年	开元八年
0940-12C-24	0721-01-26	正朔一	开元九年	开元八年
0940-12C-25	0721-01-27	正朔一	开元九年	开元八年
0940-12C-26	0721-01-28	正朔一	开元九年	开元八年
0940-12C-27	0721-01-29	正朔一	开元九年	开元八年
0940-12C-28	0721-01-30	正朔一	开元九年	开元八年
0940-12C-29	0721-01-31	正朔一	开元九年	开元八年
0941-12C-10	0722-01-01	正朔一	开元十年	开元九年
0941-12C-11	0722-01-02	正朔一	开元十年	开元九年
0941-12C-12	0722-01-03	正朔一	开元十年	开元九年
0941-12C-13	0722-01-04	正朔一	开元十年	开元九年
0941-12C-14	0722-01-05	正朔一	开元十年	开元九年
0941-12C-15	0722-01-06	正朔一	开元十年	开元九年
0941-12C-16	0722-01-07	正朔一	开元十年	开元九年
0941-12C-17	0722-01-08	正朔一	开元十年	开元九年
0941-12C-18	0722-01-09	正朔一	开元十年	开元九年
0941-12C-19	0722-01-10	正朔一	开元十年	开元九年
0941-12C-20	0722-01-11	正朔一	开元十年	开元九年
0941-12C-21	0722-01-12	正朔一	开元十年	开元九年
0941-12C-22	0722-01-13	正朔一	开元十年	开元九年
0941-12C-23	0722-01-14	正朔一	开元十年	开元九年
0941-12C-24	0722-01-15	正朔一	开元十年	开元九年
0941-12C-25	0722-01-16	正朔一	开元十年	开元九年
0941-12C-26	0722-01-17	正朔一	开元十年	开元九年
0941-12C-27	0722-01-18	正朔一	开元十年	开元九年
0941-12C-28	0722-01-19	正朔一	开元十年	开元九年
0941-12C-29	0722-01-20	正朔一	开元十年	开元九年
0941-12C-30	0722-01-21	正朔一	开元十年	开元九年
0942-11C-20	0723-01-01	正朔一	开元十一年	开元十年
0942-11C-21	0723-01-02	正朔一	开元十一年	开元十年
0942-11C-22	0723-01-03	正朔一	开元十一年	开元十年
0942-11C-23	0723-01-04	正朔一	开元十一年	开元十年
0942-11C-24	0723-01-05	正朔一	开元十一年	开元十年
0942-11C-25	0723-01-06	正朔一	开元十一年	开元十年
0942-11C-26	0723-01-07	正朔一	开元十一年	开元十年
0942-11C-27	0723-01-08	正朔一	开元十一年	开元十年
0942-11C-28	0723-01-09	正朔一	开元十一年	开元十年
0942-11C-29	0723-01-10	正朔一	开元十一年	开元十年
0942-11C-30	0723-01-11	正朔一	开元十一年	开元十年
0942-12C-01	0723-01-12	正朔一	开元十一年	开元十年
0942-12C-02	0723-01-13	正朔一	开元十一年	开元十年
0942-12C-03	0723-01-14	正朔一	开元十一年	开元十年
0942-12C-04	0723-01-15	正朔一	开元十一年	开元十年
0942-12C-05	0723-01-16	正朔一	开元十一年	开元十年
0942-12C-06	0723-01-17	正朔一	开元十一年	开元十年
0942-12C-07	0723-01-18	正朔一	开元十一年	开元十年
0942-12C-08	0723-01-19	正朔一	开元十一年	开元十年
0942-12C-09	0723-01-20	正朔一	开元十一年	开元十年
0942-12C-10	0723-01-21	正朔一	开元十一年	开元十年
0942-12C-11	0723-01-22	正朔一	开元十一年	开元十年
0942-12C-12	0723-01-23	正朔一	开元十一年	开元十年
0942-12C-13	0723-01-24	正朔一	开元十一年	开元十年
0942-12C-14	0723-01-25	正朔一	开元十一年	开元十年
0942-12C-15	0723-01-26	正朔一	开元十一年	开元十年
0942-12C-16	0723-01-27	正朔一	开元十一年	开元十年
0942-12C-17	0723-01-28	正朔一	开元十一年	开元十年
0942-12C-18	0723-01-29	正朔一	开元十一年	开元十年
0942-12C-19	0723-01-30	正朔一	开元十一年	开元十年
0942-12C-20	0723-01-31	正朔一	开元十一年	开元十年
0942-12C-21	0723-02-01	正朔一	开元十一年	开元十年
0942-12C-22	0723-02-02	正朔一	开元十一年	开元十年
0942-12C-23	0723-02-03	正朔一	开元十一年	开元十年
0942-12C-24	0723-02-04	正朔一	开元十一年	开元十年
0942-12C-25	0723-02-05	正朔一	开元十一年	开元十年
0942-12C-26	0723-02-06	正朔一	开元十一年	开元十年
0942-12C-27	0723-02-07	正朔一	开元十一年	开元十年
0942-12C-28	0723-02-08	正朔一	开元十一年	开元十年
0942-12C-29	0723-02-09	正朔一	开元十一年	开元十年
0943-12C-01	0724-01-01	正朔一	开元十二年	开元十一年
0943-12C-02	0724-01-02	正朔一	开元十二年	开元十一年
0943-12C-03	0724-01-03	正朔一	开元十二年	开元十一年
0943-12C-04	0724-01-04	正朔一	开元十二年	开元十一年
0943-12C-05	0724-01-05	正朔一	开元十二年	开元十一年
0943-12C-06	0724-01-06	正朔一	开元十二年	开元十一年
0943-12C-07	0724-01-07	正朔一	开元十二年	开元十一年
0943-12C-08	0724-01-08	正朔一	开元十二年	开元十一年
0943-12C-09	0724-01-09	正朔一	开元十二年	开元十一年
0943-12C-10	0724-01-10	正朔一	开元十二年	开元十一年
0943-12C-11	0724-01-11	正朔一	开元十二年	开元十一年
0943-12C-12	0724-01-12	正朔一	开元十二年	开元十一年
0943-12C-13	0724-01-13	正朔一	开元十二年	开元十一年
0943-12C-14	0724-01-14	正朔一	开元十二年	开元十一年
0943-12C-15	0724-01-15	正朔一	开元十二年	开元十一年
0943-12C-16	0724-01-16	正朔一	开元十二年	开元十一年
0943-12C-17	0724-01-17	正朔一	开元十二年	开元十一年
0943-12C-18	0724-01-18	正朔一	开元十二年	开元十一年
0943-12C-19	0724-01-19	正朔一	开元十二年	开元十一年
0943-12C-20	0724-01-20	正朔一	开元十二年	开元十一年
0943-12C-21	0724-01-21	正朔一	开元十二年	开元十一年
0943-12C-22	0724-01-22	正朔一	开元十二年	开元十一年
0943-12C-23	0724-01-23	正朔一	开元十二年	开元十一年
0943-12C-24	0724-01-24	正朔一	开元十二年	开元十一年
0943-12C-25	0724-01-25	正朔一	开元十二年	开元十一年
0943-12C-26	0724-01-26	正朔一	开元十二年	开元十一年
0943-12C-27	0724-01-27	正朔一	开元十二年	开元十一年
0943-12C-28	0724-01-28	正朔一	开元十二年	开元十一年
0943-12C-29	0724-01-29	正朔一	开元十二年	开元十一年
0943-12C-30	0724-01-30	正朔一	开元十二年	开元十一年
0944-12C-12	0725-01-01	正朔一	开元十三年	开元十二年
0944-12C-13	0725-01-02	正朔一	开元十三年	开元十二年
0944-12C-14	0725-01-03	正朔一	开元十三年	开元十二年
0944-12C-15	0725-01-04	正朔一	开元十三年	开元十二年
0944-12C-16	0725-01-05	正朔一	开元十三年	开元十二年
0944-12C-17	0725-01-06	正朔一	开元十三年	开元十二年
0944-12C-18	0725-01-07	正朔一	开元十三年	开元十二年
0944-12C-19	0725-01-08	正朔一	开元十三年	开元十二年
0944-12C-20	0725-01-09	正朔一	开元十三年	开元十二年
0944-12C-21	0725-01-10	正朔一	开元十三年	开元十二年
0944-12C-22	0725-01-11	正朔一	开元十三年	开元十二年
0944-12C-23	0725-01-12	正朔一	开元十三年	开元十二年
0944-12C-24	0725-01-13	正朔一	开元十三年	开元十二年
0944-12C-25	0725-01-14	正朔一	开元十三年	开元十二年
0944-12C-26	0725-01-15	正朔一	开元十三年	开元十二年
0944-12C-27	0725-01-16	正朔一	开元十三年	开元十二年
0944-12C-28	0725-01-17	正朔一	开元十三年	开元十二年
0944-12C-29	0725-01-18	正朔一	开元十三年	开元十二年
0944-12L-01	0725-01-19	正朔一	开元十三年	开元十二年
0944-12L-02	0725-01-20	正朔一	开元十三年	开元十二年
0944-12L-03	0725-01-21	正朔一	开元十三年	开元十二年
0944-12L-04	0725-01-22	正朔一	开元十三年	开元十二年
0944-12L-05	0725-01-23	正朔一	开元十三年	开元十二年
0944-12L-06	0725-01-24	正朔一	开元十三年	开元十二年
0944-12L-07	0725-01-25	正朔一	开元十三年	开元十二年
0944-12L-08	0725-01-26	正朔一	开元十三年	开元十二年
0944-12L-09	0725-01-27	正朔一	开元十三年	开元十二年
0944-12L-10	0725-01-28	正朔一	开元十三年	开元十二年
0944-12L-11	0725-01-29	正朔一	开元十三年	开元十二年
0944-12L-12	0725-01-30	正朔一	开元十三年	开元十二年
0944-12L-13	0725-01-31	正朔一	开元十三年	开元十二年
0944-12L-14	0725-02-01	正朔一	开元十三年	开元十二年
0944-12L-15	0725-02-02	正朔一	开元十三年	开元十二年
0944-12L-16	0725-02-03	正朔一	开元十三年	开元十二年
0944-12L-17	0725-02-04	正朔一	开元十三年	开元十二年
0944-12L-18	0725-02-05	正朔一	开元十三年	开元十二年
0944-12L-19	0725-02-06	正朔一	开元十三年	开元十二年
0944-12L-20	0725-02-07	正朔一	开元十三年	开元十二年
0944-12L-21	0725-02-08	正朔一	开元十三年	开元十二年
0944-12L-22	0725-02-09	正朔一	开元十三年	开元十二年
0944-12L-23	0725-02-10	正朔一	开元十三年	开元十二年
0944-12L-24	0725-02-11	正朔一	开元十三年	开元十二年
0944-12L-25	0725-02-12	正朔一	开元十三年	开元十二年
0944-12L-26	0725-02-13	正朔一	开元十三年	开元十二年
0944-12L-27	0725-02-14	正朔一	开元十三年	开元十二年
0944-12L-28	0725-02-15	正朔一	开元十三年	开元十二年
0944-12L-29	0725-02-16	正朔一	开元十三年	开元十二年
0944-12L-30	0725-02-17	正朔一	开元十三年	开元十二年
0945-11C-23	0726-01-01	正朔一	开元十四年	开元十三年
0945-11C-24	0726-01-02	正朔一	开元十四年	开元十三年
0945-11C-25	0726-01-03	正朔一	开元十四年	开元十三年
0945-11C-26	0726-01-04	正朔一	开元十四年	开元十三年
0945-11C-27	0726-01-05	正朔一	开元十四年	开元十三年
0945-11C-28	0726-01-06	正朔一	开元十四年	开元十三年
0945-11C-29	0726-01-07	正朔一	开元十四年	开元十三年
0945-12C-01	0726-01-08	正朔一	开元十四年	开元十三年
0945-12C-02	0726-01-09	正朔一	开元十四年	开元十三年
0945-12C-03	0726-01-10	正朔一	开元十四年	开元十三年
0945-12C-04	0726-01-11	正朔一	开元十四年	开元十三年
0945-12C-05	0726-01-12	正朔一	开元十四年	开元十三年
0945-12C-06	0726-01-13	正朔一	开元十四年	开元十三年
0945-12C-07	0726-01-14	正朔一	开元十四年	开元十三年
0945-12C-08	0726-01-15	正朔一	开元十四年	开元十三年
0945-12C-09	0726-01-16	正朔一	开元十四年	开元十三年
0945-12C-10	0726-01-17	正朔一	开元十四年	开元十三年
0945-12C-11	0726-01-18	正朔一	开元十四年	开元十三年
0945-12C-12	0726-01-19	正朔一	开元十四年	开元十三年
0945-12C-13	0726-01-20	正朔一	开元十四年	开元十三年
0945-12C-14	0726-01-21	正朔一	开元十四年	开元十三年
0945-12C-15	0726-01-22	正朔一	开元十四年	开元十三年
0945-12C-16	0726-01-23	正朔一	开元十四年	开元十三年
0945-12C-17	0726-01-24	正朔一	开元十四年	开元十三年
0945-12C-18	0726-01-25	正朔一	开元十四年	开元十三年
0945-12C-19	0726-01-26	正朔一	开元十四年	开元十三年
0945-12C-20	0726-01-27	正朔一	开元十四年	开元十三年
0945-12C-21	0726-01-28	正朔一	开元十四年	开元十三年
0945-12C-22	0726-01-29	正朔一	开元十四年	开元十三年
0945-12C-23	0726-01-30	正朔一	开元十四年	开元十三年
0945-12C-24	0726-01-31	正朔一	开元十四年	开元十三年
0945-12C-25	0726-02-01	正朔一	开元十四年	开元十三年
0945-12C-26	0726-02-02	正朔一	开元十四年	开元十三年
0945-12C-27	0726-02-03	正朔一	开元十四年	开元十三年
0945-12C-28	0726-02-04	正朔一	开元十四年	开元十三年
0945-12C-29	0726-02-05	正朔一	开元十四年	开元十三年
0945-12C-30	0726-02-06	正朔一	开元十四年	开元十三年
0946-12C-05	0727-01-01	正朔一	开元十五年	开元十四年
0946-12C-06	0727-01-02	正朔一	开元十五年	开元十四年
0946-12C-07	0727-01-03	正朔一	开元十五年	开元十四年
0946-12C-08	0727-01-04	正朔一	开元十五年	开元十四年
0946-12C-09	0727-01-05	正朔一	开元十五年	开元十四年
0946-12C-10	0727-01-06	正朔一	开元十五年	开元十四年
0946-12C-11	0727-01-07	正朔一	开元十五年	开元十四年
0946-12C-12	0727-01-08	正朔一	开元十五年	开元十四年
0946-12C-13	0727-01-09	正朔一	开元十五年	开元十四年
0946-12C-14	0727-01-10	正朔一	开元十五年	开元十四年
0946-12C-15	0727-01-11	正朔一	开元十五年	开元十四年
0946-12C-16	0727-01-12	正朔一	开元十五年	开元十四年
0946-12C-17	0727-01-13	正朔一	开元十五年	开元十四年
0946-12C-18	0727-01-14	正朔一	开元十五年	开元十四年
0946-12C-19	0727-01-15	正朔一	开元十五年	开元十四年
0946-12C-20	0727-01-16	正朔一	开元十五年	开元十四年
0946-12C-21	0727-01-17	正朔一	开元十五年	开元十四年
0946-12C-22	0727-01-18	正朔一	开元十五年	开元十四年
0946-12C-23	0727-01-19	正朔一	开元十五年	开元十四年
0946-12C-24	0727-01-20	正朔一	开元十五年	开元十四年
0946-12C-25	0727-01-21	正朔一	开元十五年	开元十四年
0946-12C-26	0727-01-22	正朔一	开元十五年	开元十四年
0946-12C-27	0727-01-23	正朔一	开元十五年	开元十四年
0946-12C-28	0727-01-24	正朔一	开元十五年	开元十四年
0946-12C-29	0727-01-25	正朔一	开元十五年	开元十四年
0946-12C-30	0727-01-26	正朔一	开元十五年	开元十四年
0947-11C-15	0728-01-01	正朔一	开元十六年	开元十五年
0947-11C-16	0728-01-02	正朔一	开元十六年	开元十五年
0947-11C-17	0728-01-03	正朔一	开元十六年	开元十五年
0947-11C-18	0728-01-04	正朔一	开元十六年	开元十五年
0947-11C-19	0728-01-05	正朔一	开元十六年	开元十五年
0947-11C-20	0728-01-06	正朔一	开元十六年	开元十五年
0947-11C-21	0728-01-07	正朔一	开元十六年	开元十五年
0947-11C-22	0728-01-08	正朔一	开元十六年	开元十五年
0947-11C-23	0728-01-09	正朔一	开元十六年	开元十五年
0947-11C-24	0728-01-10	正朔一	开元十六年	开元十五年
0947-11C-25	0728-01-11	正朔一	开元十六年	开元十五年
0947-11C-26	0728-01-12	正朔一	开元十六年	开元十五年
0947-11C-27	0728-01-13	正朔一	开元十六年	开元十五年
0947-11C-28	0728-01-14	正朔一	开元十六年	开元十五年
0947-11C-29	0728-01-15	正朔一	开元十六年	开元十五年
0947-12C-01	0728-01-16	正朔一	开元十六年	开元十五年
0947-12C-02	0728-01-17	正朔一	开元十六年	开元十五年
0947-12C-03	0728-01-18	正朔一	开元十六年	开元十五年
0947-12C-04	0728-01-19	正朔一	开元十六年	开元十五年
0947-12C-05	0728-01-20	正朔一	开元十六年	开元十五年
0947-12C-06	0728-01-21	正朔一	开元十六年	开元十五年
0947-12C-07	0728-01-22	正朔一	开元十六年	开元十五年
0947-12C-08	0728-01-23	正朔一	开元十六年	开元十五年
0947-12C-09	0728-01-24	正朔一	开元十六年	开元十五年
0947-12C-10	0728-01-25	正朔一	开元十六年	开元十五年
0947-12C-11	0728-01-26	正朔一	开元十六年	开元十五年
0947-12C-12	0728-01-27	正朔一	开元十六年	开元十五年
0947-12C-13	0728-01-28	正朔一	开元十六年	开元十五年
0947-12C-14	0728-01-29	正朔一	开元十六年	开元十五年
0947-12C-15	0728-01-30	正朔一	开元十六年	开元十五年
0947-12C-16	0728-01-31	正朔一	开元十六年	开元十五年
0947-12C-17	0728-02-01	正朔一	开元十六年	开元十五年
0947-12C-18	0728-02-02	正朔一	开元十六年	开元十五年
0947-12C-19	0728-02-03	正朔一	开元十六年	开元十五年
0947-12C-20	0728-02-04	正朔一	开元十六年	开元十五年
0947-12C-21	0728-02-05	正朔一	开元十六年	开元十五年
0947-12C-22	0728-02-06	正朔一	开元十六年	开元十五年
0947-12C-23	0728-02-07	正朔一	开元十六年	开元十五年
0947-12C-24	0728-02-08	正朔一	开元十六年	开元十五年
0947-12C-25	0728-02-09	正朔一	开元十六年	开元十五年
0947-12C-26	0728-02-10	正朔一	开元十六年	开元十五年
0947-12C-27	0728-02-11	正朔一	开元十六年	开元十五年
0947-12C-28	0728-02-12	正朔一	开元十六年	开元十五年
0947-12C-29	0728-02-13	正朔一	开元十六年	开元十五年
0947-12C-30	0728-02-14	正朔一	开元十六年	开元十五年
0948-11C-27	0729-01-01	正朔一	开元十七年	开元十六年
0948-11C-28	0729-01-02	正朔一	开元十七年	开元十六年
0948-11C-29	0729-01-03	正朔一	开元十七年	开元十六年
0948-12C-01	0729-01-04	正朔一	开元十七年	开元十六年
0948-12C-02	0729-01-05	正朔一	开元十七年	开元十六年
0948-12C-03	0729-01-06	正朔一	开元十七年	开元十六年
0948-12C-04	0729-01-07	正朔一	开元十七年	开元十六年
0948-12C-05	0729-01-08	正朔一	开元十七年	开元十六年
0948-12C-06	0729-01-09	正朔一	开元十七年	开元十六年
0948-12C-07	0729-01-10	正朔一	开元十七年	开元十六年
0948-12C-08	0729-01-11	正朔一	开元十七年	开元十六年
0948-12C-09	0729-01-12	正朔一	开元十七年	开元十六年
0948-12C-10	0729-01-13	正朔一	开元十七年	开元十六年
0948-12C-11	0729-01-14	正朔一	开元十七年	开元十六年
0948-12C-12	0729-01-15	正朔一	开元十七年	开元十六年
0948-12C-13	0729-01-16	正朔一	开元十七年	开元十六年
0948-12C-14	0729-01-17	正朔一	开元十七年	开元十六年
0948-12C-15	0729-01-18	正朔一	开元十七年	开元十六年
0948-12C-16	0729-01-19	正朔一	开元十七年	开元十六年
0948-12C-17	0729-01-20	正朔一	开元十七年	开元十六年
0948-12C-18	0729-01-21	正朔一	开元十七年	开元十六年
0948-12C-19	0729-01-22	正朔一	开元十七年	开元十六年
0948-12C-20	0729-01-23	正朔一	开元十七年	开元十六年
0948-12C-21	0729-01-24	正朔一	开元十七年	开元十六年
0948-12C-22	0729-01-25	正朔一	开元十七年	开元十六年
0948-12C-23	0729-01-26	正朔一	开元十七年	开元十六年
0948-12C-24	0729-01-27	正朔一	开元十七年	开元十六年
0948-12C-25	0729-01-28	正朔一	开元十七年	开元十六年
0948-12C-26	0729-01-29	正朔一	开元十七年	开元十六年
0948-12C-27	0729-01-30	正朔一	开元十七年	开元十六年
0948-12C-28	0729-01-31	正朔一	开元十七年	开元十六年
0948-12C-29	0729-02-01	正朔一	开元十七年	开元十六年
0948-12C-30	0729-02-02	正朔一	开元十七年	开元十六年
0949-12C-08	0730-01-01	正朔一	开元十八年	开元十七年
0949-12C-09	0730-01-02	正朔一	开元十八年	开元十七年
0949-12C-10	0730-01-03	正朔一	开元十八年	开元十七年
0949-12C-11	0730-01-04	正朔一	开元十八年	开元十七年
0949-12C-12	0730-01-05	正朔一	开元十八年	开元十七年
0949-12C-13	0730-01-06	正朔一	开元十八年	开元十七年
0949-12C-14	0730-01-07	正朔一	开元十八年	开元十七年
0949-12C-15	0730-01-08	正朔一	开元十八年	开元十七年
0949-12C-16	0730-01-09	正朔一	开元十八年	开元十七年
0949-12C-17	0730-01-10	正朔一	开元十八年	开元十七年
0949-12C-18	0730-01-11	正朔一	开元十八年	开元十七年
0949-12C-19	0730-01-12	正朔一	开元十八年	开元十七年
0949-12C-20	0730-01-13	正朔一	开元十八年	开元十七年
0949-12C-21	0730-01-14	正朔一	开元十八年	开元十七年
0949-12C-22	0730-01-15	正朔一	开元十八年	开元十七年
0949-12C-23	0730-01-16	正朔一	开元十八年	开元十七年
0949-12C-24	0730-01-17	正朔一	开元十八年	开元十七年
0949-12C-25	0730-01-18	正朔一	开元十八年	开元十七年
0949-12C-26	0730-01-19	正朔一	开元十八年	开元十七年
0949-12C-27	0730-01-20	正朔一	开元十八年	开元十七年
0949-12C-28	0730-01-21	正朔一	开元十八年	开元十七年
0949-12C-29	0730-01-22	正朔一	开元十八年	开元十七年
0950-11C-19	0731-01-01	正朔一	开元十九年	开元十八年
0950-11C-20	0731-01-02	正朔一	开元十九年	开元十八年
0950-11C-21	0731-01-03	正朔一	开元十九年	开元十八年
0950-11C-22	0731-01-04	正朔一	开元十九年	开元十八年
0950-11C-23	0731-01-05	正朔一	开元十九年	开元十八年
0950-11C-24	0731-01-06	正朔一	开元十九年	开元十八年
0950-11C-25	0731-01-07	正朔一	开元十九年	开元十八年
0950-11C-26	0731-01-08	正朔一	开元十九年	开元十八年
0950-11C-27	0731-01-09	正朔一	开元十九年	开元十八年
0950-11C-28	0731-01-10	正朔一	开元十九年	开元十八年
0950-11C-29	0731-01-11	正朔一	开元十九年	开元十八年
0950-11C-30	0731-01-12	正朔一	开元十九年	开元十八年
0950-12C-01	0731-01-13	正朔一	开元十九年	开元十八年
0950-12C-02	0731-01-14	正朔一	开元十九年	开元十八年
0950-12C-03	0731-01-15	正朔一	开元十九年	开元十八年
0950-12C-04	0731-01-16	正朔一	开元十九年	开元十八年
0950-12C-05	0731-01-17	正朔一	开元十九年	开元十八年
0950-12C-06	0731-01-18	正朔一	开元十九年	开元十八年
0950-12C-07	0731-01-19	正朔一	开元十九年	开元十八年
0950-12C-08	0731-01-20	正朔一	开元十九年	开元十八年
0950-12C-09	0731-01-21	正朔一	开元十九年	开元十八年
0950-12C-10	0731-01-22	正朔一	开元十九年	开元十八年
0950-12C-11	0731-01-23	正朔一	开元十九年	开元十八年
0950-12C-12	0731-01-24	正朔一	开元十九年	开元十八年
0950-12C-13	0731-01-25	正朔一	开元十九年	开元十八年
0950-12C-14	0731-01-26	正朔一	开元十九年	开元十八年
0950-12C-15	0731-01-27	正朔一	开元十九年	开元十八年
0950-12C-16	0731-01-28	正朔一	开元十九年	开元十八年
0950-12C-17	0731-01-29	正朔一	开元十九年	开元十八年
0950-12C-18	0731-01-30	正朔一	开元十九年	开元十八年
0950-12C-19	0731-01-31	正朔一	开元十九年	开元十八年
0950-12C-20	0731-02-01	正朔一	开元十九年	开元十八年
0950-12C-21	0731-02-02	正朔一	开元十九年	开元十八年
0950-12C-22	0731-02-03	正朔一	开元十九年	开元十八年
0950-12C-23	0731-02-04	正朔一	开元十九年	开元十八年
0950-12C-24	0731-02-05	正朔一	开元十九年	开元十八年
0950-12C-25	0731-02-06	正朔一	开元十九年	开元十八年
0950-12C-26	0731-02-07	正朔一	开元十九年	开元十八年
0950-12C-27	0731-02-08	正朔一	开元十九年	开元十八年
0950-12C-28	0731-02-09	正朔一	开元十九年	开元十八年
0950-12C-29	0731-02-10	正朔一	开元十九年	开元十八年
0951-11C-29	0732-01-01	正朔一	开元二十年	开元十九年
0951-11C-30	0732-01-02	正朔一	开元二十年	开元十九年
0951-12C-01	0732-01-03	正朔一	开元二十年	开元十九年
0951-12C-02	0732-01-04	正朔一	开元二十年	开元十九年
0951-12C-03	0732-01-05	正朔一	开元二十年	开元十九年
0951-12C-04	0732-01-06	正朔一	开元二十年	开元十九年
0951-12C-05	0732-01-07	正朔一	开元二十年	开元十九年
0951-12C-06	0732-01-08	正朔一	开元二十年	开元十九年
0951-12C-07	0732-01-09	正朔一	开元二十年	开元十九年
0951-12C-08	0732-01-10	正朔一	开元二十年	开元十九年
0951-12C-09	0732-01-11	正朔一	开元二十年	开元十九年
0951-12C-10	0732-01-12	正朔一	开元二十年	开元十九年
0951-12C-11	0732-01-13	正朔一	开元二十年	开元十九年
0951-12C-12	0732-01-14	正朔一	开元二十年	开元十九年
0951-12C-13	0732-01-15	正朔一	开元二十年	开元十九年
0951-12C-14	0732-01-16	正朔一	开元二十年	开元十九年
0951-12C-15	0732-01-17	正朔一	开元二十年	开元十九年
0951-12C-16	0732-01-18	正朔一	开元二十年	开元十九年
0951-12C-17	0732-01-19	正朔一	开元二十年	开元十九年
0951-12C-18	0732-01-20	正朔一	开元二十年	开元十九年
0951-12C-19	0732-01-21	正朔一	开元二十年	开元十九年
0951-12C-20	0732-01-22	正朔一	开元二十年	开元十九年
0951-12C-21	0732-01-23	正朔一	开元二十年	开元十九年
0951-12C-22	0732-01-24	正朔一	开元二十年	开元十九年
0951-12C-23	0732-01-25	正朔一	开元二十年	开元十九年
0951-12C-24	0732-01-26	正朔一	开元二十年	开元十九年
0951-12C-25	0732-01-27	正朔一	开元二十年	开元十九年
0951-12C-26	0732-01-28	正朔一	开元二十年	开元十九年
0951-12C-27	0732-01-29	正朔一	开元二十年	开元十九年
0951-12C-28	0732-01-30	正朔一	开元二十年	开元十九年
0951-12C-29	0732-01-31	正朔一	开元二十年	开元十九年
0952-12C-11	0733-01-01	正朔一	开元二十一年	开元二十年
0952-12C-12	0733-01-02	正朔一	开元二十一年	开元二十年
0952-12C-13	0733-01-03	正朔一	开元二十一年	开元二十年
0952-12C-14	0733-01-04	正朔一	开元二十一年	开元二十年
0952-12C-15	0733-01-05	正朔一	开元二十一年	开元二十年
0952-12C-16	0733-01-06	正朔一	开元二十一年	开元二十年
0952-12C-17	0733-01-07	正朔一	开元二十一年	开元二十年
0952-12C-18	0733-01-08	正朔一	开元二十一年	开元二十年
0952-12C-19	0733-01-09	正朔一	开元二十一年	开元二十年
0952-12C-20	0733-01-10	正朔一	开元二十一年	开元二十年
0952-12C-21	0733-01-11	正朔一	开元二十一年	开元二十年
0952-12C-22	0733-01-12	正朔一	开元二十一年	开元二十年
0952-12C-23	0733-01-13	正朔一	开元二十一年	开元二十年
0952-12C-24	0733-01-14	正朔一	开元二十一年	开元二十年
0952-12C-25	0733-01-15	正朔一	开元二十一年	开元二十年
0952-12C-26	0733-01-16	正朔一	开元二十一年	开元二十年
0952-12C-27	0733-01-17	正朔一	开元二十一年	开元二十年
0952-12C-28	0733-01-18	正朔一	开元二十一年	开元二十年
0952-12C-29	0733-01-19	正朔一	开元二十一年	开元二十年
0952-12C-30	0733-01-20	正朔一	开元二十一年	开元二十年
0953-11C-22	0734-01-01	正朔一	开元二十二年	开元二十一年
0953-11C-23	0734-01-02	正朔一	开元二十二年	开元二十一年
0953-11C-24	0734-01-03	正朔一	开元二十二年	开元二十一年
0953-11C-25	0734-01-04	正朔一	开元二十二年	开元二十一年
0953-11C-26	0734-01-05	正朔一	开元二十二年	开元二十一年
0953-11C-27	0734-01-06	正朔一	开元二十二年	开元二十一年
0953-11C-28	0734-01-07	正朔一	开元二十二年	开元二十一年
0953-11C-29	0734-01-08	正朔一	开元二十二年	开元二十一年
0953-11C-30	0734-01-09	正朔一	开元二十二年	开元二十一年
0953-12C-01	0734-01-10	正朔一	开元二十二年	开元二十一年
0953-12C-02	0734-01-11	正朔一	开元二十二年	开元二十一年
0953-12C-03	0734-01-12	正朔一	开元二十二年	开元二十一年
0953-12C-04	0734-01-13	正朔一	开元二十二年	开元二十一年
0953-12C-05	0734-01-14	正朔一	开元二十二年	开元二十一年
0953-12C-06	0734-01-15	正朔一	开元二十二年	开元二十一年
0953-12C-07	0734-01-16	正朔一	开元二十二年	开元二十一年
0953-12C-08	0734-01-17	正朔一	开元二十二年	开元二十一年
0953-12C-09	0734-01-18	正朔一	开元二十二年	开元二十一年
0953-12C-10	0734-01-19	正朔一	开元二十二年	开元二十一年
0953-12C-11	0734-01-20	正朔一	开元二十二年	开元二十一年
0953-12C-12	0734-01-21	正朔一	开元二十二年	开元二十一年
0953-12C-13	0734-01-22	正朔一	开元二十二年	开元二十一年
0953-12C-14	0734-01-23	正朔一	开元二十二年	开元二十一年
0953-12C-15	0734-01-24	正朔一	开元二十二年	开元二十一年
0953-12C-16	0734-01-25	正朔一	开元二十二年	开元二十一年
0953-12C-17	0734-01-26	正朔一	开元二十二年	开元二十一年
0953-12C-18	0734-01-27	正朔一	开元二十二年	开元二十一年
0953-12C-19	0734-01-28	正朔一	开元二十二年	开元二十一年
0953-12C-20	0734-01-29	正朔一	开元二十二年	开元二十一年
0953-12C-21	0734-01-30	正朔一	开元二十二年	开元二十一年
0953-12C-22	0734-01-31	正朔一	开元二十二年	开元二十一年
0953-12C-23	0734-02-01	正朔一	开元二十二年	开元二十一年
0953-12C-24	0734-02-02	正朔一	开元二十二年	开元二十一年
0953-12C-25	0734-02-03	正朔一	开元二十二年	开元二十一年
0953-12C-26	0734-02-04	正朔一	开元二十二年	开元二十一年
0953-12C-27	0734-02-05	正朔一	开元二十二年	开元二十一年
0953-12C-28	0734-02-06	正朔一	开元二十二年	开元二十一年
0953-12C-29	0734-02-07	正朔一	开元二十二年	开元二十一年
0953-12C-30	0734-02-08	正朔一	开元二十二年	开元二十一年
0954-12C-03	0735-01-01	正朔一	开元二十三年	开元二十二年
0954-12C-04	0735-01-02	正朔一	开元二十三年	开元二十二年
0954-12C-05	0735-01-03	正朔一	开元二十三年	开元二十二年
0954-12C-06	0735-01-04	正朔一	开元二十三年	开元二十二年
0954-12C-07	0735-01-05	正朔一	开元二十三年	开元二十二年
0954-12C-08	0735-01-06	正朔一	开元二十三年	开元二十二年
0954-12C-09	0735-01-07	正朔一	开元二十三年	开元二十二年
0954-12C-10	0735-01-08	正朔一	开元二十三年	开元二十二年
0954-12C-11	0735-01-09	正朔一	开元二十三年	开元二十二年
0954-12C-12	0735-01-10	正朔一	开元二十三年	开元二十二年
0954-12C-13	0735-01-11	正朔一	开元二十三年	开元二十二年
0954-12C-14	0735-01-12	正朔一	开元二十三年	开元二十二年
0954-12C-15	0735-01-13	正朔一	开元二十三年	开元二十二年
0954-12C-16	0735-01-14	正朔一	开元二十三年	开元二十二年
0954-12C-17	0735-01-15	正朔一	开元二十三年	开元二十二年
0954-12C-18	0735-01-16	正朔一	开元二十三年	开元二十二年
0954-12C-19	0735-01-17	正朔一	开元二十三年	开元二十二年
0954-12C-20	0735-01-18	正朔一	开元二十三年	开元二十二年
0954-12C-21	0735-01-19	正朔一	开元二十三年	开元二十二年
0954-12C-22	0735-01-20	正朔一	开元二十三年	开元二十二年
0954-12C-23	0735-01-21	正朔一	开元二十三年	开元二十二年
0954-12C-24	0735-01-22	正朔一	开元二十三年	开元二十二年
0954-12C-25	0735-01-23	正朔一	开元二十三年	开元二十二年
0954-12C-26	0735-01-24	正朔一	开元二十三年	开元二十二年
0954-12C-27	0735-01-25	正朔一	开元二十三年	开元二十二年
0954-12C-28	0735-01-26	正朔一	开元二十三年	开元二十二年
0954-12C-29	0735-01-27	正朔一	开元二十三年	开元二十二年
0954-12C-30	0735-01-28	正朔一	开元二十三年	开元二十二年
0955-11L-14	0736-01-01	正朔一	开元二十四年	开元二十三年
0955-11L-15	0736-01-02	正朔一	开元二十四年	开元二十三年
0955-11L-16	0736-01-03	正朔一	开元二十四年	开元二十三年
0955-11L-17	0736-01-04	正朔一	开元二十四年	开元二十三年
0955-11L-18	0736-01-05	正朔一	开元二十四年	开元二十三年
0955-11L-19	0736-01-06	正朔一	开元二十四年	开元二十三年
0955-11L-20	0736-01-07	正朔一	开元二十四年	开元二十三年
0955-11L-21	0736-01-08	正朔一	开元二十四年	开元二十三年
0955-11L-22	0736-01-09	正朔一	开元二十四年	开元二十三年
0955-11L-23	0736-01-10	正朔一	开元二十四年	开元二十三年
0955-11L-24	0736-01-11	正朔一	开元二十四年	开元二十三年
0955-11L-25	0736-01-12	正朔一	开元二十四年	开元二十三年
0955-11L-26	0736-01-13	正朔一	开元二十四年	开元二十三年
0955-11L-27	0736-01-14	正朔一	开元二十四年	开元二十三年
0955-11L-28	0736-01-15	正朔一	开元二十四年	开元二十三年
0955-11L-29	0736-01-16	正朔一	开元二十四年	开元二十三年
0955-11L-30	0736-01-17	正朔一	开元二十四年	开元二十三年
0955-12C-01	0736-01-18	正朔一	开元二十四年	开元二十三年
0955-12C-02	0736-01-19	正朔一	开元二十四年	开元二十三年
0955-12C-03	0736-01-20	正朔一	开元二十四年	开元二十三年
0955-12C-04	0736-01-21	正朔一	开元二十四年	开元二十三年
0955-12C-05	0736-01-22	正朔一	开元二十四年	开元二十三年
0955-12C-06	0736-01-23	正朔一	开元二十四年	开元二十三年
0955-12C-07	0736-01-24	正朔一	开元二十四年	开元二十三年
0955-12C-08	0736-01-25	正朔一	开元二十四年	开元二十三年
0955-12C-09	0736-01-26	正朔一	开元二十四年	开元二十三年
0955-12C-10	0736-01-27	正朔一	开元二十四年	开元二十三年
0955-12C-11	0736-01-28	正朔一	开元二十四年	开元二十三年
0955-12C-12	0736-01-29	正朔一	开元二十四年	开元二十三年
0955-12C-13	0736-01-30	正朔一	开元二十四年	开元二十三年
0955-12C-14	0736-01-31	正朔一	开元二十四年	开元二十三年
0955-12C-15	0736-02-01	正朔一	开元二十四年	开元二十三年
0955-12C-16	0736-02-02	正朔一	开元二十四年	开元二十三年
0955-12C-17	0736-02-03	正朔一	开元二十四年	开元二十三年
0955-12C-18	0736-02-04	正朔一	开元二十四年	开元二十三年
0955-12C-19	0736-02-05	正朔一	开元二十四年	开元二十三年
0955-12C-20	0736-02-06	正朔一	开元二十四年	开元二十三年
0955-12C-21	0736-02-07	正朔一	开元二十四年	开元二十三年
0955-12C-22	0736-02-08	正朔一	开元二十四年	开元二十三年
0955-12C-23	0736-02-09	正朔一	开元二十四年	开元二十三年
0955-12C-24	0736-02-10	正朔一	开元二十四年	开元二十三年
0955-12C-25	0736-02-11	正朔一	开元二十四年	开元二十三年
0955-12C-26	0736-02-12	正朔一	开元二十四年	开元二十三年
0955-12C-27	0736-02-13	正朔一	开元二十四年	开元二十三年
0955-12C-28	0736-02-14	正朔一	开元二十四年	开元二十三年
0955-12C-29	0736-02-15	正朔一	开元二十四年	开元二十三年
0956-11C-26	0737-01-01	正朔一	开元二十五年	开元二十四年
0956-11C-27	0737-01-02	正朔一	开元二十五年	开元二十四年
0956-11C-28	0737-01-03	正朔一	开元二十五年	开元二十四年
0956-11C-29	0737-01-04	正朔一	开元二十五年	开元二十四年
0956-11C-30	0737-01-05	正朔一	开元二十五年	开元二十四年
0956-12C-01	0737-01-06	正朔一	开元二十五年	开元二十四年
0956-12C-02	0737-01-07	正朔一	开元二十五年	开元二十四年
0956-12C-03	0737-01-08	正朔一	开元二十五年	开元二十四年
0956-12C-04	0737-01-09	正朔一	开元二十五年	开元二十四年
0956-12C-05	0737-01-10	正朔一	开元二十五年	开元二十四年
0956-12C-06	0737-01-11	正朔一	开元二十五年	开元二十四年
0956-12C-07	0737-01-12	正朔一	开元二十五年	开元二十四年
0956-12C-08	0737-01-13	正朔一	开元二十五年	开元二十四年
0956-12C-09	0737-01-14	正朔一	开元二十五年	开元二十四年
0956-12C-10	0737-01-15	正朔一	开元二十五年	开元二十四年
0956-12C-11	0737-01-16	正朔一	开元二十五年	开元二十四年
0956-12C-12	0737-01-17	正朔一	开元二十五年	开元二十四年
0956-12C-13	0737-01-18	正朔一	开元二十五年	开元二十四年
0956-12C-14	0737-01-19	正朔一	开元二十五年	开元二十四年
0956-12C-15	0737-01-20	正朔一	开元二十五年	开元二十四年
0956-12C-16	0737-01-21	正朔一	开元二十五年	开元二十四年
0956-12C-17	0737-01-22	正朔一	开元二十五年	开元二十四年
0956-12C-18	0737-01-23	正朔一	开元二十五年	开元二十四年
0956-12C-19	0737-01-24	正朔一	开元二十五年	开元二十四年
0956-12C-20	0737-01-25	正朔一	开元二十五年	开元二十四年
0956-12C-21	0737-01-26	正朔一	开元二十五年	开元二十四年
0956-12C-22	0737-01-27	正朔一	开元二十五年	开元二十四年
0956-12C-23	0737-01-28	正朔一	开元二十五年	开元二十四年
0956-12C-24	0737-01-29	正朔一	开元二十五年	开元二十四年
0956-12C-25	0737-01-30	正朔一	开元二十五年	开元二十四年
0956-12C-26	0737-01-31	正朔一	开元二十五年	开元二十四年
0956-12C-27	0737-02-01	正朔一	开元二十五年	开元二十四年
0956-12C-28	0737-02-02	正朔一	开元二十五年	开元二十四年
0956-12C-29	0737-02-03	正朔一	开元二十五年	开元二十四年
0957-12C-07	0738-01-01	正朔一	开元二十六年	开元二十五年
0957-12C-08	0738-01-02	正朔一	开元二十六年	开元二十五年
0957-12C-09	0738-01-03	正朔一	开元二十六年	开元二十五年
0957-12C-10	0738-01-04	正朔一	开元二十六年	开元二十五年
0957-12C-11	0738-01-05	正朔一	开元二十六年	开元二十五年
0957-12C-12	0738-01-06	正朔一	开元二十六年	开元二十五年
0957-12C-13	0738-01-07	正朔一	开元二十六年	开元二十五年
0957-12C-14	0738-01-08	正朔一	开元二十六年	开元二十五年
0957-12C-15	0738-01-09	正朔一	开元二十六年	开元二十五年
0957-12C-16	0738-01-10	正朔一	开元二十六年	开元二十五年
0957-12C-17	0738-01-11	正朔一	开元二十六年	开元二十五年
0957-12C-18	0738-01-12	正朔一	开元二十六年	开元二十五年
0957-12C-19	0738-01-13	正朔一	开元二十六年	开元二十五年
0957-12C-20	0738-01-14	正朔一	开元二十六年	开元二十五年
0957-12C-21	0738-01-15	正朔一	开元二十六年	开元二十五年
0957-12C-22	0738-01-16	正朔一	开元二十六年	开元二十五年
0957-12C-23	0738-01-17	正朔一	开元二十六年	开元二十五年
0957-12C-24	0738-01-18	正朔一	开元二十六年	开元二十五年
0957-12C-25	0738-01-19	正朔一	开元二十六年	开元二十五年
0957-12C-26	0738-01-20	正朔一	开元二十六年	开元二十五年
0957-12C-27	0738-01-21	正朔一	开元二十六年	开元二十五年
0957-12C-28	0738-01-22	正朔一	开元二十六年	开元二十五年
0957-12C-29	0738-01-23	正朔一	开元二十六年	开元二十五年
0957-12C-30	0738-01-24	正朔一	开元二十六年	开元二十五年
0958-11C-17	0739-01-01	正朔一	开元二十七年	开元二十六年
0958-11C-18	0739-01-02	正朔一	开元二十七年	开元二十六年
0958-11C-19	0739-01-03	正朔一	开元二十七年	开元二十六年
0958-11C-20	0739-01-04	正朔一	开元二十七年	开元二十六年
0958-11C-21	0739-01-05	正朔一	开元二十七年	开元二十六年
0958-11C-22	0739-01-06	正朔一	开元二十七年	开元二十六年
0958-11C-23	0739-01-07	正朔一	开元二十七年	开元二十六年
0958-11C-24	0739-01-08	正朔一	开元二十七年	开元二十六年
0958-11C-25	0739-01-09	正朔一	开元二十七年	开元二十六年
0958-11C-26	0739-01-10	正朔一	开元二十七年	开元二十六年
0958-11C-27	0739-01-11	正朔一	开元二十七年	开元二十六年
0958-11C-28	0739-01-12	正朔一	开元二十七年	开元二十六年
0958-11C-29	0739-01-13	正朔一	开元二十七年	开元二十六年
0958-12C-01	0739-01-14	正朔一	开元二十七年	开元二十六年
0958-12C-02	0739-01-15	正朔一	开元二十七年	开元二十六年
0958-12C-03	0739-01-16	正朔一	开元二十七年	开元二十六年
0958-12C-04	0739-01-17	正朔一	开元二十七年	开元二十六年
0958-12C-05	0739-01-18	正朔一	开元二十七年	开元二十六年
0958-12C-06	0739-01-19	正朔一	开元二十七年	开元二十六年
0958-12C-07	0739-01-20	正朔一	开元二十七年	开元二十六年
0958-12C-08	0739-01-21	正朔一	开元二十七年	开元二十六年
0958-12C-09	0739-01-22	正朔一	开元二十七年	开元二十六年
0958-12C-10	0739-01-23	正朔一	开元二十七年	开元二十六年
0958-12C-11	0739-01-24	正朔一	开元二十七年	开元二十六年
0958-12C-12	0739-01-25	正朔一	开元二十七年	开元二十六年
0958-12C-13	0739-01-26	正朔一	开元二十七年	开元二十六年
0958-12C-14	0739-01-27	正朔一	开元二十七年	开元二十六年
0958-12C-15	0739-01-28	正朔一	开元二十七年	开元二十六年
0958-12C-16	0739-01-29	正朔一	开元二十七年	开元二十六年
0958-12C-17	0739-01-30	正朔一	开元二十七年	开元二十六年
0958-12C-18	0739-01-31	正朔一	开元二十七年	开元二十六年
0958-12C-19	0739-02-01	正朔一	开元二十七年	开元二十六年
0958-12C-20	0739-02-02	正朔一	开元二十七年	开元二十六年
0958-12C-21	0739-02-03	正朔一	开元二十七年	开元二十六年
0958-12C-22	0739-02-04	正朔一	开元二十七年	开元二十六年
0958-12C-23	0739-02-05	正朔一	开元二十七年	开元二十六年
0958-12C-24	0739-02-06	正朔一	开元二十七年	开元二十六年
0958-12C-25	0739-02-07	正朔一	开元二十七年	开元二十六年
0958-12C-26	0739-02-08	正朔一	开元二十七年	开元二十六年
0958-12C-27	0739-02-09	正朔一	开元二十七年	开元二十六年
0958-12C-28	0739-02-10	正朔一	开元二十七年	开元二十六年
0958-12C-29	0739-02-11	正朔一	开元二十七年	开元二十六年
0958-12C-30	0739-02-12	正朔一	开元二十七年	开元二十六年
0959-11C-28	0740-01-01	正朔一	开元二十八年	开元二十七年
0959-11C-29	0740-01-02	正朔一	开元二十八年	开元二十七年
0959-11C-30	0740-01-03	正朔一	开元二十八年	开元二十七年
0959-12C-01	0740-01-04	正朔一	开元二十八年	开元二十七年
0959-12C-02	0740-01-05	正朔一	开元二十八年	开元二十七年
0959-12C-03	0740-01-06	正朔一	开元二十八年	开元二十七年
0959-12C-04	0740-01-07	正朔一	开元二十八年	开元二十七年
0959-12C-05	0740-01-08	正朔一	开元二十八年	开元二十七年
0959-12C-06	0740-01-09	正朔一	开元二十八年	开元二十七年
0959-12C-07	0740-01-10	正朔一	开元二十八年	开元二十七年
0959-12C-08	0740-01-11	正朔一	开元二十八年	开元二十七年
0959-12C-09	0740-01-12	正朔一	开元二十八年	开元二十七年
0959-12C-10	0740-01-13	正朔一	开元二十八年	开元二十七年
0959-12C-11	0740-01-14	正朔一	开元二十八年	开元二十七年
0959-12C-12	0740-01-15	正朔一	开元二十八年	开元二十七年
0959-12C-13	0740-01-16	正朔一	开元二十八年	开元二十七年
0959-12C-14	0740-01-17	正朔一	开元二十八年	开元二十七年
0959-12C-15	0740-01-18	正朔一	开元二十八年	开元二十七年
0959-12C-16	0740-01-19	正朔一	开元二十八年	开元二十七年
0959-12C-17	0740-01-20	正朔一	开元二十八年	开元二十七年
0959-12C-18	0740-01-21	正朔一	开元二十八年	开元二十七年
0959-12C-19	0740-01-22	正朔一	开元二十八年	开元二十七年
0959-12C-20	0740-01-23	正朔一	开元二十八年	开元二十七年
0959-12C-21	0740-01-24	正朔一	开元二十八年	开元二十七年
0959-12C-22	0740-01-25	正朔一	开元二十八年	开元二十七年
0959-12C-23	0740-01-26	正朔一	开元二十八年	开元二十七年
0959-12C-24	0740-01-27	正朔一	开元二十八年	开元二十七年
0959-12C-25	0740-01-28	正朔一	开元二十八年	开元二十七年
0959-12C-26	0740-01-29	正朔一	开元二十八年	开元二十七年
0959-12C-27	0740-01-30	正朔一	开元二十八年	开元二十七年
0959-12C-28	0740-01-31	正朔一	开元二十八年	开元二十七年
0959-12C-29	0740-02-01	正朔一	开元二十八年	开元二十七年
0960-12C-10	0741-01-01	正朔一	开元二十九年	开元二十八年
0960-12C-11	0741-01-02	正朔一	开元二十九年	开元二十八年
0960-12C-12	0741-01-03	正朔一	开元二十九年	开元二十八年
0960-12C-13	0741-01-04	正朔一	开元二十九年	开元二十八年
0960-12C-14	0741-01-05	正朔一	开元二十九年	开元二十八年
0960-12C-15	0741-01-06	正朔一	开元二十九年	开元二十八年
0960-12C-16	0741-01-07	正朔一	开元二十九年	开元二十八年
0960-12C-17	0741-01-08	正朔一	开元二十九年	开元二十八年
0960-12C-18	0741-01-09	正朔一	开元二十九年	开元二十八年
0960-12C-19	0741-01-10	正朔一	开元二十九年	开元二十八年
0960-12C-20	0741-01-11	正朔一	开元二十九年	开元二十八年
0960-12C-21	0741-01-12	正朔一	开元二十九年	开元二十八年
0960-12C-22	0741-01-13	正朔一	开元二十九年	开元二十八年
0960-12C-23	0741-01-14	正朔一	开元二十九年	开元二十八年
0960-12C-24	0741-01-15	正朔一	开元二十九年	开元二十八年
0960-12C-25	0741-01-16	正朔一	开元二十九年	开元二十八年
0960-12C-26	0741-01-17	正朔一	开元二十九年	开元二十八年
0960-12C-27	0741-01-18	正朔一	开元二十九年	开元二十八年
0960-12C-28	0741-01-19	正朔一	开元二十九年	开元二十八年
0960-12C-29	0741-01-20	正朔一	开元二十九年	开元二十八年
0960-12C-30	0741-01-21	正朔一	开元二十九年	开元二十八年
0962-12C-01	0743-01-01	正朔一	天宝二年	天宝元年
0962-12C-02	0743-01-02	正朔一	天宝二年	天宝元年
0962-12C-03	0743-01-03	正朔一	天宝二年	天宝元年
0962-12C-04	0743-01-04	正朔一	天宝二年	天宝元年
0962-12C-05	0743-01-05	正朔一	天宝二年	天宝元年
0962-12C-06	0743-01-06	正朔一	天宝二年	天宝元年
0962-12C-07	0743-01-07	正朔一	天宝二年	天宝元年
0962-12C-08	0743-01-08	正朔一	天宝二年	天宝元年
0962-12C-09	0743-01-09	正朔一	天宝二年	天宝元年
0962-12C-10	0743-01-10	正朔一	天宝二年	天宝元年
0962-12C-11	0743-01-11	正朔一	天宝二年	天宝元年
0962-12C-12	0743-01-12	正朔一	天宝二年	天宝元年
0962-12C-13	0743-01-13	正朔一	天宝二年	天宝元年
0962-12C-14	0743-01-14	正朔一	天宝二年	天宝元年
0962-12C-15	0743-01-15	正朔一	天宝二年	天宝元年
0962-12C-16	0743-01-16	正朔一	天宝二年	天宝元年
0962-12C-17	0743-01-17	正朔一	天宝二年	天宝元年
0962-12C-18	0743-01-18	正朔一	天宝二年	天宝元年
0962-12C-19	0743-01-19	正朔一	天宝二年	天宝元年
0962-12C-20	0743-01-20	正朔一	天宝二年	天宝元年
0962-12C-21	0743-01-21	正朔一	天宝二年	天宝元年
0962-12C-22	0743-01-22	正朔一	天宝二年	天宝元年
0962-12C-23	0743-01-23	正朔一	天宝二年	天宝元年
0962-12C-24	0743-01-24	正朔一	天宝二年	天宝元年
0962-12C-25	0743-01-25	正朔一	天宝二年	天宝元年
0962-12C-26	0743-01-26	正朔一	天宝二年	天宝元年
0962-12C-27	0743-01-27	正朔一	天宝二年	天宝元年
0962-12C-28	0743-01-28	正朔一	天宝二年	天宝元年
0962-12C-29	0743-01-29	正朔一	天宝二年	天宝元年
0964-11C-24	0745-01-01	正朔一	天宝四载	天宝三载
0964-11C-25	0745-01-02	正朔一	天宝四载	天宝三载
0964-11C-26	0745-01-03	正朔一	天宝四载	天宝三载
0964-11C-27	0745-01-04	正朔一	天宝四载	天宝三载
0964-11C-28	0745-01-05	正朔一	天宝四载	天宝三载
0964-11C-29	0745-01-06	正朔一	天宝四载	天宝三载
0964-11C-30	0745-01-07	正朔一	天宝四载	天宝三载
0964-12C-01	0745-01-08	正朔一	天宝四载	天宝三载
0964-12C-02	0745-01-09	正朔一	天宝四载	天宝三载
0964-12C-03	0745-01-10	正朔一	天宝四载	天宝三载
0964-12C-04	0745-01-11	正朔一	天宝四载	天宝三载
0964-12C-05	0745-01-12	正朔一	天宝四载	天宝三载
0964-12C-06	0745-01-13	正朔一	天宝四载	天宝三载
0964-12C-07	0745-01-14	正朔一	天宝四载	天宝三载
0964-12C-08	0745-01-15	正朔一	天宝四载	天宝三载
0964-12C-09	0745-01-16	正朔一	天宝四载	天宝三载
0964-12C-10	0745-01-17	正朔一	天宝四载	天宝三载
0964-12C-11	0745-01-18	正朔一	天宝四载	天宝三载
0964-12C-12	0745-01-19	正朔一	天宝四载	天宝三载
0964-12C-13	0745-01-20	正朔一	天宝四载	天宝三载
0964-12C-14	0745-01-21	正朔一	天宝四载	天宝三载
0964-12C-15	0745-01-22	正朔一	天宝四载	天宝三载
0964-12C-16	0745-01-23	正朔一	天宝四载	天宝三载
0964-12C-17	0745-01-24	正朔一	天宝四载	天宝三载
0964-12C-18	0745-01-25	正朔一	天宝四载	天宝三载
0964-12C-19	0745-01-26	正朔一	天宝四载	天宝三载
0964-12C-20	0745-01-27	正朔一	天宝四载	天宝三载
0964-12C-21	0745-01-28	正朔一	天宝四载	天宝三载
0964-12C-22	0745-01-29	正朔一	天宝四载	天宝三载
0964-12C-23	0745-01-30	正朔一	天宝四载	天宝三载
0964-12C-24	0745-01-31	正朔一	天宝四载	天宝三载
0964-12C-25	0745-02-01	正朔一	天宝四载	天宝三载
0964-12C-26	0745-02-02	正朔一	天宝四载	天宝三载
0964-12C-27	0745-02-03	正朔一	天宝四载	天宝三载
0964-12C-28	0745-02-04	正朔一	天宝四载	天宝三载
0964-12C-29	0745-02-05	正朔一	天宝四载	天宝三载
0965-12C-05	0746-01-01	正朔一	天宝五载	天宝四载
0965-12C-06	0746-01-02	正朔一	天宝五载	天宝四载
0965-12C-07	0746-01-03	正朔一	天宝五载	天宝四载
0965-12C-08	0746-01-04	正朔一	天宝五载	天宝四载
0965-12C-09	0746-01-05	正朔一	天宝五载	天宝四载
0965-12C-10	0746-01-06	正朔一	天宝五载	天宝四载
0965-12C-11	0746-01-07	正朔一	天宝五载	天宝四载
0965-12C-12	0746-01-08	正朔一	天宝五载	天宝四载
0965-12C-13	0746-01-09	正朔一	天宝五载	天宝四载
0965-12C-14	0746-01-10	正朔一	天宝五载	天宝四载
0965-12C-15	0746-01-11	正朔一	天宝五载	天宝四载
0965-12C-16	0746-01-12	正朔一	天宝五载	天宝四载
0965-12C-17	0746-01-13	正朔一	天宝五载	天宝四载
0965-12C-18	0746-01-14	正朔一	天宝五载	天宝四载
0965-12C-19	0746-01-15	正朔一	天宝五载	天宝四载
0965-12C-20	0746-01-16	正朔一	天宝五载	天宝四载
0965-12C-21	0746-01-17	正朔一	天宝五载	天宝四载
0965-12C-22	0746-01-18	正朔一	天宝五载	天宝四载
0965-12C-23	0746-01-19	正朔一	天宝五载	天宝四载
0965-12C-24	0746-01-20	正朔一	天宝五载	天宝四载
0965-12C-25	0746-01-21	正朔一	天宝五载	天宝四载
0965-12C-26	0746-01-22	正朔一	天宝五载	天宝四载
0965-12C-27	0746-01-23	正朔一	天宝五载	天宝四载
0965-12C-28	0746-01-24	正朔一	天宝五载	天宝四载
0965-12C-29	0746-01-25	正朔一	天宝五载	天宝四载
0966-11C-16	0747-01-01	正朔一	天宝六载	天宝五载
0966-11C-17	0747-01-02	正朔一	天宝六载	天宝五载
0966-11C-18	0747-01-03	正朔一	天宝六载	天宝五载
0966-11C-19	0747-01-04	正朔一	天宝六载	天宝五载
0966-11C-20	0747-01-05	正朔一	天宝六载	天宝五载
0966-11C-21	0747-01-06	正朔一	天宝六载	天宝五载
0966-11C-22	0747-01-07	正朔一	天宝六载	天宝五载
0966-11C-23	0747-01-08	正朔一	天宝六载	天宝五载
0966-11C-24	0747-01-09	正朔一	天宝六载	天宝五载
0966-11C-25	0747-01-10	正朔一	天宝六载	天宝五载
0966-11C-26	0747-01-11	正朔一	天宝六载	天宝五载
0966-11C-27	0747-01-12	正朔一	天宝六载	天宝五载
0966-11C-28	0747-01-13	正朔一	天宝六载	天宝五载
0966-11C-29	0747-01-14	正朔一	天宝六载	天宝五载
0966-11C-30	0747-01-15	正朔一	天宝六载	天宝五载
0966-12C-01	0747-01-16	正朔一	天宝六载	天宝五载
0966-12C-02	0747-01-17	正朔一	天宝六载	天宝五载
0966-12C-03	0747-01-18	正朔一	天宝六载	天宝五载
0966-12C-04	0747-01-19	正朔一	天宝六载	天宝五载
0966-12C-05	0747-01-20	正朔一	天宝六载	天宝五载
0966-12C-06	0747-01-21	正朔一	天宝六载	天宝五载
0966-12C-07	0747-01-22	正朔一	天宝六载	天宝五载
0966-12C-08	0747-01-23	正朔一	天宝六载	天宝五载
0966-12C-09	0747-01-24	正朔一	天宝六载	天宝五载
0966-12C-10	0747-01-25	正朔一	天宝六载	天宝五载
0966-12C-11	0747-01-26	正朔一	天宝六载	天宝五载
0966-12C-12	0747-01-27	正朔一	天宝六载	天宝五载
0966-12C-13	0747-01-28	正朔一	天宝六载	天宝五载
0966-12C-14	0747-01-29	正朔一	天宝六载	天宝五载
0966-12C-15	0747-01-30	正朔一	天宝六载	天宝五载
0966-12C-16	0747-01-31	正朔一	天宝六载	天宝五载
0966-12C-17	0747-02-01	正朔一	天宝六载	天宝五载
0966-12C-18	0747-02-02	正朔一	天宝六载	天宝五载
0966-12C-19	0747-02-03	正朔一	天宝六载	天宝五载
0966-12C-20	0747-02-04	正朔一	天宝六载	天宝五载
0966-12C-21	0747-02-05	正朔一	天宝六载	天宝五载
0966-12C-22	0747-02-06	正朔一	天宝六载	天宝五载
0966-12C-23	0747-02-07	正朔一	天宝六载	天宝五载
0966-12C-24	0747-02-08	正朔一	天宝六载	天宝五载
0966-12C-25	0747-02-09	正朔一	天宝六载	天宝五载
0966-12C-26	0747-02-10	正朔一	天宝六载	天宝五载
0966-12C-27	0747-02-11	正朔一	天宝六载	天宝五载
0966-12C-28	0747-02-12	正朔一	天宝六载	天宝五载
0966-12C-29	0747-02-13	正朔一	天宝六载	天宝五载
0967-11C-26	0748-01-01	正朔一	天宝七载	天宝六载
0967-11C-27	0748-01-02	正朔一	天宝七载	天宝六载
0967-11C-28	0748-01-03	正朔一	天宝七载	天宝六载
0967-11C-29	0748-01-04	正朔一	天宝七载	天宝六载
0967-12C-01	0748-01-05	正朔一	天宝七载	天宝六载
0967-12C-02	0748-01-06	正朔一	天宝七载	天宝六载
0967-12C-03	0748-01-07	正朔一	天宝七载	天宝六载
0967-12C-04	0748-01-08	正朔一	天宝七载	天宝六载
0967-12C-05	0748-01-09	正朔一	天宝七载	天宝六载
0967-12C-06	0748-01-10	正朔一	天宝七载	天宝六载
0967-12C-07	0748-01-11	正朔一	天宝七载	天宝六载
0967-12C-08	0748-01-12	正朔一	天宝七载	天宝六载
0967-12C-09	0748-01-13	正朔一	天宝七载	天宝六载
0967-12C-10	0748-01-14	正朔一	天宝七载	天宝六载
0967-12C-11	0748-01-15	正朔一	天宝七载	天宝六载
0967-12C-12	0748-01-16	正朔一	天宝七载	天宝六载
0967-12C-13	0748-01-17	正朔一	天宝七载	天宝六载
0967-12C-14	0748-01-18	正朔一	天宝七载	天宝六载
0967-12C-15	0748-01-19	正朔一	天宝七载	天宝六载
0967-12C-16	0748-01-20	正朔一	天宝七载	天宝六载
0967-12C-17	0748-01-21	正朔一	天宝七载	天宝六载
0967-12C-18	0748-01-22	正朔一	天宝七载	天宝六载
0967-12C-19	0748-01-23	正朔一	天宝七载	天宝六载
0967-12C-20	0748-01-24	正朔一	天宝七载	天宝六载
0967-12C-21	0748-01-25	正朔一	天宝七载	天宝六载
0967-12C-22	0748-01-26	正朔一	天宝七载	天宝六载
0967-12C-23	0748-01-27	正朔一	天宝七载	天宝六载
0967-12C-24	0748-01-28	正朔一	天宝七载	天宝六载
0967-12C-25	0748-01-29	正朔一	天宝七载	天宝六载
0967-12C-26	0748-01-30	正朔一	天宝七载	天宝六载
0967-12C-27	0748-01-31	正朔一	天宝七载	天宝六载
0967-12C-28	0748-02-01	正朔一	天宝七载	天宝六载
0967-12C-29	0748-02-02	正朔一	天宝七载	天宝六载
0967-12C-30	0748-02-03	正朔一	天宝七载	天宝六载
0968-12C-08	0749-01-01	正朔一	天宝八载	天宝七载
0968-12C-09	0749-01-02	正朔一	天宝八载	天宝七载
0968-12C-10	0749-01-03	正朔一	天宝八载	天宝七载
0968-12C-11	0749-01-04	正朔一	天宝八载	天宝七载
0968-12C-12	0749-01-05	正朔一	天宝八载	天宝七载
0968-12C-13	0749-01-06	正朔一	天宝八载	天宝七载
0968-12C-14	0749-01-07	正朔一	天宝八载	天宝七载
0968-12C-15	0749-01-08	正朔一	天宝八载	天宝七载
0968-12C-16	0749-01-09	正朔一	天宝八载	天宝七载
0968-12C-17	0749-01-10	正朔一	天宝八载	天宝七载
0968-12C-18	0749-01-11	正朔一	天宝八载	天宝七载
0968-12C-19	0749-01-12	正朔一	天宝八载	天宝七载
0968-12C-20	0749-01-13	正朔一	天宝八载	天宝七载
0968-12C-21	0749-01-14	正朔一	天宝八载	天宝七载
0968-12C-22	0749-01-15	正朔一	天宝八载	天宝七载
0968-12C-23	0749-01-16	正朔一	天宝八载	天宝七载
0968-12C-24	0749-01-17	正朔一	天宝八载	天宝七载
0968-12C-25	0749-01-18	正朔一	天宝八载	天宝七载
0968-12C-26	0749-01-19	正朔一	天宝八载	天宝七载
0968-12C-27	0749-01-20	正朔一	天宝八载	天宝七载
0968-12C-28	0749-01-21	正朔一	天宝八载	天宝七载
0968-12C-29	0749-01-22	正朔一	天宝八载	天宝七载
0969-11C-19	0750-01-01	正朔一	天宝九载	天宝八载
0969-11C-20	0750-01-02	正朔一	天宝九载	天宝八载
0969-11C-21	0750-01-03	正朔一	天宝九载	天宝八载
0969-11C-22	0750-01-04	正朔一	天宝九载	天宝八载
0969-11C-23	0750-01-05	正朔一	天宝九载	天宝八载
0969-11C-24	0750-01-06	正朔一	天宝九载	天宝八载
0969-11C-25	0750-01-07	正朔一	天宝九载	天宝八载
0969-11C-26	0750-01-08	正朔一	天宝九载	天宝八载
0969-11C-27	0750-01-09	正朔一	天宝九载	天宝八载
0969-11C-28	0750-01-10	正朔一	天宝九载	天宝八载
0969-11C-29	0750-01-11	正朔一	天宝九载	天宝八载
0969-11C-30	0750-01-12	正朔一	天宝九载	天宝八载
0969-12C-01	0750-01-13	正朔一	天宝九载	天宝八载
0969-12C-02	0750-01-14	正朔一	天宝九载	天宝八载
0969-12C-03	0750-01-15	正朔一	天宝九载	天宝八载
0969-12C-04	0750-01-16	正朔一	天宝九载	天宝八载
0969-12C-05	0750-01-17	正朔一	天宝九载	天宝八载
0969-12C-06	0750-01-18	正朔一	天宝九载	天宝八载
0969-12C-07	0750-01-19	正朔一	天宝九载	天宝八载
0969-12C-08	0750-01-20	正朔一	天宝九载	天宝八载
0969-12C-09	0750-01-21	正朔一	天宝九载	天宝八载
0969-12C-10	0750-01-22	正朔一	天宝九载	天宝八载
0969-12C-11	0750-01-23	正朔一	天宝九载	天宝八载
0969-12C-12	0750-01-24	正朔一	天宝九载	天宝八载
0969-12C-13	0750-01-25	正朔一	天宝九载	天宝八载
0969-12C-14	0750-01-26	正朔一	天宝九载	天宝八载
0969-12C-15	0750-01-27	正朔一	天宝九载	天宝八载
0969-12C-16	0750-01-28	正朔一	天宝九载	天宝八载
0969-12C-17	0750-01-29	正朔一	天宝九载	天宝八载
0969-12C-18	0750-01-30	正朔一	天宝九载	天宝八载
0969-12C-19	0750-01-31	正朔一	天宝九载	天宝八载
0969-12C-20	0750-02-01	正朔一	天宝九载	天宝八载
0969-12C-21	0750-02-02	正朔一	天宝九载	天宝八载
0969-12C-22	0750-02-03	正朔一	天宝九载	天宝八载
0969-12C-23	0750-02-04	正朔一	天宝九载	天宝八载
0969-12C-24	0750-02-05	正朔一	天宝九载	天宝八载
0969-12C-25	0750-02-06	正朔一	天宝九载	天宝八载
0969-12C-26	0750-02-07	正朔一	天宝九载	天宝八载
0969-12C-27	0750-02-08	正朔一	天宝九载	天宝八载
0969-12C-28	0750-02-09	正朔一	天宝九载	天宝八载
0969-12C-29	0750-02-10	正朔一	天宝九载	天宝八载
0970-11C-29	0751-01-01	正朔一	天宝十载	天宝九载
0970-11C-30	0751-01-02	正朔一	天宝十载	天宝九载
0970-12C-01	0751-01-03	正朔一	天宝十载	天宝九载
0970-12C-02	0751-01-04	正朔一	天宝十载	天宝九载
0970-12C-03	0751-01-05	正朔一	天宝十载	天宝九载
0970-12C-04	0751-01-06	正朔一	天宝十载	天宝九载
0970-12C-05	0751-01-07	正朔一	天宝十载	天宝九载
0970-12C-06	0751-01-08	正朔一	天宝十载	天宝九载
0970-12C-07	0751-01-09	正朔一	天宝十载	天宝九载
0970-12C-08	0751-01-10	正朔一	天宝十载	天宝九载
0970-12C-09	0751-01-11	正朔一	天宝十载	天宝九载
0970-12C-10	0751-01-12	正朔一	天宝十载	天宝九载
0970-12C-11	0751-01-13	正朔一	天宝十载	天宝九载
0970-12C-12	0751-01-14	正朔一	天宝十载	天宝九载
0970-12C-13	0751-01-15	正朔一	天宝十载	天宝九载
0970-12C-14	0751-01-16	正朔一	天宝十载	天宝九载
0970-12C-15	0751-01-17	正朔一	天宝十载	天宝九载
0970-12C-16	0751-01-18	正朔一	天宝十载	天宝九载
0970-12C-17	0751-01-19	正朔一	天宝十载	天宝九载
0970-12C-18	0751-01-20	正朔一	天宝十载	天宝九载
0970-12C-19	0751-01-21	正朔一	天宝十载	天宝九载
0970-12C-20	0751-01-22	正朔一	天宝十载	天宝九载
0970-12C-21	0751-01-23	正朔一	天宝十载	天宝九载
0970-12C-22	0751-01-24	正朔一	天宝十载	天宝九载
0970-12C-23	0751-01-25	正朔一	天宝十载	天宝九载
0970-12C-24	0751-01-26	正朔一	天宝十载	天宝九载
0970-12C-25	0751-01-27	正朔一	天宝十载	天宝九载
0970-12C-26	0751-01-28	正朔一	天宝十载	天宝九载
0970-12C-27	0751-01-29	正朔一	天宝十载	天宝九载
0970-12C-28	0751-01-30	正朔一	天宝十载	天宝九载
0970-12C-29	0751-01-31	正朔一	天宝十载	天宝九载
0971-12C-10	0752-01-01	正朔一	天宝十一载	天宝十载
0971-12C-11	0752-01-02	正朔一	天宝十一载	天宝十载
0971-12C-12	0752-01-03	正朔一	天宝十一载	天宝十载
0971-12C-13	0752-01-04	正朔一	天宝十一载	天宝十载
0971-12C-14	0752-01-05	正朔一	天宝十一载	天宝十载
0971-12C-15	0752-01-06	正朔一	天宝十一载	天宝十载
0971-12C-16	0752-01-07	正朔一	天宝十一载	天宝十载
0971-12C-17	0752-01-08	正朔一	天宝十一载	天宝十载
0971-12C-18	0752-01-09	正朔一	天宝十一载	天宝十载
0971-12C-19	0752-01-10	正朔一	天宝十一载	天宝十载
0971-12C-20	0752-01-11	正朔一	天宝十一载	天宝十载
0971-12C-21	0752-01-12	正朔一	天宝十一载	天宝十载
0971-12C-22	0752-01-13	正朔一	天宝十一载	天宝十载
0971-12C-23	0752-01-14	正朔一	天宝十一载	天宝十载
0971-12C-24	0752-01-15	正朔一	天宝十一载	天宝十载
0971-12C-25	0752-01-16	正朔一	天宝十一载	天宝十载
0971-12C-26	0752-01-17	正朔一	天宝十一载	天宝十载
0971-12C-27	0752-01-18	正朔一	天宝十一载	天宝十载
0971-12C-28	0752-01-19	正朔一	天宝十一载	天宝十载
0971-12C-29	0752-01-20	正朔一	天宝十一载	天宝十载
0972-11C-22	0753-01-01	正朔一	天宝十二载	天宝十一载
0972-11C-23	0753-01-02	正朔一	天宝十二载	天宝十一载
0972-11C-24	0753-01-03	正朔一	天宝十二载	天宝十一载
0972-11C-25	0753-01-04	正朔一	天宝十二载	天宝十一载
0972-11C-26	0753-01-05	正朔一	天宝十二载	天宝十一载
0972-11C-27	0753-01-06	正朔一	天宝十二载	天宝十一载
0972-11C-28	0753-01-07	正朔一	天宝十二载	天宝十一载
0972-11C-29	0753-01-08	正朔一	天宝十二载	天宝十一载
0972-12C-01	0753-01-09	正朔一	天宝十二载	天宝十一载
0972-12C-02	0753-01-10	正朔一	天宝十二载	天宝十一载
0972-12C-03	0753-01-11	正朔一	天宝十二载	天宝十一载
0972-12C-04	0753-01-12	正朔一	天宝十二载	天宝十一载
0972-12C-05	0753-01-13	正朔一	天宝十二载	天宝十一载
0972-12C-06	0753-01-14	正朔一	天宝十二载	天宝十一载
0972-12C-07	0753-01-15	正朔一	天宝十二载	天宝十一载
0972-12C-08	0753-01-16	正朔一	天宝十二载	天宝十一载
0972-12C-09	0753-01-17	正朔一	天宝十二载	天宝十一载
0972-12C-10	0753-01-18	正朔一	天宝十二载	天宝十一载
0972-12C-11	0753-01-19	正朔一	天宝十二载	天宝十一载
0972-12C-12	0753-01-20	正朔一	天宝十二载	天宝十一载
0972-12C-13	0753-01-21	正朔一	天宝十二载	天宝十一载
0972-12C-14	0753-01-22	正朔一	天宝十二载	天宝十一载
0972-12C-15	0753-01-23	正朔一	天宝十二载	天宝十一载
0972-12C-16	0753-01-24	正朔一	天宝十二载	天宝十一载
0972-12C-17	0753-01-25	正朔一	天宝十二载	天宝十一载
0972-12C-18	0753-01-26	正朔一	天宝十二载	天宝十一载
0972-12C-19	0753-01-27	正朔一	天宝十二载	天宝十一载
0972-12C-20	0753-01-28	正朔一	天宝十二载	天宝十一载
0972-12C-21	0753-01-29	正朔一	天宝十二载	天宝十一载
0972-12C-22	0753-01-30	正朔一	天宝十二载	天宝十一载
0972-12C-23	0753-01-31	正朔一	天宝十二载	天宝十一载
0972-12C-24	0753-02-01	正朔一	天宝十二载	天宝十一载
0972-12C-25	0753-02-02	正朔一	天宝十二载	天宝十一载
0972-12C-26	0753-02-03	正朔一	天宝十二载	天宝十一载
0972-12C-27	0753-02-04	正朔一	天宝十二载	天宝十一载
0972-12C-28	0753-02-05	正朔一	天宝十二载	天宝十一载
0972-12C-29	0753-02-06	正朔一	天宝十二载	天宝十一载
0972-12C-30	0753-02-07	正朔一	天宝十二载	天宝十一载
0973-12C-04	0754-01-01	正朔一	天宝十三载	天宝十二载
0973-12C-05	0754-01-02	正朔一	天宝十三载	天宝十二载
0973-12C-06	0754-01-03	正朔一	天宝十三载	天宝十二载
0973-12C-07	0754-01-04	正朔一	天宝十三载	天宝十二载
0973-12C-08	0754-01-05	正朔一	天宝十三载	天宝十二载
0973-12C-09	0754-01-06	正朔一	天宝十三载	天宝十二载
0973-12C-10	0754-01-07	正朔一	天宝十三载	天宝十二载
0973-12C-11	0754-01-08	正朔一	天宝十三载	天宝十二载
0973-12C-12	0754-01-09	正朔一	天宝十三载	天宝十二载
0973-12C-13	0754-01-10	正朔一	天宝十三载	天宝十二载
0973-12C-14	0754-01-11	正朔一	天宝十三载	天宝十二载
0973-12C-15	0754-01-12	正朔一	天宝十三载	天宝十二载
0973-12C-16	0754-01-13	正朔一	天宝十三载	天宝十二载
0973-12C-17	0754-01-14	正朔一	天宝十三载	天宝十二载
0973-12C-18	0754-01-15	正朔一	天宝十三载	天宝十二载
0973-12C-19	0754-01-16	正朔一	天宝十三载	天宝十二载
0973-12C-20	0754-01-17	正朔一	天宝十三载	天宝十二载
0973-12C-21	0754-01-18	正朔一	天宝十三载	天宝十二载
0973-12C-22	0754-01-19	正朔一	天宝十三载	天宝十二载
0973-12C-23	0754-01-20	正朔一	天宝十三载	天宝十二载
0973-12C-24	0754-01-21	正朔一	天宝十三载	天宝十二载
0973-12C-25	0754-01-22	正朔一	天宝十三载	天宝十二载
0973-12C-26	0754-01-23	正朔一	天宝十三载	天宝十二载
0973-12C-27	0754-01-24	正朔一	天宝十三载	天宝十二载
0973-12C-28	0754-01-25	正朔一	天宝十三载	天宝十二载
0973-12C-29	0754-01-26	正朔一	天宝十三载	天宝十二载
0973-12C-30	0754-01-27	正朔一	天宝十三载	天宝十二载
0974-11L-14	0755-01-01	正朔一	天宝十四载	天宝十三载
0974-11L-15	0755-01-02	正朔一	天宝十四载	天宝十三载
0974-11L-16	0755-01-03	正朔一	天宝十四载	天宝十三载
0974-11L-17	0755-01-04	正朔一	天宝十四载	天宝十三载
0974-11L-18	0755-01-05	正朔一	天宝十四载	天宝十三载
0974-11L-19	0755-01-06	正朔一	天宝十四载	天宝十三载
0974-11L-20	0755-01-07	正朔一	天宝十四载	天宝十三载
0974-11L-21	0755-01-08	正朔一	天宝十四载	天宝十三载
0974-11L-22	0755-01-09	正朔一	天宝十四载	天宝十三载
0974-11L-23	0755-01-10	正朔一	天宝十四载	天宝十三载
0974-11L-24	0755-01-11	正朔一	天宝十四载	天宝十三载
0974-11L-25	0755-01-12	正朔一	天宝十四载	天宝十三载
0974-11L-26	0755-01-13	正朔一	天宝十四载	天宝十三载
0974-11L-27	0755-01-14	正朔一	天宝十四载	天宝十三载
0974-11L-28	0755-01-15	正朔一	天宝十四载	天宝十三载
0974-11L-29	0755-01-16	正朔一	天宝十四载	天宝十三载
0974-12C-01	0755-01-17	正朔一	天宝十四载	天宝十三载
0974-12C-02	0755-01-18	正朔一	天宝十四载	天宝十三载
0974-12C-03	0755-01-19	正朔一	天宝十四载	天宝十三载
0974-12C-04	0755-01-20	正朔一	天宝十四载	天宝十三载
0974-12C-05	0755-01-21	正朔一	天宝十四载	天宝十三载
0974-12C-06	0755-01-22	正朔一	天宝十四载	天宝十三载
0974-12C-07	0755-01-23	正朔一	天宝十四载	天宝十三载
0974-12C-08	0755-01-24	正朔一	天宝十四载	天宝十三载
0974-12C-09	0755-01-25	正朔一	天宝十四载	天宝十三载
0974-12C-10	0755-01-26	正朔一	天宝十四载	天宝十三载
0974-12C-11	0755-01-27	正朔一	天宝十四载	天宝十三载
0974-12C-12	0755-01-28	正朔一	天宝十四载	天宝十三载
0974-12C-13	0755-01-29	正朔一	天宝十四载	天宝十三载
0974-12C-14	0755-01-30	正朔一	天宝十四载	天宝十三载
0974-12C-15	0755-01-31	正朔一	天宝十四载	天宝十三载
0974-12C-16	0755-02-01	正朔一	天宝十四载	天宝十三载
0974-12C-17	0755-02-02	正朔一	天宝十四载	天宝十三载
0974-12C-18	0755-02-03	正朔一	天宝十四载	天宝十三载
0974-12C-19	0755-02-04	正朔一	天宝十四载	天宝十三载
0974-12C-20	0755-02-05	正朔一	天宝十四载	天宝十三载
0974-12C-21	0755-02-06	正朔一	天宝十四载	天宝十三载
0974-12C-22	0755-02-07	正朔一	天宝十四载	天宝十三载
0974-12C-23	0755-02-08	正朔一	天宝十四载	天宝十三载
0974-12C-24	0755-02-09	正朔一	天宝十四载	天宝十三载
0974-12C-25	0755-02-10	正朔一	天宝十四载	天宝十三载
0974-12C-26	0755-02-11	正朔一	天宝十四载	天宝十三载
0974-12C-27	0755-02-12	正朔一	天宝十四载	天宝十三载
0974-12C-28	0755-02-13	正朔一	天宝十四载	天宝十三载
0974-12C-29	0755-02-14	正朔一	天宝十四载	天宝十三载
0974-12C-30	0755-02-15	正朔一	天宝十四载	天宝十三载
0975-11C-25	0756-01-01	正朔一	天宝十五载	天宝十四载
0975-11C-26	0756-01-02	正朔一	天宝十五载	天宝十四载
0975-11C-27	0756-01-03	正朔一	天宝十五载	天宝十四载
0975-11C-28	0756-01-04	正朔一	天宝十五载	天宝十四载
0975-11C-29	0756-01-05	正朔一	天宝十五载	天宝十四载
0975-11C-30	0756-01-06	正朔一	天宝十五载	天宝十四载
0975-12C-01	0756-01-07	正朔一	天宝十五载	天宝十四载
0975-12C-02	0756-01-08	正朔一	天宝十五载	天宝十四载
0975-12C-03	0756-01-09	正朔一	天宝十五载	天宝十四载
0975-12C-04	0756-01-10	正朔一	天宝十五载	天宝十四载
0975-12C-05	0756-01-11	正朔一	天宝十五载	天宝十四载
0975-12C-06	0756-01-12	正朔一	天宝十五载	天宝十四载
0975-12C-07	0756-01-13	正朔一	天宝十五载	天宝十四载
0975-12C-08	0756-01-14	正朔一	天宝十五载	天宝十四载
0975-12C-09	0756-01-15	正朔一	天宝十五载	天宝十四载
0975-12C-10	0756-01-16	正朔一	天宝十五载	天宝十四载
0975-12C-11	0756-01-17	正朔一	天宝十五载	天宝十四载
0975-12C-12	0756-01-18	正朔一	天宝十五载	天宝十四载
0975-12C-13	0756-01-19	正朔一	天宝十五载	天宝十四载
0975-12C-14	0756-01-20	正朔一	天宝十五载	天宝十四载
0975-12C-15	0756-01-21	正朔一	天宝十五载	天宝十四载
0975-12C-16	0756-01-22	正朔一	天宝十五载	天宝十四载
0975-12C-17	0756-01-23	正朔一	天宝十五载	天宝十四载
0975-12C-18	0756-01-24	正朔一	天宝十五载	天宝十四载
0975-12C-19	0756-01-25	正朔一	天宝十五载	天宝十四载
0975-12C-20	0756-01-26	正朔一	天宝十五载	天宝十四载
0975-12C-21	0756-01-27	正朔一	天宝十五载	天宝十四载
0975-12C-22	0756-01-28	正朔一	天宝十五载	天宝十四载
0975-12C-23	0756-01-29	正朔一	天宝十五载	天宝十四载
0975-12C-24	0756-01-30	正朔一	天宝十五载	天宝十四载
0975-12C-25	0756-01-31	正朔一	天宝十五载	天宝十四载
0975-12C-26	0756-02-01	正朔一	天宝十五载	天宝十四载
0975-12C-27	0756-02-02	正朔一	天宝十五载	天宝十四载
0975-12C-28	0756-02-03	正朔一	天宝十五载	天宝十四载
0975-12C-29	0756-02-04	正朔一	天宝十五载	天宝十四载
0976-12C-07	0757-01-01	正朔一	至德二载	至德元载
0976-12C-08	0757-01-02	正朔一	至德二载	至德元载
0976-12C-09	0757-01-03	正朔一	至德二载	至德元载
0976-12C-10	0757-01-04	正朔一	至德二载	至德元载
0976-12C-11	0757-01-05	正朔一	至德二载	至德元载
0976-12C-12	0757-01-06	正朔一	至德二载	至德元载
0976-12C-13	0757-01-07	正朔一	至德二载	至德元载
0976-12C-14	0757-01-08	正朔一	至德二载	至德元载
0976-12C-15	0757-01-09	正朔一	至德二载	至德元载
0976-12C-16	0757-01-10	正朔一	至德二载	至德元载
0976-12C-17	0757-01-11	正朔一	至德二载	至德元载
0976-12C-18	0757-01-12	正朔一	至德二载	至德元载
0976-12C-19	0757-01-13	正朔一	至德二载	至德元载
0976-12C-20	0757-01-14	正朔一	至德二载	至德元载
0976-12C-21	0757-01-15	正朔一	至德二载	至德元载
0976-12C-22	0757-01-16	正朔一	至德二载	至德元载
0976-12C-23	0757-01-17	正朔一	至德二载	至德元载
0976-12C-24	0757-01-18	正朔一	至德二载	至德元载
0976-12C-25	0757-01-19	正朔一	至德二载	至德元载
0976-12C-26	0757-01-20	正朔一	至德二载	至德元载
0976-12C-27	0757-01-21	正朔一	至德二载	至德元载
0976-12C-28	0757-01-22	正朔一	至德二载	至德元载
0976-12C-29	0757-01-23	正朔一	至德二载	至德元载
0976-12C-30	0757-01-24	正朔一	至德二载	至德元载
0977-11C-17	0758-01-01	正朔一	至德三载	至德二载
0977-11C-18	0758-01-02	正朔一	至德三载	至德二载
0977-11C-19	0758-01-03	正朔一	至德三载	至德二载
0977-11C-20	0758-01-04	正朔一	至德三载	至德二载
0977-11C-21	0758-01-05	正朔一	至德三载	至德二载
0977-11C-22	0758-01-06	正朔一	至德三载	至德二载
0977-11C-23	0758-01-07	正朔一	至德三载	至德二载
0977-11C-24	0758-01-08	正朔一	至德三载	至德二载
0977-11C-25	0758-01-09	正朔一	至德三载	至德二载
0977-11C-26	0758-01-10	正朔一	至德三载	至德二载
0977-11C-27	0758-01-11	正朔一	至德三载	至德二载
0977-11C-28	0758-01-12	正朔一	至德三载	至德二载
0977-11C-29	0758-01-13	正朔一	至德三载	至德二载
0977-12C-01	0758-01-14	正朔一	至德三载	至德二载
0977-12C-02	0758-01-15	正朔一	至德三载	至德二载
0977-12C-03	0758-01-16	正朔一	至德三载	至德二载
0977-12C-04	0758-01-17	正朔一	至德三载	至德二载
0977-12C-05	0758-01-18	正朔一	至德三载	至德二载
0977-12C-06	0758-01-19	正朔一	至德三载	至德二载
0977-12C-07	0758-01-20	正朔一	至德三载	至德二载
0977-12C-08	0758-01-21	正朔一	至德三载	至德二载
0977-12C-09	0758-01-22	正朔一	至德三载	至德二载
0977-12C-10	0758-01-23	正朔一	至德三载	至德二载
0977-12C-11	0758-01-24	正朔一	至德三载	至德二载
0977-12C-12	0758-01-25	正朔一	至德三载	至德二载
0977-12C-13	0758-01-26	正朔一	至德三载	至德二载
0977-12C-14	0758-01-27	正朔一	至德三载	至德二载
0977-12C-15	0758-01-28	正朔一	至德三载	至德二载
0977-12C-16	0758-01-29	正朔一	至德三载	至德二载
0977-12C-17	0758-01-30	正朔一	至德三载	至德二载
0977-12C-18	0758-01-31	正朔一	至德三载	至德二载
0977-12C-19	0758-02-01	正朔一	至德三载	至德二载
0977-12C-20	0758-02-02	正朔一	至德三载	至德二载
0977-12C-21	0758-02-03	正朔一	至德三载	至德二载
0977-12C-22	0758-02-04	正朔一	至德三载	至德二载
0977-12C-23	0758-02-05	正朔一	至德三载	至德二载
0977-12C-24	0758-02-06	正朔一	至德三载	至德二载
0977-12C-25	0758-02-07	正朔一	至德三载	至德二载
0977-12C-26	0758-02-08	正朔一	至德三载	至德二载
0977-12C-27	0758-02-09	正朔一	至德三载	至德二载
0977-12C-28	0758-02-10	正朔一	至德三载	至德二载
0977-12C-29	0758-02-11	正朔一	至德三载	至德二载
0977-12C-30	0758-02-12	正朔一	至德三载	至德二载
0978-11C-27	0759-01-01	正朔一	乾元二年	乾元元年
0978-11C-28	0759-01-02	正朔一	乾元二年	乾元元年
0978-11C-29	0759-01-03	正朔一	乾元二年	乾元元年
0978-12C-01	0759-01-04	正朔一	乾元二年	乾元元年
0978-12C-02	0759-01-05	正朔一	乾元二年	乾元元年
0978-12C-03	0759-01-06	正朔一	乾元二年	乾元元年
0978-12C-04	0759-01-07	正朔一	乾元二年	乾元元年
0978-12C-05	0759-01-08	正朔一	乾元二年	乾元元年
0978-12C-06	0759-01-09	正朔一	乾元二年	乾元元年
0978-12C-07	0759-01-10	正朔一	乾元二年	乾元元年
0978-12C-08	0759-01-11	正朔一	乾元二年	乾元元年
0978-12C-09	0759-01-12	正朔一	乾元二年	乾元元年
0978-12C-10	0759-01-13	正朔一	乾元二年	乾元元年
0978-12C-11	0759-01-14	正朔一	乾元二年	乾元元年
0978-12C-12	0759-01-15	正朔一	乾元二年	乾元元年
0978-12C-13	0759-01-16	正朔一	乾元二年	乾元元年
0978-12C-14	0759-01-17	正朔一	乾元二年	乾元元年
0978-12C-15	0759-01-18	正朔一	乾元二年	乾元元年
0978-12C-16	0759-01-19	正朔一	乾元二年	乾元元年
0978-12C-17	0759-01-20	正朔一	乾元二年	乾元元年
0978-12C-18	0759-01-21	正朔一	乾元二年	乾元元年
0978-12C-19	0759-01-22	正朔一	乾元二年	乾元元年
0978-12C-20	0759-01-23	正朔一	乾元二年	乾元元年
0978-12C-21	0759-01-24	正朔一	乾元二年	乾元元年
0978-12C-22	0759-01-25	正朔一	乾元二年	乾元元年
0978-12C-23	0759-01-26	正朔一	乾元二年	乾元元年
0978-12C-24	0759-01-27	正朔一	乾元二年	乾元元年
0978-12C-25	0759-01-28	正朔一	乾元二年	乾元元年
0978-12C-26	0759-01-29	正朔一	乾元二年	乾元元年
0978-12C-27	0759-01-30	正朔一	乾元二年	乾元元年
0978-12C-28	0759-01-31	正朔一	乾元二年	乾元元年
0978-12C-29	0759-02-01	正朔一	乾元二年	乾元元年
0978-12C-30	0759-02-02	正朔一	乾元二年	乾元元年
0979-12C-09	0760-01-01	正朔一	乾元三年	乾元二年
0979-12C-10	0760-01-02	正朔一	乾元三年	乾元二年
0979-12C-11	0760-01-03	正朔一	乾元三年	乾元二年
0979-12C-12	0760-01-04	正朔一	乾元三年	乾元二年
0979-12C-13	0760-01-05	正朔一	乾元三年	乾元二年
0979-12C-14	0760-01-06	正朔一	乾元三年	乾元二年
0979-12C-15	0760-01-07	正朔一	乾元三年	乾元二年
0979-12C-16	0760-01-08	正朔一	乾元三年	乾元二年
0979-12C-17	0760-01-09	正朔一	乾元三年	乾元二年
0979-12C-18	0760-01-10	正朔一	乾元三年	乾元二年
0979-12C-19	0760-01-11	正朔一	乾元三年	乾元二年
0979-12C-20	0760-01-12	正朔一	乾元三年	乾元二年
0979-12C-21	0760-01-13	正朔一	乾元三年	乾元二年
0979-12C-22	0760-01-14	正朔一	乾元三年	乾元二年
0979-12C-23	0760-01-15	正朔一	乾元三年	乾元二年
0979-12C-24	0760-01-16	正朔一	乾元三年	乾元二年
0979-12C-25	0760-01-17	正朔一	乾元三年	乾元二年
0979-12C-26	0760-01-18	正朔一	乾元三年	乾元二年
0979-12C-27	0760-01-19	正朔一	乾元三年	乾元二年
0979-12C-28	0760-01-20	正朔一	乾元三年	乾元二年
0979-12C-29	0760-01-21	正朔一	乾元三年	乾元二年
0979-12C-30	0760-01-22	正朔一	乾元三年	乾元二年
0980-11C-21	0761-01-01	正朔一	上元二年	上元元年
0980-11C-22	0761-01-02	正朔一	上元二年	上元元年
0980-11C-23	0761-01-03	正朔一	上元二年	上元元年
0980-11C-24	0761-01-04	正朔一	上元二年	上元元年
0980-11C-25	0761-01-05	正朔一	上元二年	上元元年
0980-11C-26	0761-01-06	正朔一	上元二年	上元元年
0980-11C-27	0761-01-07	正朔一	上元二年	上元元年
0980-11C-28	0761-01-08	正朔一	上元二年	上元元年
0980-11C-29	0761-01-09	正朔一	上元二年	上元元年
0980-11C-30	0761-01-10	正朔一	上元二年	上元元年
0980-12C-01	0761-01-11	正朔一	上元二年	上元元年
0980-12C-02	0761-01-12	正朔一	上元二年	上元元年
0980-12C-03	0761-01-13	正朔一	上元二年	上元元年
0980-12C-04	0761-01-14	正朔一	上元二年	上元元年
0980-12C-05	0761-01-15	正朔一	上元二年	上元元年
0980-12C-06	0761-01-16	正朔一	上元二年	上元元年
0980-12C-07	0761-01-17	正朔一	上元二年	上元元年
0980-12C-08	0761-01-18	正朔一	上元二年	上元元年
0980-12C-09	0761-01-19	正朔一	上元二年	上元元年
0980-12C-10	0761-01-20	正朔一	上元二年	上元元年
0980-12C-11	0761-01-21	正朔一	上元二年	上元元年
0980-12C-12	0761-01-22	正朔一	上元二年	上元元年
0980-12C-13	0761-01-23	正朔一	上元二年	上元元年
0980-12C-14	0761-01-24	正朔一	上元二年	上元元年
0980-12C-15	0761-01-25	正朔一	上元二年	上元元年
0980-12C-16	0761-01-26	正朔一	上元二年	上元元年
0980-12C-17	0761-01-27	正朔一	上元二年	上元元年
0980-12C-18	0761-01-28	正朔一	上元二年	上元元年
0980-12C-19	0761-01-29	正朔一	上元二年	上元元年
0980-12C-20	0761-01-30	正朔一	上元二年	上元元年
0980-12C-21	0761-01-31	正朔一	上元二年	上元元年
0980-12C-22	0761-02-01	正朔一	上元二年	上元元年
0980-12C-23	0761-02-02	正朔一	上元二年	上元元年
0980-12C-24	0761-02-03	正朔一	上元二年	上元元年
0980-12C-25	0761-02-04	正朔一	上元二年	上元元年
0980-12C-26	0761-02-05	正朔一	上元二年	上元元年
0980-12C-27	0761-02-06	正朔一	上元二年	上元元年
0980-12C-28	0761-02-07	正朔一	上元二年	上元元年
0980-12C-29	0761-02-08	正朔一	上元二年	上元元年
0980-12C-30	0761-02-09	正朔一	上元二年	上元元年
0982-12C-13	0763-01-01	正朔一	宝应二年	宝应元年
0982-12C-14	0763-01-02	正朔一	宝应二年	宝应元年
0982-12C-15	0763-01-03	正朔一	宝应二年	宝应元年
0982-12C-16	0763-01-04	正朔一	宝应二年	宝应元年
0982-12C-17	0763-01-05	正朔一	宝应二年	宝应元年
0982-12C-18	0763-01-06	正朔一	宝应二年	宝应元年
0982-12C-19	0763-01-07	正朔一	宝应二年	宝应元年
0982-12C-20	0763-01-08	正朔一	宝应二年	宝应元年
0982-12C-21	0763-01-09	正朔一	宝应二年	宝应元年
0982-12C-22	0763-01-10	正朔一	宝应二年	宝应元年
0982-12C-23	0763-01-11	正朔一	宝应二年	宝应元年
0982-12C-24	0763-01-12	正朔一	宝应二年	宝应元年
0982-12C-25	0763-01-13	正朔一	宝应二年	宝应元年
0982-12C-26	0763-01-14	正朔一	宝应二年	宝应元年
0982-12C-27	0763-01-15	正朔一	宝应二年	宝应元年
0982-12C-28	0763-01-16	正朔一	宝应二年	宝应元年
0982-12C-29	0763-01-17	正朔一	宝应二年	宝应元年
0982-12C-30	0763-01-18	正朔一	宝应二年	宝应元年
0983-11C-23	0764-01-01	正朔一	广德二年	广德元年
0983-11C-24	0764-01-02	正朔一	广德二年	广德元年
0983-11C-25	0764-01-03	正朔一	广德二年	广德元年
0983-11C-26	0764-01-04	正朔一	广德二年	广德元年
0983-11C-27	0764-01-05	正朔一	广德二年	广德元年
0983-11C-28	0764-01-06	正朔一	广德二年	广德元年
0983-11C-29	0764-01-07	正朔一	广德二年	广德元年
0983-12C-01	0764-01-08	正朔一	广德二年	广德元年
0983-12C-02	0764-01-09	正朔一	广德二年	广德元年
0983-12C-03	0764-01-10	正朔一	广德二年	广德元年
0983-12C-04	0764-01-11	正朔一	广德二年	广德元年
0983-12C-05	0764-01-12	正朔一	广德二年	广德元年
0983-12C-06	0764-01-13	正朔一	广德二年	广德元年
0983-12C-07	0764-01-14	正朔一	广德二年	广德元年
0983-12C-08	0764-01-15	正朔一	广德二年	广德元年
0983-12C-09	0764-01-16	正朔一	广德二年	广德元年
0983-12C-10	0764-01-17	正朔一	广德二年	广德元年
0983-12C-11	0764-01-18	正朔一	广德二年	广德元年
0983-12C-12	0764-01-19	正朔一	广德二年	广德元年
0983-12C-13	0764-01-20	正朔一	广德二年	广德元年
0983-12C-14	0764-01-21	正朔一	广德二年	广德元年
0983-12C-15	0764-01-22	正朔一	广德二年	广德元年
0983-12C-16	0764-01-23	正朔一	广德二年	广德元年
0983-12C-17	0764-01-24	正朔一	广德二年	广德元年
0983-12C-18	0764-01-25	正朔一	广德二年	广德元年
0983-12C-19	0764-01-26	正朔一	广德二年	广德元年
0983-12C-20	0764-01-27	正朔一	广德二年	广德元年
0983-12C-21	0764-01-28	正朔一	广德二年	广德元年
0983-12C-22	0764-01-29	正朔一	广德二年	广德元年
0983-12C-23	0764-01-30	正朔一	广德二年	广德元年
0983-12C-24	0764-01-31	正朔一	广德二年	广德元年
0983-12C-25	0764-02-01	正朔一	广德二年	广德元年
0983-12C-26	0764-02-02	正朔一	广德二年	广德元年
0983-12C-27	0764-02-03	正朔一	广德二年	广德元年
0983-12C-28	0764-02-04	正朔一	广德二年	广德元年
0983-12C-29	0764-02-05	正朔一	广德二年	广德元年
0983-12C-30	0764-02-06	正朔一	广德二年	广德元年
0985-11C-16	0766-01-01	正朔一	永泰二年	永泰元年
0985-11C-17	0766-01-02	正朔一	永泰二年	永泰元年
0985-11C-18	0766-01-03	正朔一	永泰二年	永泰元年
0985-11C-19	0766-01-04	正朔一	永泰二年	永泰元年
0985-11C-20	0766-01-05	正朔一	永泰二年	永泰元年
0985-11C-21	0766-01-06	正朔一	永泰二年	永泰元年
0985-11C-22	0766-01-07	正朔一	永泰二年	永泰元年
0985-11C-23	0766-01-08	正朔一	永泰二年	永泰元年
0985-11C-24	0766-01-09	正朔一	永泰二年	永泰元年
0985-11C-25	0766-01-10	正朔一	永泰二年	永泰元年
0985-11C-26	0766-01-11	正朔一	永泰二年	永泰元年
0985-11C-27	0766-01-12	正朔一	永泰二年	永泰元年
0985-11C-28	0766-01-13	正朔一	永泰二年	永泰元年
0985-11C-29	0766-01-14	正朔一	永泰二年	永泰元年
0985-11C-30	0766-01-15	正朔一	永泰二年	永泰元年
0985-12C-01	0766-01-16	正朔一	永泰二年	永泰元年
0985-12C-02	0766-01-17	正朔一	永泰二年	永泰元年
0985-12C-03	0766-01-18	正朔一	永泰二年	永泰元年
0985-12C-04	0766-01-19	正朔一	永泰二年	永泰元年
0985-12C-05	0766-01-20	正朔一	永泰二年	永泰元年
0985-12C-06	0766-01-21	正朔一	永泰二年	永泰元年
0985-12C-07	0766-01-22	正朔一	永泰二年	永泰元年
0985-12C-08	0766-01-23	正朔一	永泰二年	永泰元年
0985-12C-09	0766-01-24	正朔一	永泰二年	永泰元年
0985-12C-10	0766-01-25	正朔一	永泰二年	永泰元年
0985-12C-11	0766-01-26	正朔一	永泰二年	永泰元年
0985-12C-12	0766-01-27	正朔一	永泰二年	永泰元年
0985-12C-13	0766-01-28	正朔一	永泰二年	永泰元年
0985-12C-14	0766-01-29	正朔一	永泰二年	永泰元年
0985-12C-15	0766-01-30	正朔一	永泰二年	永泰元年
0985-12C-16	0766-01-31	正朔一	永泰二年	永泰元年
0985-12C-17	0766-02-01	正朔一	永泰二年	永泰元年
0985-12C-18	0766-02-02	正朔一	永泰二年	永泰元年
0985-12C-19	0766-02-03	正朔一	永泰二年	永泰元年
0985-12C-20	0766-02-04	正朔一	永泰二年	永泰元年
0985-12C-21	0766-02-05	正朔一	永泰二年	永泰元年
0985-12C-22	0766-02-06	正朔一	永泰二年	永泰元年
0985-12C-23	0766-02-07	正朔一	永泰二年	永泰元年
0985-12C-24	0766-02-08	正朔一	永泰二年	永泰元年
0985-12C-25	0766-02-09	正朔一	永泰二年	永泰元年
0985-12C-26	0766-02-10	正朔一	永泰二年	永泰元年
0985-12C-27	0766-02-11	正朔一	永泰二年	永泰元年
0985-12C-28	0766-02-12	正朔一	永泰二年	永泰元年
0985-12C-29	0766-02-13	正朔一	永泰二年	永泰元年
0986-11C-26	0767-01-01	正朔一	大曆二年	大曆元年
0986-11C-27	0767-01-02	正朔一	大曆二年	大曆元年
0986-11C-28	0767-01-03	正朔一	大曆二年	大曆元年
0986-11C-29	0767-01-04	正朔一	大曆二年	大曆元年
0986-12C-01	0767-01-05	正朔一	大曆二年	大曆元年
0986-12C-02	0767-01-06	正朔一	大曆二年	大曆元年
0986-12C-03	0767-01-07	正朔一	大曆二年	大曆元年
0986-12C-04	0767-01-08	正朔一	大曆二年	大曆元年
0986-12C-05	0767-01-09	正朔一	大曆二年	大曆元年
0986-12C-06	0767-01-10	正朔一	大曆二年	大曆元年
0986-12C-07	0767-01-11	正朔一	大曆二年	大曆元年
0986-12C-08	0767-01-12	正朔一	大曆二年	大曆元年
0986-12C-09	0767-01-13	正朔一	大曆二年	大曆元年
0986-12C-10	0767-01-14	正朔一	大曆二年	大曆元年
0986-12C-11	0767-01-15	正朔一	大曆二年	大曆元年
0986-12C-12	0767-01-16	正朔一	大曆二年	大曆元年
0986-12C-13	0767-01-17	正朔一	大曆二年	大曆元年
0986-12C-14	0767-01-18	正朔一	大曆二年	大曆元年
0986-12C-15	0767-01-19	正朔一	大曆二年	大曆元年
0986-12C-16	0767-01-20	正朔一	大曆二年	大曆元年
0986-12C-17	0767-01-21	正朔一	大曆二年	大曆元年
0986-12C-18	0767-01-22	正朔一	大曆二年	大曆元年
0986-12C-19	0767-01-23	正朔一	大曆二年	大曆元年
0986-12C-20	0767-01-24	正朔一	大曆二年	大曆元年
0986-12C-21	0767-01-25	正朔一	大曆二年	大曆元年
0986-12C-22	0767-01-26	正朔一	大曆二年	大曆元年
0986-12C-23	0767-01-27	正朔一	大曆二年	大曆元年
0986-12C-24	0767-01-28	正朔一	大曆二年	大曆元年
0986-12C-25	0767-01-29	正朔一	大曆二年	大曆元年
0986-12C-26	0767-01-30	正朔一	大曆二年	大曆元年
0986-12C-27	0767-01-31	正朔一	大曆二年	大曆元年
0986-12C-28	0767-02-01	正朔一	大曆二年	大曆元年
0986-12C-29	0767-02-02	正朔一	大曆二年	大曆元年
0986-12C-30	0767-02-03	正朔一	大曆二年	大曆元年
0987-12C-07	0768-01-01	正朔一	大曆三年	大曆二年
0987-12C-08	0768-01-02	正朔一	大曆三年	大曆二年
0987-12C-09	0768-01-03	正朔一	大曆三年	大曆二年
0987-12C-10	0768-01-04	正朔一	大曆三年	大曆二年
0987-12C-11	0768-01-05	正朔一	大曆三年	大曆二年
0987-12C-12	0768-01-06	正朔一	大曆三年	大曆二年
0987-12C-13	0768-01-07	正朔一	大曆三年	大曆二年
0987-12C-14	0768-01-08	正朔一	大曆三年	大曆二年
0987-12C-15	0768-01-09	正朔一	大曆三年	大曆二年
0987-12C-16	0768-01-10	正朔一	大曆三年	大曆二年
0987-12C-17	0768-01-11	正朔一	大曆三年	大曆二年
0987-12C-18	0768-01-12	正朔一	大曆三年	大曆二年
0987-12C-19	0768-01-13	正朔一	大曆三年	大曆二年
0987-12C-20	0768-01-14	正朔一	大曆三年	大曆二年
0987-12C-21	0768-01-15	正朔一	大曆三年	大曆二年
0987-12C-22	0768-01-16	正朔一	大曆三年	大曆二年
0987-12C-23	0768-01-17	正朔一	大曆三年	大曆二年
0987-12C-24	0768-01-18	正朔一	大曆三年	大曆二年
0987-12C-25	0768-01-19	正朔一	大曆三年	大曆二年
0987-12C-26	0768-01-20	正朔一	大曆三年	大曆二年
0987-12C-27	0768-01-21	正朔一	大曆三年	大曆二年
0987-12C-28	0768-01-22	正朔一	大曆三年	大曆二年
0987-12C-29	0768-01-23	正朔一	大曆三年	大曆二年
0988-11C-19	0769-01-01	正朔一	大曆四年	大曆三年
0988-11C-20	0769-01-02	正朔一	大曆四年	大曆三年
0988-11C-21	0769-01-03	正朔一	大曆四年	大曆三年
0988-11C-22	0769-01-04	正朔一	大曆四年	大曆三年
0988-11C-23	0769-01-05	正朔一	大曆四年	大曆三年
0988-11C-24	0769-01-06	正朔一	大曆四年	大曆三年
0988-11C-25	0769-01-07	正朔一	大曆四年	大曆三年
0988-11C-26	0769-01-08	正朔一	大曆四年	大曆三年
0988-11C-27	0769-01-09	正朔一	大曆四年	大曆三年
0988-11C-28	0769-01-10	正朔一	大曆四年	大曆三年
0988-11C-29	0769-01-11	正朔一	大曆四年	大曆三年
0988-11C-30	0769-01-12	正朔一	大曆四年	大曆三年
0988-12C-01	0769-01-13	正朔一	大曆四年	大曆三年
0988-12C-02	0769-01-14	正朔一	大曆四年	大曆三年
0988-12C-03	0769-01-15	正朔一	大曆四年	大曆三年
0988-12C-04	0769-01-16	正朔一	大曆四年	大曆三年
0988-12C-05	0769-01-17	正朔一	大曆四年	大曆三年
0988-12C-06	0769-01-18	正朔一	大曆四年	大曆三年
0988-12C-07	0769-01-19	正朔一	大曆四年	大曆三年
0988-12C-08	0769-01-20	正朔一	大曆四年	大曆三年
0988-12C-09	0769-01-21	正朔一	大曆四年	大曆三年
0988-12C-10	0769-01-22	正朔一	大曆四年	大曆三年
0988-12C-11	0769-01-23	正朔一	大曆四年	大曆三年
0988-12C-12	0769-01-24	正朔一	大曆四年	大曆三年
0988-12C-13	0769-01-25	正朔一	大曆四年	大曆三年
0988-12C-14	0769-01-26	正朔一	大曆四年	大曆三年
0988-12C-15	0769-01-27	正朔一	大曆四年	大曆三年
0988-12C-16	0769-01-28	正朔一	大曆四年	大曆三年
0988-12C-17	0769-01-29	正朔一	大曆四年	大曆三年
0988-12C-18	0769-01-30	正朔一	大曆四年	大曆三年
0988-12C-19	0769-01-31	正朔一	大曆四年	大曆三年
0988-12C-20	0769-02-01	正朔一	大曆四年	大曆三年
0988-12C-21	0769-02-02	正朔一	大曆四年	大曆三年
0988-12C-22	0769-02-03	正朔一	大曆四年	大曆三年
0988-12C-23	0769-02-04	正朔一	大曆四年	大曆三年
0988-12C-24	0769-02-05	正朔一	大曆四年	大曆三年
0988-12C-25	0769-02-06	正朔一	大曆四年	大曆三年
0988-12C-26	0769-02-07	正朔一	大曆四年	大曆三年
0988-12C-27	0769-02-08	正朔一	大曆四年	大曆三年
0988-12C-28	0769-02-09	正朔一	大曆四年	大曆三年
0988-12C-29	0769-02-10	正朔一	大曆四年	大曆三年
0989-11C-30	0770-01-01	正朔一	大曆五年	大曆四年
0989-12C-01	0770-01-02	正朔一	大曆五年	大曆四年
0989-12C-02	0770-01-03	正朔一	大曆五年	大曆四年
0989-12C-03	0770-01-04	正朔一	大曆五年	大曆四年
0989-12C-04	0770-01-05	正朔一	大曆五年	大曆四年
0989-12C-05	0770-01-06	正朔一	大曆五年	大曆四年
0989-12C-06	0770-01-07	正朔一	大曆五年	大曆四年
0989-12C-07	0770-01-08	正朔一	大曆五年	大曆四年
0989-12C-08	0770-01-09	正朔一	大曆五年	大曆四年
0989-12C-09	0770-01-10	正朔一	大曆五年	大曆四年
0989-12C-10	0770-01-11	正朔一	大曆五年	大曆四年
0989-12C-11	0770-01-12	正朔一	大曆五年	大曆四年
0989-12C-12	0770-01-13	正朔一	大曆五年	大曆四年
0989-12C-13	0770-01-14	正朔一	大曆五年	大曆四年
0989-12C-14	0770-01-15	正朔一	大曆五年	大曆四年
0989-12C-15	0770-01-16	正朔一	大曆五年	大曆四年
0989-12C-16	0770-01-17	正朔一	大曆五年	大曆四年
0989-12C-17	0770-01-18	正朔一	大曆五年	大曆四年
0989-12C-18	0770-01-19	正朔一	大曆五年	大曆四年
0989-12C-19	0770-01-20	正朔一	大曆五年	大曆四年
0989-12C-20	0770-01-21	正朔一	大曆五年	大曆四年
0989-12C-21	0770-01-22	正朔一	大曆五年	大曆四年
0989-12C-22	0770-01-23	正朔一	大曆五年	大曆四年
0989-12C-23	0770-01-24	正朔一	大曆五年	大曆四年
0989-12C-24	0770-01-25	正朔一	大曆五年	大曆四年
0989-12C-25	0770-01-26	正朔一	大曆五年	大曆四年
0989-12C-26	0770-01-27	正朔一	大曆五年	大曆四年
0989-12C-27	0770-01-28	正朔一	大曆五年	大曆四年
0989-12C-28	0770-01-29	正朔一	大曆五年	大曆四年
0989-12C-29	0770-01-30	正朔一	大曆五年	大曆四年
0989-12C-30	0770-01-31	正朔一	大曆五年	大曆四年
0990-12C-11	0771-01-01	正朔一	大曆六年	大曆五年
0990-12C-12	0771-01-02	正朔一	大曆六年	大曆五年
0990-12C-13	0771-01-03	正朔一	大曆六年	大曆五年
0990-12C-14	0771-01-04	正朔一	大曆六年	大曆五年
0990-12C-15	0771-01-05	正朔一	大曆六年	大曆五年
0990-12C-16	0771-01-06	正朔一	大曆六年	大曆五年
0990-12C-17	0771-01-07	正朔一	大曆六年	大曆五年
0990-12C-18	0771-01-08	正朔一	大曆六年	大曆五年
0990-12C-19	0771-01-09	正朔一	大曆六年	大曆五年
0990-12C-20	0771-01-10	正朔一	大曆六年	大曆五年
0990-12C-21	0771-01-11	正朔一	大曆六年	大曆五年
0990-12C-22	0771-01-12	正朔一	大曆六年	大曆五年
0990-12C-23	0771-01-13	正朔一	大曆六年	大曆五年
0990-12C-24	0771-01-14	正朔一	大曆六年	大曆五年
0990-12C-25	0771-01-15	正朔一	大曆六年	大曆五年
0990-12C-26	0771-01-16	正朔一	大曆六年	大曆五年
0990-12C-27	0771-01-17	正朔一	大曆六年	大曆五年
0990-12C-28	0771-01-18	正朔一	大曆六年	大曆五年
0990-12C-29	0771-01-19	正朔一	大曆六年	大曆五年
0990-12C-30	0771-01-20	正朔一	大曆六年	大曆五年
0991-11C-22	0772-01-01	正朔一	大曆七年	大曆六年
0991-11C-23	0772-01-02	正朔一	大曆七年	大曆六年
0991-11C-24	0772-01-03	正朔一	大曆七年	大曆六年
0991-11C-25	0772-01-04	正朔一	大曆七年	大曆六年
0991-11C-26	0772-01-05	正朔一	大曆七年	大曆六年
0991-11C-27	0772-01-06	正朔一	大曆七年	大曆六年
0991-11C-28	0772-01-07	正朔一	大曆七年	大曆六年
0991-11C-29	0772-01-08	正朔一	大曆七年	大曆六年
0991-11C-30	0772-01-09	正朔一	大曆七年	大曆六年
0991-12C-01	0772-01-10	正朔一	大曆七年	大曆六年
0991-12C-02	0772-01-11	正朔一	大曆七年	大曆六年
0991-12C-03	0772-01-12	正朔一	大曆七年	大曆六年
0991-12C-04	0772-01-13	正朔一	大曆七年	大曆六年
0991-12C-05	0772-01-14	正朔一	大曆七年	大曆六年
0991-12C-06	0772-01-15	正朔一	大曆七年	大曆六年
0991-12C-07	0772-01-16	正朔一	大曆七年	大曆六年
0991-12C-08	0772-01-17	正朔一	大曆七年	大曆六年
0991-12C-09	0772-01-18	正朔一	大曆七年	大曆六年
0991-12C-10	0772-01-19	正朔一	大曆七年	大曆六年
0991-12C-11	0772-01-20	正朔一	大曆七年	大曆六年
0991-12C-12	0772-01-21	正朔一	大曆七年	大曆六年
0991-12C-13	0772-01-22	正朔一	大曆七年	大曆六年
0991-12C-14	0772-01-23	正朔一	大曆七年	大曆六年
0991-12C-15	0772-01-24	正朔一	大曆七年	大曆六年
0991-12C-16	0772-01-25	正朔一	大曆七年	大曆六年
0991-12C-17	0772-01-26	正朔一	大曆七年	大曆六年
0991-12C-18	0772-01-27	正朔一	大曆七年	大曆六年
0991-12C-19	0772-01-28	正朔一	大曆七年	大曆六年
0991-12C-20	0772-01-29	正朔一	大曆七年	大曆六年
0991-12C-21	0772-01-30	正朔一	大曆七年	大曆六年
0991-12C-22	0772-01-31	正朔一	大曆七年	大曆六年
0991-12C-23	0772-02-01	正朔一	大曆七年	大曆六年
0991-12C-24	0772-02-02	正朔一	大曆七年	大曆六年
0991-12C-25	0772-02-03	正朔一	大曆七年	大曆六年
0991-12C-26	0772-02-04	正朔一	大曆七年	大曆六年
0991-12C-27	0772-02-05	正朔一	大曆七年	大曆六年
0991-12C-28	0772-02-06	正朔一	大曆七年	大曆六年
0991-12C-29	0772-02-07	正朔一	大曆七年	大曆六年
0991-12C-30	0772-02-08	正朔一	大曆七年	大曆六年
0992-12C-04	0773-01-01	正朔一	大曆八年	大曆七年
0992-12C-05	0773-01-02	正朔一	大曆八年	大曆七年
0992-12C-06	0773-01-03	正朔一	大曆八年	大曆七年
0992-12C-07	0773-01-04	正朔一	大曆八年	大曆七年
0992-12C-08	0773-01-05	正朔一	大曆八年	大曆七年
0992-12C-09	0773-01-06	正朔一	大曆八年	大曆七年
0992-12C-10	0773-01-07	正朔一	大曆八年	大曆七年
0992-12C-11	0773-01-08	正朔一	大曆八年	大曆七年
0992-12C-12	0773-01-09	正朔一	大曆八年	大曆七年
0992-12C-13	0773-01-10	正朔一	大曆八年	大曆七年
0992-12C-14	0773-01-11	正朔一	大曆八年	大曆七年
0992-12C-15	0773-01-12	正朔一	大曆八年	大曆七年
0992-12C-16	0773-01-13	正朔一	大曆八年	大曆七年
0992-12C-17	0773-01-14	正朔一	大曆八年	大曆七年
0992-12C-18	0773-01-15	正朔一	大曆八年	大曆七年
0992-12C-19	0773-01-16	正朔一	大曆八年	大曆七年
0992-12C-20	0773-01-17	正朔一	大曆八年	大曆七年
0992-12C-21	0773-01-18	正朔一	大曆八年	大曆七年
0992-12C-22	0773-01-19	正朔一	大曆八年	大曆七年
0992-12C-23	0773-01-20	正朔一	大曆八年	大曆七年
0992-12C-24	0773-01-21	正朔一	大曆八年	大曆七年
0992-12C-25	0773-01-22	正朔一	大曆八年	大曆七年
0992-12C-26	0773-01-23	正朔一	大曆八年	大曆七年
0992-12C-27	0773-01-24	正朔一	大曆八年	大曆七年
0992-12C-28	0773-01-25	正朔一	大曆八年	大曆七年
0992-12C-29	0773-01-26	正朔一	大曆八年	大曆七年
0992-12C-30	0773-01-27	正朔一	大曆八年	大曆七年
0993-11L-14	0774-01-01	正朔一	大曆九年	大曆八年
0993-11L-15	0774-01-02	正朔一	大曆九年	大曆八年
0993-11L-16	0774-01-03	正朔一	大曆九年	大曆八年
0993-11L-17	0774-01-04	正朔一	大曆九年	大曆八年
0993-11L-18	0774-01-05	正朔一	大曆九年	大曆八年
0993-11L-19	0774-01-06	正朔一	大曆九年	大曆八年
0993-11L-20	0774-01-07	正朔一	大曆九年	大曆八年
0993-11L-21	0774-01-08	正朔一	大曆九年	大曆八年
0993-11L-22	0774-01-09	正朔一	大曆九年	大曆八年
0993-11L-23	0774-01-10	正朔一	大曆九年	大曆八年
0993-11L-24	0774-01-11	正朔一	大曆九年	大曆八年
0993-11L-25	0774-01-12	正朔一	大曆九年	大曆八年
0993-11L-26	0774-01-13	正朔一	大曆九年	大曆八年
0993-11L-27	0774-01-14	正朔一	大曆九年	大曆八年
0993-11L-28	0774-01-15	正朔一	大曆九年	大曆八年
0993-11L-29	0774-01-16	正朔一	大曆九年	大曆八年
0993-12C-01	0774-01-17	正朔一	大曆九年	大曆八年
0993-12C-02	0774-01-18	正朔一	大曆九年	大曆八年
0993-12C-03	0774-01-19	正朔一	大曆九年	大曆八年
0993-12C-04	0774-01-20	正朔一	大曆九年	大曆八年
0993-12C-05	0774-01-21	正朔一	大曆九年	大曆八年
0993-12C-06	0774-01-22	正朔一	大曆九年	大曆八年
0993-12C-07	0774-01-23	正朔一	大曆九年	大曆八年
0993-12C-08	0774-01-24	正朔一	大曆九年	大曆八年
0993-12C-09	0774-01-25	正朔一	大曆九年	大曆八年
0993-12C-10	0774-01-26	正朔一	大曆九年	大曆八年
0993-12C-11	0774-01-27	正朔一	大曆九年	大曆八年
0993-12C-12	0774-01-28	正朔一	大曆九年	大曆八年
0993-12C-13	0774-01-29	正朔一	大曆九年	大曆八年
0993-12C-14	0774-01-30	正朔一	大曆九年	大曆八年
0993-12C-15	0774-01-31	正朔一	大曆九年	大曆八年
0993-12C-16	0774-02-01	正朔一	大曆九年	大曆八年
0993-12C-17	0774-02-02	正朔一	大曆九年	大曆八年
0993-12C-18	0774-02-03	正朔一	大曆九年	大曆八年
0993-12C-19	0774-02-04	正朔一	大曆九年	大曆八年
0993-12C-20	0774-02-05	正朔一	大曆九年	大曆八年
0993-12C-21	0774-02-06	正朔一	大曆九年	大曆八年
0993-12C-22	0774-02-07	正朔一	大曆九年	大曆八年
0993-12C-23	0774-02-08	正朔一	大曆九年	大曆八年
0993-12C-24	0774-02-09	正朔一	大曆九年	大曆八年
0993-12C-25	0774-02-10	正朔一	大曆九年	大曆八年
0993-12C-26	0774-02-11	正朔一	大曆九年	大曆八年
0993-12C-27	0774-02-12	正朔一	大曆九年	大曆八年
0993-12C-28	0774-02-13	正朔一	大曆九年	大曆八年
0993-12C-29	0774-02-14	正朔一	大曆九年	大曆八年
0994-11C-25	0775-01-01	正朔一	大曆十年	大曆九年
0994-11C-26	0775-01-02	正朔一	大曆十年	大曆九年
0994-11C-27	0775-01-03	正朔一	大曆十年	大曆九年
0994-11C-28	0775-01-04	正朔一	大曆十年	大曆九年
0994-11C-29	0775-01-05	正朔一	大曆十年	大曆九年
0994-11C-30	0775-01-06	正朔一	大曆十年	大曆九年
0994-12C-01	0775-01-07	正朔一	大曆十年	大曆九年
0994-12C-02	0775-01-08	正朔一	大曆十年	大曆九年
0994-12C-03	0775-01-09	正朔一	大曆十年	大曆九年
0994-12C-04	0775-01-10	正朔一	大曆十年	大曆九年
0994-12C-05	0775-01-11	正朔一	大曆十年	大曆九年
0994-12C-06	0775-01-12	正朔一	大曆十年	大曆九年
0994-12C-07	0775-01-13	正朔一	大曆十年	大曆九年
0994-12C-08	0775-01-14	正朔一	大曆十年	大曆九年
0994-12C-09	0775-01-15	正朔一	大曆十年	大曆九年
0994-12C-10	0775-01-16	正朔一	大曆十年	大曆九年
0994-12C-11	0775-01-17	正朔一	大曆十年	大曆九年
0994-12C-12	0775-01-18	正朔一	大曆十年	大曆九年
0994-12C-13	0775-01-19	正朔一	大曆十年	大曆九年
0994-12C-14	0775-01-20	正朔一	大曆十年	大曆九年
0994-12C-15	0775-01-21	正朔一	大曆十年	大曆九年
0994-12C-16	0775-01-22	正朔一	大曆十年	大曆九年
0994-12C-17	0775-01-23	正朔一	大曆十年	大曆九年
0994-12C-18	0775-01-24	正朔一	大曆十年	大曆九年
0994-12C-19	0775-01-25	正朔一	大曆十年	大曆九年
0994-12C-20	0775-01-26	正朔一	大曆十年	大曆九年
0994-12C-21	0775-01-27	正朔一	大曆十年	大曆九年
0994-12C-22	0775-01-28	正朔一	大曆十年	大曆九年
0994-12C-23	0775-01-29	正朔一	大曆十年	大曆九年
0994-12C-24	0775-01-30	正朔一	大曆十年	大曆九年
0994-12C-25	0775-01-31	正朔一	大曆十年	大曆九年
0994-12C-26	0775-02-01	正朔一	大曆十年	大曆九年
0994-12C-27	0775-02-02	正朔一	大曆十年	大曆九年
0994-12C-28	0775-02-03	正朔一	大曆十年	大曆九年
0994-12C-29	0775-02-04	正朔一	大曆十年	大曆九年
0995-12C-06	0776-01-01	正朔一	大曆十一年	大曆十年
0995-12C-07	0776-01-02	正朔一	大曆十一年	大曆十年
0995-12C-08	0776-01-03	正朔一	大曆十一年	大曆十年
0995-12C-09	0776-01-04	正朔一	大曆十一年	大曆十年
0995-12C-10	0776-01-05	正朔一	大曆十一年	大曆十年
0995-12C-11	0776-01-06	正朔一	大曆十一年	大曆十年
0995-12C-12	0776-01-07	正朔一	大曆十一年	大曆十年
0995-12C-13	0776-01-08	正朔一	大曆十一年	大曆十年
0995-12C-14	0776-01-09	正朔一	大曆十一年	大曆十年
0995-12C-15	0776-01-10	正朔一	大曆十一年	大曆十年
0995-12C-16	0776-01-11	正朔一	大曆十一年	大曆十年
0995-12C-17	0776-01-12	正朔一	大曆十一年	大曆十年
0995-12C-18	0776-01-13	正朔一	大曆十一年	大曆十年
0995-12C-19	0776-01-14	正朔一	大曆十一年	大曆十年
0995-12C-20	0776-01-15	正朔一	大曆十一年	大曆十年
0995-12C-21	0776-01-16	正朔一	大曆十一年	大曆十年
0995-12C-22	0776-01-17	正朔一	大曆十一年	大曆十年
0995-12C-23	0776-01-18	正朔一	大曆十一年	大曆十年
0995-12C-24	0776-01-19	正朔一	大曆十一年	大曆十年
0995-12C-25	0776-01-20	正朔一	大曆十一年	大曆十年
0995-12C-26	0776-01-21	正朔一	大曆十一年	大曆十年
0995-12C-27	0776-01-22	正朔一	大曆十一年	大曆十年
0995-12C-28	0776-01-23	正朔一	大曆十一年	大曆十年
0995-12C-29	0776-01-24	正朔一	大曆十一年	大曆十年
0995-12C-30	0776-01-25	正朔一	大曆十一年	大曆十年
0996-11C-17	0777-01-01	正朔一	大曆十二年	大曆十一年
0996-11C-18	0777-01-02	正朔一	大曆十二年	大曆十一年
0996-11C-19	0777-01-03	正朔一	大曆十二年	大曆十一年
0996-11C-20	0777-01-04	正朔一	大曆十二年	大曆十一年
0996-11C-21	0777-01-05	正朔一	大曆十二年	大曆十一年
0996-11C-22	0777-01-06	正朔一	大曆十二年	大曆十一年
0996-11C-23	0777-01-07	正朔一	大曆十二年	大曆十一年
0996-11C-24	0777-01-08	正朔一	大曆十二年	大曆十一年
0996-11C-25	0777-01-09	正朔一	大曆十二年	大曆十一年
0996-11C-26	0777-01-10	正朔一	大曆十二年	大曆十一年
0996-11C-27	0777-01-11	正朔一	大曆十二年	大曆十一年
0996-11C-28	0777-01-12	正朔一	大曆十二年	大曆十一年
0996-11C-29	0777-01-13	正朔一	大曆十二年	大曆十一年
0996-12C-01	0777-01-14	正朔一	大曆十二年	大曆十一年
0996-12C-02	0777-01-15	正朔一	大曆十二年	大曆十一年
0996-12C-03	0777-01-16	正朔一	大曆十二年	大曆十一年
0996-12C-04	0777-01-17	正朔一	大曆十二年	大曆十一年
0996-12C-05	0777-01-18	正朔一	大曆十二年	大曆十一年
0996-12C-06	0777-01-19	正朔一	大曆十二年	大曆十一年
0996-12C-07	0777-01-20	正朔一	大曆十二年	大曆十一年
0996-12C-08	0777-01-21	正朔一	大曆十二年	大曆十一年
0996-12C-09	0777-01-22	正朔一	大曆十二年	大曆十一年
0996-12C-10	0777-01-23	正朔一	大曆十二年	大曆十一年
0996-12C-11	0777-01-24	正朔一	大曆十二年	大曆十一年
0996-12C-12	0777-01-25	正朔一	大曆十二年	大曆十一年
0996-12C-13	0777-01-26	正朔一	大曆十二年	大曆十一年
0996-12C-14	0777-01-27	正朔一	大曆十二年	大曆十一年
0996-12C-15	0777-01-28	正朔一	大曆十二年	大曆十一年
0996-12C-16	0777-01-29	正朔一	大曆十二年	大曆十一年
0996-12C-17	0777-01-30	正朔一	大曆十二年	大曆十一年
0996-12C-18	0777-01-31	正朔一	大曆十二年	大曆十一年
0996-12C-19	0777-02-01	正朔一	大曆十二年	大曆十一年
0996-12C-20	0777-02-02	正朔一	大曆十二年	大曆十一年
0996-12C-21	0777-02-03	正朔一	大曆十二年	大曆十一年
0996-12C-22	0777-02-04	正朔一	大曆十二年	大曆十一年
0996-12C-23	0777-02-05	正朔一	大曆十二年	大曆十一年
0996-12C-24	0777-02-06	正朔一	大曆十二年	大曆十一年
0996-12C-25	0777-02-07	正朔一	大曆十二年	大曆十一年
0996-12C-26	0777-02-08	正朔一	大曆十二年	大曆十一年
0996-12C-27	0777-02-09	正朔一	大曆十二年	大曆十一年
0996-12C-28	0777-02-10	正朔一	大曆十二年	大曆十一年
0996-12C-29	0777-02-11	正朔一	大曆十二年	大曆十一年
0996-12C-30	0777-02-12	正朔一	大曆十二年	大曆十一年
0997-11C-28	0778-01-01	正朔一	大曆十三年	大曆十二年
0997-11C-29	0778-01-02	正朔一	大曆十三年	大曆十二年
0997-11C-30	0778-01-03	正朔一	大曆十三年	大曆十二年
0997-12C-01	0778-01-04	正朔一	大曆十三年	大曆十二年
0997-12C-02	0778-01-05	正朔一	大曆十三年	大曆十二年
0997-12C-03	0778-01-06	正朔一	大曆十三年	大曆十二年
0997-12C-04	0778-01-07	正朔一	大曆十三年	大曆十二年
0997-12C-05	0778-01-08	正朔一	大曆十三年	大曆十二年
0997-12C-06	0778-01-09	正朔一	大曆十三年	大曆十二年
0997-12C-07	0778-01-10	正朔一	大曆十三年	大曆十二年
0997-12C-08	0778-01-11	正朔一	大曆十三年	大曆十二年
0997-12C-09	0778-01-12	正朔一	大曆十三年	大曆十二年
0997-12C-10	0778-01-13	正朔一	大曆十三年	大曆十二年
0997-12C-11	0778-01-14	正朔一	大曆十三年	大曆十二年
0997-12C-12	0778-01-15	正朔一	大曆十三年	大曆十二年
0997-12C-13	0778-01-16	正朔一	大曆十三年	大曆十二年
0997-12C-14	0778-01-17	正朔一	大曆十三年	大曆十二年
0997-12C-15	0778-01-18	正朔一	大曆十三年	大曆十二年
0997-12C-16	0778-01-19	正朔一	大曆十三年	大曆十二年
0997-12C-17	0778-01-20	正朔一	大曆十三年	大曆十二年
0997-12C-18	0778-01-21	正朔一	大曆十三年	大曆十二年
0997-12C-19	0778-01-22	正朔一	大曆十三年	大曆十二年
0997-12C-20	0778-01-23	正朔一	大曆十三年	大曆十二年
0997-12C-21	0778-01-24	正朔一	大曆十三年	大曆十二年
0997-12C-22	0778-01-25	正朔一	大曆十三年	大曆十二年
0997-12C-23	0778-01-26	正朔一	大曆十三年	大曆十二年
0997-12C-24	0778-01-27	正朔一	大曆十三年	大曆十二年
0997-12C-25	0778-01-28	正朔一	大曆十三年	大曆十二年
0997-12C-26	0778-01-29	正朔一	大曆十三年	大曆十二年
0997-12C-27	0778-01-30	正朔一	大曆十三年	大曆十二年
0997-12C-28	0778-01-31	正朔一	大曆十三年	大曆十二年
0997-12C-29	0778-02-01	正朔一	大曆十三年	大曆十二年
0998-12C-09	0779-01-01	正朔一	大曆十四年	大曆十三年
0998-12C-10	0779-01-02	正朔一	大曆十四年	大曆十三年
0998-12C-11	0779-01-03	正朔一	大曆十四年	大曆十三年
0998-12C-12	0779-01-04	正朔一	大曆十四年	大曆十三年
0998-12C-13	0779-01-05	正朔一	大曆十四年	大曆十三年
0998-12C-14	0779-01-06	正朔一	大曆十四年	大曆十三年
0998-12C-15	0779-01-07	正朔一	大曆十四年	大曆十三年
0998-12C-16	0779-01-08	正朔一	大曆十四年	大曆十三年
0998-12C-17	0779-01-09	正朔一	大曆十四年	大曆十三年
0998-12C-18	0779-01-10	正朔一	大曆十四年	大曆十三年
0998-12C-19	0779-01-11	正朔一	大曆十四年	大曆十三年
0998-12C-20	0779-01-12	正朔一	大曆十四年	大曆十三年
0998-12C-21	0779-01-13	正朔一	大曆十四年	大曆十三年
0998-12C-22	0779-01-14	正朔一	大曆十四年	大曆十三年
0998-12C-23	0779-01-15	正朔一	大曆十四年	大曆十三年
0998-12C-24	0779-01-16	正朔一	大曆十四年	大曆十三年
0998-12C-25	0779-01-17	正朔一	大曆十四年	大曆十三年
0998-12C-26	0779-01-18	正朔一	大曆十四年	大曆十三年
0998-12C-27	0779-01-19	正朔一	大曆十四年	大曆十三年
0998-12C-28	0779-01-20	正朔一	大曆十四年	大曆十三年
0998-12C-29	0779-01-21	正朔一	大曆十四年	大曆十三年
1000-12C-02	0781-01-01	正朔一	建中二年	建中元年
1000-12C-03	0781-01-02	正朔一	建中二年	建中元年
1000-12C-04	0781-01-03	正朔一	建中二年	建中元年
1000-12C-05	0781-01-04	正朔一	建中二年	建中元年
1000-12C-06	0781-01-05	正朔一	建中二年	建中元年
1000-12C-07	0781-01-06	正朔一	建中二年	建中元年
1000-12C-08	0781-01-07	正朔一	建中二年	建中元年
1000-12C-09	0781-01-08	正朔一	建中二年	建中元年
1000-12C-10	0781-01-09	正朔一	建中二年	建中元年
1000-12C-11	0781-01-10	正朔一	建中二年	建中元年
1000-12C-12	0781-01-11	正朔一	建中二年	建中元年
1000-12C-13	0781-01-12	正朔一	建中二年	建中元年
1000-12C-14	0781-01-13	正朔一	建中二年	建中元年
1000-12C-15	0781-01-14	正朔一	建中二年	建中元年
1000-12C-16	0781-01-15	正朔一	建中二年	建中元年
1000-12C-17	0781-01-16	正朔一	建中二年	建中元年
1000-12C-18	0781-01-17	正朔一	建中二年	建中元年
1000-12C-19	0781-01-18	正朔一	建中二年	建中元年
1000-12C-20	0781-01-19	正朔一	建中二年	建中元年
1000-12C-21	0781-01-20	正朔一	建中二年	建中元年
1000-12C-22	0781-01-21	正朔一	建中二年	建中元年
1000-12C-23	0781-01-22	正朔一	建中二年	建中元年
1000-12C-24	0781-01-23	正朔一	建中二年	建中元年
1000-12C-25	0781-01-24	正朔一	建中二年	建中元年
1000-12C-26	0781-01-25	正朔一	建中二年	建中元年
1000-12C-27	0781-01-26	正朔一	建中二年	建中元年
1000-12C-28	0781-01-27	正朔一	建中二年	建中元年
1000-12C-29	0781-01-28	正朔一	建中二年	建中元年
1001-12C-13	0782-01-01	正朔一	建中三年	建中二年
1001-12C-14	0782-01-02	正朔一	建中三年	建中二年
1001-12C-15	0782-01-03	正朔一	建中三年	建中二年
1001-12C-16	0782-01-04	正朔一	建中三年	建中二年
1001-12C-17	0782-01-05	正朔一	建中三年	建中二年
1001-12C-18	0782-01-06	正朔一	建中三年	建中二年
1001-12C-19	0782-01-07	正朔一	建中三年	建中二年
1001-12C-20	0782-01-08	正朔一	建中三年	建中二年
1001-12C-21	0782-01-09	正朔一	建中三年	建中二年
1001-12C-22	0782-01-10	正朔一	建中三年	建中二年
1001-12C-23	0782-01-11	正朔一	建中三年	建中二年
1001-12C-24	0782-01-12	正朔一	建中三年	建中二年
1001-12C-25	0782-01-13	正朔一	建中三年	建中二年
1001-12C-26	0782-01-14	正朔一	建中三年	建中二年
1001-12C-27	0782-01-15	正朔一	建中三年	建中二年
1001-12C-28	0782-01-16	正朔一	建中三年	建中二年
1001-12C-29	0782-01-17	正朔一	建中三年	建中二年
1001-12C-30	0782-01-18	正朔一	建中三年	建中二年
1002-11C-24	0783-01-01	正朔一	建中四年	建中三年
1002-11C-25	0783-01-02	正朔一	建中四年	建中三年
1002-11C-26	0783-01-03	正朔一	建中四年	建中三年
1002-11C-27	0783-01-04	正朔一	建中四年	建中三年
1002-11C-28	0783-01-05	正朔一	建中四年	建中三年
1002-11C-29	0783-01-06	正朔一	建中四年	建中三年
1002-11C-30	0783-01-07	正朔一	建中四年	建中三年
1002-12C-01	0783-01-08	正朔一	建中四年	建中三年
1002-12C-02	0783-01-09	正朔一	建中四年	建中三年
1002-12C-03	0783-01-10	正朔一	建中四年	建中三年
1002-12C-04	0783-01-11	正朔一	建中四年	建中三年
1002-12C-05	0783-01-12	正朔一	建中四年	建中三年
1002-12C-06	0783-01-13	正朔一	建中四年	建中三年
1002-12C-07	0783-01-14	正朔一	建中四年	建中三年
1002-12C-08	0783-01-15	正朔一	建中四年	建中三年
1002-12C-09	0783-01-16	正朔一	建中四年	建中三年
1002-12C-10	0783-01-17	正朔一	建中四年	建中三年
1002-12C-11	0783-01-18	正朔一	建中四年	建中三年
1002-12C-12	0783-01-19	正朔一	建中四年	建中三年
1002-12C-13	0783-01-20	正朔一	建中四年	建中三年
1002-12C-14	0783-01-21	正朔一	建中四年	建中三年
1002-12C-15	0783-01-22	正朔一	建中四年	建中三年
1002-12C-16	0783-01-23	正朔一	建中四年	建中三年
1002-12C-17	0783-01-24	正朔一	建中四年	建中三年
1002-12C-18	0783-01-25	正朔一	建中四年	建中三年
1002-12C-19	0783-01-26	正朔一	建中四年	建中三年
1002-12C-20	0783-01-27	正朔一	建中四年	建中三年
1002-12C-21	0783-01-28	正朔一	建中四年	建中三年
1002-12C-22	0783-01-29	正朔一	建中四年	建中三年
1002-12C-23	0783-01-30	正朔一	建中四年	建中三年
1002-12C-24	0783-01-31	正朔一	建中四年	建中三年
1002-12C-25	0783-02-01	正朔一	建中四年	建中三年
1002-12C-26	0783-02-02	正朔一	建中四年	建中三年
1002-12C-27	0783-02-03	正朔一	建中四年	建中三年
1002-12C-28	0783-02-04	正朔一	建中四年	建中三年
1002-12C-29	0783-02-05	正朔一	建中四年	建中三年
1005-11C-26	0786-01-01	正朔一	贞元二年	贞元元年
1005-11C-27	0786-01-02	正朔一	贞元二年	贞元元年
1005-11C-28	0786-01-03	正朔一	贞元二年	贞元元年
1005-11C-29	0786-01-04	正朔一	贞元二年	贞元元年
1005-12C-01	0786-01-05	正朔一	贞元二年	贞元元年
1005-12C-02	0786-01-06	正朔一	贞元二年	贞元元年
1005-12C-03	0786-01-07	正朔一	贞元二年	贞元元年
1005-12C-04	0786-01-08	正朔一	贞元二年	贞元元年
1005-12C-05	0786-01-09	正朔一	贞元二年	贞元元年
1005-12C-06	0786-01-10	正朔一	贞元二年	贞元元年
1005-12C-07	0786-01-11	正朔一	贞元二年	贞元元年
1005-12C-08	0786-01-12	正朔一	贞元二年	贞元元年
1005-12C-09	0786-01-13	正朔一	贞元二年	贞元元年
1005-12C-10	0786-01-14	正朔一	贞元二年	贞元元年
1005-12C-11	0786-01-15	正朔一	贞元二年	贞元元年
1005-12C-12	0786-01-16	正朔一	贞元二年	贞元元年
1005-12C-13	0786-01-17	正朔一	贞元二年	贞元元年
1005-12C-14	0786-01-18	正朔一	贞元二年	贞元元年
1005-12C-15	0786-01-19	正朔一	贞元二年	贞元元年
1005-12C-16	0786-01-20	正朔一	贞元二年	贞元元年
1005-12C-17	0786-01-21	正朔一	贞元二年	贞元元年
1005-12C-18	0786-01-22	正朔一	贞元二年	贞元元年
1005-12C-19	0786-01-23	正朔一	贞元二年	贞元元年
1005-12C-20	0786-01-24	正朔一	贞元二年	贞元元年
1005-12C-21	0786-01-25	正朔一	贞元二年	贞元元年
1005-12C-22	0786-01-26	正朔一	贞元二年	贞元元年
1005-12C-23	0786-01-27	正朔一	贞元二年	贞元元年
1005-12C-24	0786-01-28	正朔一	贞元二年	贞元元年
1005-12C-25	0786-01-29	正朔一	贞元二年	贞元元年
1005-12C-26	0786-01-30	正朔一	贞元二年	贞元元年
1005-12C-27	0786-01-31	正朔一	贞元二年	贞元元年
1005-12C-28	0786-02-01	正朔一	贞元二年	贞元元年
1005-12C-29	0786-02-02	正朔一	贞元二年	贞元元年
1005-12C-30	0786-02-03	正朔一	贞元二年	贞元元年
1006-12C-08	0787-01-01	正朔一	贞元三年	贞元二年
1006-12C-09	0787-01-02	正朔一	贞元三年	贞元二年
1006-12C-10	0787-01-03	正朔一	贞元三年	贞元二年
1006-12C-11	0787-01-04	正朔一	贞元三年	贞元二年
1006-12C-12	0787-01-05	正朔一	贞元三年	贞元二年
1006-12C-13	0787-01-06	正朔一	贞元三年	贞元二年
1006-12C-14	0787-01-07	正朔一	贞元三年	贞元二年
1006-12C-15	0787-01-08	正朔一	贞元三年	贞元二年
1006-12C-16	0787-01-09	正朔一	贞元三年	贞元二年
1006-12C-17	0787-01-10	正朔一	贞元三年	贞元二年
1006-12C-18	0787-01-11	正朔一	贞元三年	贞元二年
1006-12C-19	0787-01-12	正朔一	贞元三年	贞元二年
1006-12C-20	0787-01-13	正朔一	贞元三年	贞元二年
1006-12C-21	0787-01-14	正朔一	贞元三年	贞元二年
1006-12C-22	0787-01-15	正朔一	贞元三年	贞元二年
1006-12C-23	0787-01-16	正朔一	贞元三年	贞元二年
1006-12C-24	0787-01-17	正朔一	贞元三年	贞元二年
1006-12C-25	0787-01-18	正朔一	贞元三年	贞元二年
1006-12C-26	0787-01-19	正朔一	贞元三年	贞元二年
1006-12C-27	0787-01-20	正朔一	贞元三年	贞元二年
1006-12C-28	0787-01-21	正朔一	贞元三年	贞元二年
1006-12C-29	0787-01-22	正朔一	贞元三年	贞元二年
1006-12C-30	0787-01-23	正朔一	贞元三年	贞元二年
1007-11C-18	0788-01-01	正朔一	贞元四年	贞元三年
1007-11C-19	0788-01-02	正朔一	贞元四年	贞元三年
1007-11C-20	0788-01-03	正朔一	贞元四年	贞元三年
1007-11C-21	0788-01-04	正朔一	贞元四年	贞元三年
1007-11C-22	0788-01-05	正朔一	贞元四年	贞元三年
1007-11C-23	0788-01-06	正朔一	贞元四年	贞元三年
1007-11C-24	0788-01-07	正朔一	贞元四年	贞元三年
1007-11C-25	0788-01-08	正朔一	贞元四年	贞元三年
1007-11C-26	0788-01-09	正朔一	贞元四年	贞元三年
1007-11C-27	0788-01-10	正朔一	贞元四年	贞元三年
1007-11C-28	0788-01-11	正朔一	贞元四年	贞元三年
1007-11C-29	0788-01-12	正朔一	贞元四年	贞元三年
1007-12C-01	0788-01-13	正朔一	贞元四年	贞元三年
1007-12C-02	0788-01-14	正朔一	贞元四年	贞元三年
1007-12C-03	0788-01-15	正朔一	贞元四年	贞元三年
1007-12C-04	0788-01-16	正朔一	贞元四年	贞元三年
1007-12C-05	0788-01-17	正朔一	贞元四年	贞元三年
1007-12C-06	0788-01-18	正朔一	贞元四年	贞元三年
1007-12C-07	0788-01-19	正朔一	贞元四年	贞元三年
1007-12C-08	0788-01-20	正朔一	贞元四年	贞元三年
1007-12C-09	0788-01-21	正朔一	贞元四年	贞元三年
1007-12C-10	0788-01-22	正朔一	贞元四年	贞元三年
1007-12C-11	0788-01-23	正朔一	贞元四年	贞元三年
1007-12C-12	0788-01-24	正朔一	贞元四年	贞元三年
1007-12C-13	0788-01-25	正朔一	贞元四年	贞元三年
1007-12C-14	0788-01-26	正朔一	贞元四年	贞元三年
1007-12C-15	0788-01-27	正朔一	贞元四年	贞元三年
1007-12C-16	0788-01-28	正朔一	贞元四年	贞元三年
1007-12C-17	0788-01-29	正朔一	贞元四年	贞元三年
1007-12C-18	0788-01-30	正朔一	贞元四年	贞元三年
1007-12C-19	0788-01-31	正朔一	贞元四年	贞元三年
1007-12C-20	0788-02-01	正朔一	贞元四年	贞元三年
1007-12C-21	0788-02-02	正朔一	贞元四年	贞元三年
1007-12C-22	0788-02-03	正朔一	贞元四年	贞元三年
1007-12C-23	0788-02-04	正朔一	贞元四年	贞元三年
1007-12C-24	0788-02-05	正朔一	贞元四年	贞元三年
1007-12C-25	0788-02-06	正朔一	贞元四年	贞元三年
1007-12C-26	0788-02-07	正朔一	贞元四年	贞元三年
1007-12C-27	0788-02-08	正朔一	贞元四年	贞元三年
1007-12C-28	0788-02-09	正朔一	贞元四年	贞元三年
1007-12C-29	0788-02-10	正朔一	贞元四年	贞元三年
1007-12C-30	0788-02-11	正朔一	贞元四年	贞元三年
1008-12C-01	0789-01-01	正朔一	贞元五年	贞元四年
1008-12C-02	0789-01-02	正朔一	贞元五年	贞元四年
1008-12C-03	0789-01-03	正朔一	贞元五年	贞元四年
1008-12C-04	0789-01-04	正朔一	贞元五年	贞元四年
1008-12C-05	0789-01-05	正朔一	贞元五年	贞元四年
1008-12C-06	0789-01-06	正朔一	贞元五年	贞元四年
1008-12C-07	0789-01-07	正朔一	贞元五年	贞元四年
1008-12C-08	0789-01-08	正朔一	贞元五年	贞元四年
1008-12C-09	0789-01-09	正朔一	贞元五年	贞元四年
1008-12C-10	0789-01-10	正朔一	贞元五年	贞元四年
1008-12C-11	0789-01-11	正朔一	贞元五年	贞元四年
1008-12C-12	0789-01-12	正朔一	贞元五年	贞元四年
1008-12C-13	0789-01-13	正朔一	贞元五年	贞元四年
1008-12C-14	0789-01-14	正朔一	贞元五年	贞元四年
1008-12C-15	0789-01-15	正朔一	贞元五年	贞元四年
1008-12C-16	0789-01-16	正朔一	贞元五年	贞元四年
1008-12C-17	0789-01-17	正朔一	贞元五年	贞元四年
1008-12C-18	0789-01-18	正朔一	贞元五年	贞元四年
1008-12C-19	0789-01-19	正朔一	贞元五年	贞元四年
1008-12C-20	0789-01-20	正朔一	贞元五年	贞元四年
1008-12C-21	0789-01-21	正朔一	贞元五年	贞元四年
1008-12C-22	0789-01-22	正朔一	贞元五年	贞元四年
1008-12C-23	0789-01-23	正朔一	贞元五年	贞元四年
1008-12C-24	0789-01-24	正朔一	贞元五年	贞元四年
1008-12C-25	0789-01-25	正朔一	贞元五年	贞元四年
1008-12C-26	0789-01-26	正朔一	贞元五年	贞元四年
1008-12C-27	0789-01-27	正朔一	贞元五年	贞元四年
1008-12C-28	0789-01-28	正朔一	贞元五年	贞元四年
1008-12C-29	0789-01-29	正朔一	贞元五年	贞元四年
1008-12C-30	0789-01-30	正朔一	贞元五年	贞元四年
1009-12C-12	0790-01-01	正朔一	贞元六年	贞元五年
1009-12C-13	0790-01-02	正朔一	贞元六年	贞元五年
1009-12C-14	0790-01-03	正朔一	贞元六年	贞元五年
1009-12C-15	0790-01-04	正朔一	贞元六年	贞元五年
1009-12C-16	0790-01-05	正朔一	贞元六年	贞元五年
1009-12C-17	0790-01-06	正朔一	贞元六年	贞元五年
1009-12C-18	0790-01-07	正朔一	贞元六年	贞元五年
1009-12C-19	0790-01-08	正朔一	贞元六年	贞元五年
1009-12C-20	0790-01-09	正朔一	贞元六年	贞元五年
1009-12C-21	0790-01-10	正朔一	贞元六年	贞元五年
1009-12C-22	0790-01-11	正朔一	贞元六年	贞元五年
1009-12C-23	0790-01-12	正朔一	贞元六年	贞元五年
1009-12C-24	0790-01-13	正朔一	贞元六年	贞元五年
1009-12C-25	0790-01-14	正朔一	贞元六年	贞元五年
1009-12C-26	0790-01-15	正朔一	贞元六年	贞元五年
1009-12C-27	0790-01-16	正朔一	贞元六年	贞元五年
1009-12C-28	0790-01-17	正朔一	贞元六年	贞元五年
1009-12C-29	0790-01-18	正朔一	贞元六年	贞元五年
1009-12C-30	0790-01-19	正朔一	贞元六年	贞元五年
1010-11C-22	0791-01-01	正朔一	贞元七年	贞元六年
1010-11C-23	0791-01-02	正朔一	贞元七年	贞元六年
1010-11C-24	0791-01-03	正朔一	贞元七年	贞元六年
1010-11C-25	0791-01-04	正朔一	贞元七年	贞元六年
1010-11C-26	0791-01-05	正朔一	贞元七年	贞元六年
1010-11C-27	0791-01-06	正朔一	贞元七年	贞元六年
1010-11C-28	0791-01-07	正朔一	贞元七年	贞元六年
1010-11C-29	0791-01-08	正朔一	贞元七年	贞元六年
1010-12C-01	0791-01-09	正朔一	贞元七年	贞元六年
1010-12C-02	0791-01-10	正朔一	贞元七年	贞元六年
1010-12C-03	0791-01-11	正朔一	贞元七年	贞元六年
1010-12C-04	0791-01-12	正朔一	贞元七年	贞元六年
1010-12C-05	0791-01-13	正朔一	贞元七年	贞元六年
1010-12C-06	0791-01-14	正朔一	贞元七年	贞元六年
1010-12C-07	0791-01-15	正朔一	贞元七年	贞元六年
1010-12C-08	0791-01-16	正朔一	贞元七年	贞元六年
1010-12C-09	0791-01-17	正朔一	贞元七年	贞元六年
1010-12C-10	0791-01-18	正朔一	贞元七年	贞元六年
1010-12C-11	0791-01-19	正朔一	贞元七年	贞元六年
1010-12C-12	0791-01-20	正朔一	贞元七年	贞元六年
1010-12C-13	0791-01-21	正朔一	贞元七年	贞元六年
1010-12C-14	0791-01-22	正朔一	贞元七年	贞元六年
1010-12C-15	0791-01-23	正朔一	贞元七年	贞元六年
1010-12C-16	0791-01-24	正朔一	贞元七年	贞元六年
1010-12C-17	0791-01-25	正朔一	贞元七年	贞元六年
1010-12C-18	0791-01-26	正朔一	贞元七年	贞元六年
1010-12C-19	0791-01-27	正朔一	贞元七年	贞元六年
1010-12C-20	0791-01-28	正朔一	贞元七年	贞元六年
1010-12C-21	0791-01-29	正朔一	贞元七年	贞元六年
1010-12C-22	0791-01-30	正朔一	贞元七年	贞元六年
1010-12C-23	0791-01-31	正朔一	贞元七年	贞元六年
1010-12C-24	0791-02-01	正朔一	贞元七年	贞元六年
1010-12C-25	0791-02-02	正朔一	贞元七年	贞元六年
1010-12C-26	0791-02-03	正朔一	贞元七年	贞元六年
1010-12C-27	0791-02-04	正朔一	贞元七年	贞元六年
1010-12C-28	0791-02-05	正朔一	贞元七年	贞元六年
1010-12C-29	0791-02-06	正朔一	贞元七年	贞元六年
1010-12C-30	0791-02-07	正朔一	贞元七年	贞元六年
1011-12C-03	0792-01-01	正朔一	贞元八年	贞元七年
1011-12C-04	0792-01-02	正朔一	贞元八年	贞元七年
1011-12C-05	0792-01-03	正朔一	贞元八年	贞元七年
1011-12C-06	0792-01-04	正朔一	贞元八年	贞元七年
1011-12C-07	0792-01-05	正朔一	贞元八年	贞元七年
1011-12C-08	0792-01-06	正朔一	贞元八年	贞元七年
1011-12C-09	0792-01-07	正朔一	贞元八年	贞元七年
1011-12C-10	0792-01-08	正朔一	贞元八年	贞元七年
1011-12C-11	0792-01-09	正朔一	贞元八年	贞元七年
1011-12C-12	0792-01-10	正朔一	贞元八年	贞元七年
1011-12C-13	0792-01-11	正朔一	贞元八年	贞元七年
1011-12C-14	0792-01-12	正朔一	贞元八年	贞元七年
1011-12C-15	0792-01-13	正朔一	贞元八年	贞元七年
1011-12C-16	0792-01-14	正朔一	贞元八年	贞元七年
1011-12C-17	0792-01-15	正朔一	贞元八年	贞元七年
1011-12C-18	0792-01-16	正朔一	贞元八年	贞元七年
1011-12C-19	0792-01-17	正朔一	贞元八年	贞元七年
1011-12C-20	0792-01-18	正朔一	贞元八年	贞元七年
1011-12C-21	0792-01-19	正朔一	贞元八年	贞元七年
1011-12C-22	0792-01-20	正朔一	贞元八年	贞元七年
1011-12C-23	0792-01-21	正朔一	贞元八年	贞元七年
1011-12C-24	0792-01-22	正朔一	贞元八年	贞元七年
1011-12C-25	0792-01-23	正朔一	贞元八年	贞元七年
1011-12C-26	0792-01-24	正朔一	贞元八年	贞元七年
1011-12C-27	0792-01-25	正朔一	贞元八年	贞元七年
1011-12C-28	0792-01-26	正朔一	贞元八年	贞元七年
1011-12C-29	0792-01-27	正朔一	贞元八年	贞元七年
1012-12C-14	0793-01-01	正朔一	贞元九年	贞元八年
1012-12C-15	0793-01-02	正朔一	贞元九年	贞元八年
1012-12C-16	0793-01-03	正朔一	贞元九年	贞元八年
1012-12C-17	0793-01-04	正朔一	贞元九年	贞元八年
1012-12C-18	0793-01-05	正朔一	贞元九年	贞元八年
1012-12C-19	0793-01-06	正朔一	贞元九年	贞元八年
1012-12C-20	0793-01-07	正朔一	贞元九年	贞元八年
1012-12C-21	0793-01-08	正朔一	贞元九年	贞元八年
1012-12C-22	0793-01-09	正朔一	贞元九年	贞元八年
1012-12C-23	0793-01-10	正朔一	贞元九年	贞元八年
1012-12C-24	0793-01-11	正朔一	贞元九年	贞元八年
1012-12C-25	0793-01-12	正朔一	贞元九年	贞元八年
1012-12C-26	0793-01-13	正朔一	贞元九年	贞元八年
1012-12C-27	0793-01-14	正朔一	贞元九年	贞元八年
1012-12C-28	0793-01-15	正朔一	贞元九年	贞元八年
1012-12C-29	0793-01-16	正朔一	贞元九年	贞元八年
1012-12L-01	0793-01-17	正朔一	贞元九年	贞元八年
1012-12L-02	0793-01-18	正朔一	贞元九年	贞元八年
1012-12L-03	0793-01-19	正朔一	贞元九年	贞元八年
1012-12L-04	0793-01-20	正朔一	贞元九年	贞元八年
1012-12L-05	0793-01-21	正朔一	贞元九年	贞元八年
1012-12L-06	0793-01-22	正朔一	贞元九年	贞元八年
1012-12L-07	0793-01-23	正朔一	贞元九年	贞元八年
1012-12L-08	0793-01-24	正朔一	贞元九年	贞元八年
1012-12L-09	0793-01-25	正朔一	贞元九年	贞元八年
1012-12L-10	0793-01-26	正朔一	贞元九年	贞元八年
1012-12L-11	0793-01-27	正朔一	贞元九年	贞元八年
1012-12L-12	0793-01-28	正朔一	贞元九年	贞元八年
1012-12L-13	0793-01-29	正朔一	贞元九年	贞元八年
1012-12L-14	0793-01-30	正朔一	贞元九年	贞元八年
1012-12L-15	0793-01-31	正朔一	贞元九年	贞元八年
1012-12L-16	0793-02-01	正朔一	贞元九年	贞元八年
1012-12L-17	0793-02-02	正朔一	贞元九年	贞元八年
1012-12L-18	0793-02-03	正朔一	贞元九年	贞元八年
1012-12L-19	0793-02-04	正朔一	贞元九年	贞元八年
1012-12L-20	0793-02-05	正朔一	贞元九年	贞元八年
1012-12L-21	0793-02-06	正朔一	贞元九年	贞元八年
1012-12L-22	0793-02-07	正朔一	贞元九年	贞元八年
1012-12L-23	0793-02-08	正朔一	贞元九年	贞元八年
1012-12L-24	0793-02-09	正朔一	贞元九年	贞元八年
1012-12L-25	0793-02-10	正朔一	贞元九年	贞元八年
1012-12L-26	0793-02-11	正朔一	贞元九年	贞元八年
1012-12L-27	0793-02-12	正朔一	贞元九年	贞元八年
1012-12L-28	0793-02-13	正朔一	贞元九年	贞元八年
1012-12L-29	0793-02-14	正朔一	贞元九年	贞元八年
1013-11C-25	0794-01-01	正朔一	贞元十年	贞元九年
1013-11C-26	0794-01-02	正朔一	贞元十年	贞元九年
1013-11C-27	0794-01-03	正朔一	贞元十年	贞元九年
1013-11C-28	0794-01-04	正朔一	贞元十年	贞元九年
1013-11C-29	0794-01-05	正朔一	贞元十年	贞元九年
1013-11C-30	0794-01-06	正朔一	贞元十年	贞元九年
1013-12C-01	0794-01-07	正朔一	贞元十年	贞元九年
1013-12C-02	0794-01-08	正朔一	贞元十年	贞元九年
1013-12C-03	0794-01-09	正朔一	贞元十年	贞元九年
1013-12C-04	0794-01-10	正朔一	贞元十年	贞元九年
1013-12C-05	0794-01-11	正朔一	贞元十年	贞元九年
1013-12C-06	0794-01-12	正朔一	贞元十年	贞元九年
1013-12C-07	0794-01-13	正朔一	贞元十年	贞元九年
1013-12C-08	0794-01-14	正朔一	贞元十年	贞元九年
1013-12C-09	0794-01-15	正朔一	贞元十年	贞元九年
1013-12C-10	0794-01-16	正朔一	贞元十年	贞元九年
1013-12C-11	0794-01-17	正朔一	贞元十年	贞元九年
1013-12C-12	0794-01-18	正朔一	贞元十年	贞元九年
1013-12C-13	0794-01-19	正朔一	贞元十年	贞元九年
1013-12C-14	0794-01-20	正朔一	贞元十年	贞元九年
1013-12C-15	0794-01-21	正朔一	贞元十年	贞元九年
1013-12C-16	0794-01-22	正朔一	贞元十年	贞元九年
1013-12C-17	0794-01-23	正朔一	贞元十年	贞元九年
1013-12C-18	0794-01-24	正朔一	贞元十年	贞元九年
1013-12C-19	0794-01-25	正朔一	贞元十年	贞元九年
1013-12C-20	0794-01-26	正朔一	贞元十年	贞元九年
1013-12C-21	0794-01-27	正朔一	贞元十年	贞元九年
1013-12C-22	0794-01-28	正朔一	贞元十年	贞元九年
1013-12C-23	0794-01-29	正朔一	贞元十年	贞元九年
1013-12C-24	0794-01-30	正朔一	贞元十年	贞元九年
1013-12C-25	0794-01-31	正朔一	贞元十年	贞元九年
1013-12C-26	0794-02-01	正朔一	贞元十年	贞元九年
1013-12C-27	0794-02-02	正朔一	贞元十年	贞元九年
1013-12C-28	0794-02-03	正朔一	贞元十年	贞元九年
1013-12C-29	0794-02-04	正朔一	贞元十年	贞元九年
1014-12C-06	0795-01-01	正朔一	贞元十一年	贞元十年
1014-12C-07	0795-01-02	正朔一	贞元十一年	贞元十年
1014-12C-08	0795-01-03	正朔一	贞元十一年	贞元十年
1014-12C-09	0795-01-04	正朔一	贞元十一年	贞元十年
1014-12C-10	0795-01-05	正朔一	贞元十一年	贞元十年
1014-12C-11	0795-01-06	正朔一	贞元十一年	贞元十年
1014-12C-12	0795-01-07	正朔一	贞元十一年	贞元十年
1014-12C-13	0795-01-08	正朔一	贞元十一年	贞元十年
1014-12C-14	0795-01-09	正朔一	贞元十一年	贞元十年
1014-12C-15	0795-01-10	正朔一	贞元十一年	贞元十年
1014-12C-16	0795-01-11	正朔一	贞元十一年	贞元十年
1014-12C-17	0795-01-12	正朔一	贞元十一年	贞元十年
1014-12C-18	0795-01-13	正朔一	贞元十一年	贞元十年
1014-12C-19	0795-01-14	正朔一	贞元十一年	贞元十年
1014-12C-20	0795-01-15	正朔一	贞元十一年	贞元十年
1014-12C-21	0795-01-16	正朔一	贞元十一年	贞元十年
1014-12C-22	0795-01-17	正朔一	贞元十一年	贞元十年
1014-12C-23	0795-01-18	正朔一	贞元十一年	贞元十年
1014-12C-24	0795-01-19	正朔一	贞元十一年	贞元十年
1014-12C-25	0795-01-20	正朔一	贞元十一年	贞元十年
1014-12C-26	0795-01-21	正朔一	贞元十一年	贞元十年
1014-12C-27	0795-01-22	正朔一	贞元十一年	贞元十年
1014-12C-28	0795-01-23	正朔一	贞元十一年	贞元十年
1014-12C-29	0795-01-24	正朔一	贞元十一年	贞元十年
1014-12C-30	0795-01-25	正朔一	贞元十一年	贞元十年
1015-11C-17	0796-01-01	正朔一	贞元十二年	贞元十一年
1015-11C-18	0796-01-02	正朔一	贞元十二年	贞元十一年
1015-11C-19	0796-01-03	正朔一	贞元十二年	贞元十一年
1015-11C-20	0796-01-04	正朔一	贞元十二年	贞元十一年
1015-11C-21	0796-01-05	正朔一	贞元十二年	贞元十一年
1015-11C-22	0796-01-06	正朔一	贞元十二年	贞元十一年
1015-11C-23	0796-01-07	正朔一	贞元十二年	贞元十一年
1015-11C-24	0796-01-08	正朔一	贞元十二年	贞元十一年
1015-11C-25	0796-01-09	正朔一	贞元十二年	贞元十一年
1015-11C-26	0796-01-10	正朔一	贞元十二年	贞元十一年
1015-11C-27	0796-01-11	正朔一	贞元十二年	贞元十一年
1015-11C-28	0796-01-12	正朔一	贞元十二年	贞元十一年
1015-11C-29	0796-01-13	正朔一	贞元十二年	贞元十一年
1015-11C-30	0796-01-14	正朔一	贞元十二年	贞元十一年
1015-12C-01	0796-01-15	正朔一	贞元十二年	贞元十一年
1015-12C-02	0796-01-16	正朔一	贞元十二年	贞元十一年
1015-12C-03	0796-01-17	正朔一	贞元十二年	贞元十一年
1015-12C-04	0796-01-18	正朔一	贞元十二年	贞元十一年
1015-12C-05	0796-01-19	正朔一	贞元十二年	贞元十一年
1015-12C-06	0796-01-20	正朔一	贞元十二年	贞元十一年
1015-12C-07	0796-01-21	正朔一	贞元十二年	贞元十一年
1015-12C-08	0796-01-22	正朔一	贞元十二年	贞元十一年
1015-12C-09	0796-01-23	正朔一	贞元十二年	贞元十一年
1015-12C-10	0796-01-24	正朔一	贞元十二年	贞元十一年
1015-12C-11	0796-01-25	正朔一	贞元十二年	贞元十一年
1015-12C-12	0796-01-26	正朔一	贞元十二年	贞元十一年
1015-12C-13	0796-01-27	正朔一	贞元十二年	贞元十一年
1015-12C-14	0796-01-28	正朔一	贞元十二年	贞元十一年
1015-12C-15	0796-01-29	正朔一	贞元十二年	贞元十一年
1015-12C-16	0796-01-30	正朔一	贞元十二年	贞元十一年
1015-12C-17	0796-01-31	正朔一	贞元十二年	贞元十一年
1015-12C-18	0796-02-01	正朔一	贞元十二年	贞元十一年
1015-12C-19	0796-02-02	正朔一	贞元十二年	贞元十一年
1015-12C-20	0796-02-03	正朔一	贞元十二年	贞元十一年
1015-12C-21	0796-02-04	正朔一	贞元十二年	贞元十一年
1015-12C-22	0796-02-05	正朔一	贞元十二年	贞元十一年
1015-12C-23	0796-02-06	正朔一	贞元十二年	贞元十一年
1015-12C-24	0796-02-07	正朔一	贞元十二年	贞元十一年
1015-12C-25	0796-02-08	正朔一	贞元十二年	贞元十一年
1015-12C-26	0796-02-09	正朔一	贞元十二年	贞元十一年
1015-12C-27	0796-02-10	正朔一	贞元十二年	贞元十一年
1015-12C-28	0796-02-11	正朔一	贞元十二年	贞元十一年
1015-12C-29	0796-02-12	正朔一	贞元十二年	贞元十一年
1015-12C-30	0796-02-13	正朔一	贞元十二年	贞元十一年
1016-11C-29	0797-01-01	正朔一	贞元十三年	贞元十二年
1016-11C-30	0797-01-02	正朔一	贞元十三年	贞元十二年
1016-12C-01	0797-01-03	正朔一	贞元十三年	贞元十二年
1016-12C-02	0797-01-04	正朔一	贞元十三年	贞元十二年
1016-12C-03	0797-01-05	正朔一	贞元十三年	贞元十二年
1016-12C-04	0797-01-06	正朔一	贞元十三年	贞元十二年
1016-12C-05	0797-01-07	正朔一	贞元十三年	贞元十二年
1016-12C-06	0797-01-08	正朔一	贞元十三年	贞元十二年
1016-12C-07	0797-01-09	正朔一	贞元十三年	贞元十二年
1016-12C-08	0797-01-10	正朔一	贞元十三年	贞元十二年
1016-12C-09	0797-01-11	正朔一	贞元十三年	贞元十二年
1016-12C-10	0797-01-12	正朔一	贞元十三年	贞元十二年
1016-12C-11	0797-01-13	正朔一	贞元十三年	贞元十二年
1016-12C-12	0797-01-14	正朔一	贞元十三年	贞元十二年
1016-12C-13	0797-01-15	正朔一	贞元十三年	贞元十二年
1016-12C-14	0797-01-16	正朔一	贞元十三年	贞元十二年
1016-12C-15	0797-01-17	正朔一	贞元十三年	贞元十二年
1016-12C-16	0797-01-18	正朔一	贞元十三年	贞元十二年
1016-12C-17	0797-01-19	正朔一	贞元十三年	贞元十二年
1016-12C-18	0797-01-20	正朔一	贞元十三年	贞元十二年
1016-12C-19	0797-01-21	正朔一	贞元十三年	贞元十二年
1016-12C-20	0797-01-22	正朔一	贞元十三年	贞元十二年
1016-12C-21	0797-01-23	正朔一	贞元十三年	贞元十二年
1016-12C-22	0797-01-24	正朔一	贞元十三年	贞元十二年
1016-12C-23	0797-01-25	正朔一	贞元十三年	贞元十二年
1016-12C-24	0797-01-26	正朔一	贞元十三年	贞元十二年
1016-12C-25	0797-01-27	正朔一	贞元十三年	贞元十二年
1016-12C-26	0797-01-28	正朔一	贞元十三年	贞元十二年
1016-12C-27	0797-01-29	正朔一	贞元十三年	贞元十二年
1016-12C-28	0797-01-30	正朔一	贞元十三年	贞元十二年
1016-12C-29	0797-01-31	正朔一	贞元十三年	贞元十二年
1016-12C-30	0797-02-01	正朔一	贞元十三年	贞元十二年
1017-12C-10	0798-01-01	正朔一	贞元十四年	贞元十三年
1017-12C-11	0798-01-02	正朔一	贞元十四年	贞元十三年
1017-12C-12	0798-01-03	正朔一	贞元十四年	贞元十三年
1017-12C-13	0798-01-04	正朔一	贞元十四年	贞元十三年
1017-12C-14	0798-01-05	正朔一	贞元十四年	贞元十三年
1017-12C-15	0798-01-06	正朔一	贞元十四年	贞元十三年
1017-12C-16	0798-01-07	正朔一	贞元十四年	贞元十三年
1017-12C-17	0798-01-08	正朔一	贞元十四年	贞元十三年
1017-12C-18	0798-01-09	正朔一	贞元十四年	贞元十三年
1017-12C-19	0798-01-10	正朔一	贞元十四年	贞元十三年
1017-12C-20	0798-01-11	正朔一	贞元十四年	贞元十三年
1017-12C-21	0798-01-12	正朔一	贞元十四年	贞元十三年
1017-12C-22	0798-01-13	正朔一	贞元十四年	贞元十三年
1017-12C-23	0798-01-14	正朔一	贞元十四年	贞元十三年
1017-12C-24	0798-01-15	正朔一	贞元十四年	贞元十三年
1017-12C-25	0798-01-16	正朔一	贞元十四年	贞元十三年
1017-12C-26	0798-01-17	正朔一	贞元十四年	贞元十三年
1017-12C-27	0798-01-18	正朔一	贞元十四年	贞元十三年
1017-12C-28	0798-01-19	正朔一	贞元十四年	贞元十三年
1017-12C-29	0798-01-20	正朔一	贞元十四年	贞元十三年
1017-12C-30	0798-01-21	正朔一	贞元十四年	贞元十三年
1018-11C-21	0799-01-01	正朔一	贞元十五年	贞元十四年
1018-11C-22	0799-01-02	正朔一	贞元十五年	贞元十四年
1018-11C-23	0799-01-03	正朔一	贞元十五年	贞元十四年
1018-11C-24	0799-01-04	正朔一	贞元十五年	贞元十四年
1018-11C-25	0799-01-05	正朔一	贞元十五年	贞元十四年
1018-11C-26	0799-01-06	正朔一	贞元十五年	贞元十四年
1018-11C-27	0799-01-07	正朔一	贞元十五年	贞元十四年
1018-11C-28	0799-01-08	正朔一	贞元十五年	贞元十四年
1018-11C-29	0799-01-09	正朔一	贞元十五年	贞元十四年
1018-11C-30	0799-01-10	正朔一	贞元十五年	贞元十四年
1018-12C-01	0799-01-11	正朔一	贞元十五年	贞元十四年
1018-12C-02	0799-01-12	正朔一	贞元十五年	贞元十四年
1018-12C-03	0799-01-13	正朔一	贞元十五年	贞元十四年
1018-12C-04	0799-01-14	正朔一	贞元十五年	贞元十四年
1018-12C-05	0799-01-15	正朔一	贞元十五年	贞元十四年
1018-12C-06	0799-01-16	正朔一	贞元十五年	贞元十四年
1018-12C-07	0799-01-17	正朔一	贞元十五年	贞元十四年
1018-12C-08	0799-01-18	正朔一	贞元十五年	贞元十四年
1018-12C-09	0799-01-19	正朔一	贞元十五年	贞元十四年
1018-12C-10	0799-01-20	正朔一	贞元十五年	贞元十四年
1018-12C-11	0799-01-21	正朔一	贞元十五年	贞元十四年
1018-12C-12	0799-01-22	正朔一	贞元十五年	贞元十四年
1018-12C-13	0799-01-23	正朔一	贞元十五年	贞元十四年
1018-12C-14	0799-01-24	正朔一	贞元十五年	贞元十四年
1018-12C-15	0799-01-25	正朔一	贞元十五年	贞元十四年
1018-12C-16	0799-01-26	正朔一	贞元十五年	贞元十四年
1018-12C-17	0799-01-27	正朔一	贞元十五年	贞元十四年
1018-12C-18	0799-01-28	正朔一	贞元十五年	贞元十四年
1018-12C-19	0799-01-29	正朔一	贞元十五年	贞元十四年
1018-12C-20	0799-01-30	正朔一	贞元十五年	贞元十四年
1018-12C-21	0799-01-31	正朔一	贞元十五年	贞元十四年
1018-12C-22	0799-02-01	正朔一	贞元十五年	贞元十四年
1018-12C-23	0799-02-02	正朔一	贞元十五年	贞元十四年
1018-12C-24	0799-02-03	正朔一	贞元十五年	贞元十四年
1018-12C-25	0799-02-04	正朔一	贞元十五年	贞元十四年
1018-12C-26	0799-02-05	正朔一	贞元十五年	贞元十四年
1018-12C-27	0799-02-06	正朔一	贞元十五年	贞元十四年
1018-12C-28	0799-02-07	正朔一	贞元十五年	贞元十四年
1018-12C-29	0799-02-08	正朔一	贞元十五年	贞元十四年
1018-12C-30	0799-02-09	正朔一	贞元十五年	贞元十四年
1019-12C-02	0800-01-01	正朔一	贞元十六年	贞元十五年
1019-12C-03	0800-01-02	正朔一	贞元十六年	贞元十五年
1019-12C-04	0800-01-03	正朔一	贞元十六年	贞元十五年
1019-12C-05	0800-01-04	正朔一	贞元十六年	贞元十五年
1019-12C-06	0800-01-05	正朔一	贞元十六年	贞元十五年
1019-12C-07	0800-01-06	正朔一	贞元十六年	贞元十五年
1019-12C-08	0800-01-07	正朔一	贞元十六年	贞元十五年
1019-12C-09	0800-01-08	正朔一	贞元十六年	贞元十五年
1019-12C-10	0800-01-09	正朔一	贞元十六年	贞元十五年
1019-12C-11	0800-01-10	正朔一	贞元十六年	贞元十五年
1019-12C-12	0800-01-11	正朔一	贞元十六年	贞元十五年
1019-12C-13	0800-01-12	正朔一	贞元十六年	贞元十五年
1019-12C-14	0800-01-13	正朔一	贞元十六年	贞元十五年
1019-12C-15	0800-01-14	正朔一	贞元十六年	贞元十五年
1019-12C-16	0800-01-15	正朔一	贞元十六年	贞元十五年
1019-12C-17	0800-01-16	正朔一	贞元十六年	贞元十五年
1019-12C-18	0800-01-17	正朔一	贞元十六年	贞元十五年
1019-12C-19	0800-01-18	正朔一	贞元十六年	贞元十五年
1019-12C-20	0800-01-19	正朔一	贞元十六年	贞元十五年
1019-12C-21	0800-01-20	正朔一	贞元十六年	贞元十五年
1019-12C-22	0800-01-21	正朔一	贞元十六年	贞元十五年
1019-12C-23	0800-01-22	正朔一	贞元十六年	贞元十五年
1019-12C-24	0800-01-23	正朔一	贞元十六年	贞元十五年
1019-12C-25	0800-01-24	正朔一	贞元十六年	贞元十五年
1019-12C-26	0800-01-25	正朔一	贞元十六年	贞元十五年
1019-12C-27	0800-01-26	正朔一	贞元十六年	贞元十五年
1019-12C-28	0800-01-27	正朔一	贞元十六年	贞元十五年
1019-12C-29	0800-01-28	正朔一	贞元十六年	贞元十五年
1019-12C-30	0800-01-29	正朔一	贞元十六年	贞元十五年
1020-12C-13	0801-01-01	正朔一	贞元十七年	贞元十六年
1020-12C-14	0801-01-02	正朔一	贞元十七年	贞元十六年
1020-12C-15	0801-01-03	正朔一	贞元十七年	贞元十六年
1020-12C-16	0801-01-04	正朔一	贞元十七年	贞元十六年
1020-12C-17	0801-01-05	正朔一	贞元十七年	贞元十六年
1020-12C-18	0801-01-06	正朔一	贞元十七年	贞元十六年
1020-12C-19	0801-01-07	正朔一	贞元十七年	贞元十六年
1020-12C-20	0801-01-08	正朔一	贞元十七年	贞元十六年
1020-12C-21	0801-01-09	正朔一	贞元十七年	贞元十六年
1020-12C-22	0801-01-10	正朔一	贞元十七年	贞元十六年
1020-12C-23	0801-01-11	正朔一	贞元十七年	贞元十六年
1020-12C-24	0801-01-12	正朔一	贞元十七年	贞元十六年
1020-12C-25	0801-01-13	正朔一	贞元十七年	贞元十六年
1020-12C-26	0801-01-14	正朔一	贞元十七年	贞元十六年
1020-12C-27	0801-01-15	正朔一	贞元十七年	贞元十六年
1020-12C-28	0801-01-16	正朔一	贞元十七年	贞元十六年
1020-12C-29	0801-01-17	正朔一	贞元十七年	贞元十六年
1021-11C-24	0802-01-01	正朔一	贞元十八年	贞元十七年
1021-11C-25	0802-01-02	正朔一	贞元十八年	贞元十七年
1021-11C-26	0802-01-03	正朔一	贞元十八年	贞元十七年
1021-11C-27	0802-01-04	正朔一	贞元十八年	贞元十七年
1021-11C-28	0802-01-05	正朔一	贞元十八年	贞元十七年
1021-11C-29	0802-01-06	正朔一	贞元十八年	贞元十七年
1021-11C-30	0802-01-07	正朔一	贞元十八年	贞元十七年
1021-12C-01	0802-01-08	正朔一	贞元十八年	贞元十七年
1021-12C-02	0802-01-09	正朔一	贞元十八年	贞元十七年
1021-12C-03	0802-01-10	正朔一	贞元十八年	贞元十七年
1021-12C-04	0802-01-11	正朔一	贞元十八年	贞元十七年
1021-12C-05	0802-01-12	正朔一	贞元十八年	贞元十七年
1021-12C-06	0802-01-13	正朔一	贞元十八年	贞元十七年
1021-12C-07	0802-01-14	正朔一	贞元十八年	贞元十七年
1021-12C-08	0802-01-15	正朔一	贞元十八年	贞元十七年
1021-12C-09	0802-01-16	正朔一	贞元十八年	贞元十七年
1021-12C-10	0802-01-17	正朔一	贞元十八年	贞元十七年
1021-12C-11	0802-01-18	正朔一	贞元十八年	贞元十七年
1021-12C-12	0802-01-19	正朔一	贞元十八年	贞元十七年
1021-12C-13	0802-01-20	正朔一	贞元十八年	贞元十七年
1021-12C-14	0802-01-21	正朔一	贞元十八年	贞元十七年
1021-12C-15	0802-01-22	正朔一	贞元十八年	贞元十七年
1021-12C-16	0802-01-23	正朔一	贞元十八年	贞元十七年
1021-12C-17	0802-01-24	正朔一	贞元十八年	贞元十七年
1021-12C-18	0802-01-25	正朔一	贞元十八年	贞元十七年
1021-12C-19	0802-01-26	正朔一	贞元十八年	贞元十七年
1021-12C-20	0802-01-27	正朔一	贞元十八年	贞元十七年
1021-12C-21	0802-01-28	正朔一	贞元十八年	贞元十七年
1021-12C-22	0802-01-29	正朔一	贞元十八年	贞元十七年
1021-12C-23	0802-01-30	正朔一	贞元十八年	贞元十七年
1021-12C-24	0802-01-31	正朔一	贞元十八年	贞元十七年
1021-12C-25	0802-02-01	正朔一	贞元十八年	贞元十七年
1021-12C-26	0802-02-02	正朔一	贞元十八年	贞元十七年
1021-12C-27	0802-02-03	正朔一	贞元十八年	贞元十七年
1021-12C-28	0802-02-04	正朔一	贞元十八年	贞元十七年
1021-12C-29	0802-02-05	正朔一	贞元十八年	贞元十七年
1022-12C-04	0803-01-01	正朔一	贞元十九年	贞元十八年
1022-12C-05	0803-01-02	正朔一	贞元十九年	贞元十八年
1022-12C-06	0803-01-03	正朔一	贞元十九年	贞元十八年
1022-12C-07	0803-01-04	正朔一	贞元十九年	贞元十八年
1022-12C-08	0803-01-05	正朔一	贞元十九年	贞元十八年
1022-12C-09	0803-01-06	正朔一	贞元十九年	贞元十八年
1022-12C-10	0803-01-07	正朔一	贞元十九年	贞元十八年
1022-12C-11	0803-01-08	正朔一	贞元十九年	贞元十八年
1022-12C-12	0803-01-09	正朔一	贞元十九年	贞元十八年
1022-12C-13	0803-01-10	正朔一	贞元十九年	贞元十八年
1022-12C-14	0803-01-11	正朔一	贞元十九年	贞元十八年
1022-12C-15	0803-01-12	正朔一	贞元十九年	贞元十八年
1022-12C-16	0803-01-13	正朔一	贞元十九年	贞元十八年
1022-12C-17	0803-01-14	正朔一	贞元十九年	贞元十八年
1022-12C-18	0803-01-15	正朔一	贞元十九年	贞元十八年
1022-12C-19	0803-01-16	正朔一	贞元十九年	贞元十八年
1022-12C-20	0803-01-17	正朔一	贞元十九年	贞元十八年
1022-12C-21	0803-01-18	正朔一	贞元十九年	贞元十八年
1022-12C-22	0803-01-19	正朔一	贞元十九年	贞元十八年
1022-12C-23	0803-01-20	正朔一	贞元十九年	贞元十八年
1022-12C-24	0803-01-21	正朔一	贞元十九年	贞元十八年
1022-12C-25	0803-01-22	正朔一	贞元十九年	贞元十八年
1022-12C-26	0803-01-23	正朔一	贞元十九年	贞元十八年
1022-12C-27	0803-01-24	正朔一	贞元十九年	贞元十八年
1022-12C-28	0803-01-25	正朔一	贞元十九年	贞元十八年
1022-12C-29	0803-01-26	正朔一	贞元十九年	贞元十八年
1023-11C-15	0804-01-01	正朔一	贞元二十年	贞元十九年
1023-11C-16	0804-01-02	正朔一	贞元二十年	贞元十九年
1023-11C-17	0804-01-03	正朔一	贞元二十年	贞元十九年
1023-11C-18	0804-01-04	正朔一	贞元二十年	贞元十九年
1023-11C-19	0804-01-05	正朔一	贞元二十年	贞元十九年
1023-11C-20	0804-01-06	正朔一	贞元二十年	贞元十九年
1023-11C-21	0804-01-07	正朔一	贞元二十年	贞元十九年
1023-11C-22	0804-01-08	正朔一	贞元二十年	贞元十九年
1023-11C-23	0804-01-09	正朔一	贞元二十年	贞元十九年
1023-11C-24	0804-01-10	正朔一	贞元二十年	贞元十九年
1023-11C-25	0804-01-11	正朔一	贞元二十年	贞元十九年
1023-11C-26	0804-01-12	正朔一	贞元二十年	贞元十九年
1023-11C-27	0804-01-13	正朔一	贞元二十年	贞元十九年
1023-11C-28	0804-01-14	正朔一	贞元二十年	贞元十九年
1023-11C-29	0804-01-15	正朔一	贞元二十年	贞元十九年
1023-11C-30	0804-01-16	正朔一	贞元二十年	贞元十九年
1023-12C-01	0804-01-17	正朔一	贞元二十年	贞元十九年
1023-12C-02	0804-01-18	正朔一	贞元二十年	贞元十九年
1023-12C-03	0804-01-19	正朔一	贞元二十年	贞元十九年
1023-12C-04	0804-01-20	正朔一	贞元二十年	贞元十九年
1023-12C-05	0804-01-21	正朔一	贞元二十年	贞元十九年
1023-12C-06	0804-01-22	正朔一	贞元二十年	贞元十九年
1023-12C-07	0804-01-23	正朔一	贞元二十年	贞元十九年
1023-12C-08	0804-01-24	正朔一	贞元二十年	贞元十九年
1023-12C-09	0804-01-25	正朔一	贞元二十年	贞元十九年
1023-12C-10	0804-01-26	正朔一	贞元二十年	贞元十九年
1023-12C-11	0804-01-27	正朔一	贞元二十年	贞元十九年
1023-12C-12	0804-01-28	正朔一	贞元二十年	贞元十九年
1023-12C-13	0804-01-29	正朔一	贞元二十年	贞元十九年
1023-12C-14	0804-01-30	正朔一	贞元二十年	贞元十九年
1023-12C-15	0804-01-31	正朔一	贞元二十年	贞元十九年
1023-12C-16	0804-02-01	正朔一	贞元二十年	贞元十九年
1023-12C-17	0804-02-02	正朔一	贞元二十年	贞元十九年
1023-12C-18	0804-02-03	正朔一	贞元二十年	贞元十九年
1023-12C-19	0804-02-04	正朔一	贞元二十年	贞元十九年
1023-12C-20	0804-02-05	正朔一	贞元二十年	贞元十九年
1023-12C-21	0804-02-06	正朔一	贞元二十年	贞元十九年
1023-12C-22	0804-02-07	正朔一	贞元二十年	贞元十九年
1023-12C-23	0804-02-08	正朔一	贞元二十年	贞元十九年
1023-12C-24	0804-02-09	正朔一	贞元二十年	贞元十九年
1023-12C-25	0804-02-10	正朔一	贞元二十年	贞元十九年
1023-12C-26	0804-02-11	正朔一	贞元二十年	贞元十九年
1023-12C-27	0804-02-12	正朔一	贞元二十年	贞元十九年
1023-12C-28	0804-02-13	正朔一	贞元二十年	贞元十九年
1023-12C-29	0804-02-14	正朔一	贞元二十年	贞元十九年
1024-11C-27	0805-01-01	正朔一	贞元二十一年	贞元二十年
1024-11C-28	0805-01-02	正朔一	贞元二十一年	贞元二十年
1024-11C-29	0805-01-03	正朔一	贞元二十一年	贞元二十年
1024-11C-30	0805-01-04	正朔一	贞元二十一年	贞元二十年
1024-12C-01	0805-01-05	正朔一	贞元二十一年	贞元二十年
1024-12C-02	0805-01-06	正朔一	贞元二十一年	贞元二十年
1024-12C-03	0805-01-07	正朔一	贞元二十一年	贞元二十年
1024-12C-04	0805-01-08	正朔一	贞元二十一年	贞元二十年
1024-12C-05	0805-01-09	正朔一	贞元二十一年	贞元二十年
1024-12C-06	0805-01-10	正朔一	贞元二十一年	贞元二十年
1024-12C-07	0805-01-11	正朔一	贞元二十一年	贞元二十年
1024-12C-08	0805-01-12	正朔一	贞元二十一年	贞元二十年
1024-12C-09	0805-01-13	正朔一	贞元二十一年	贞元二十年
1024-12C-10	0805-01-14	正朔一	贞元二十一年	贞元二十年
1024-12C-11	0805-01-15	正朔一	贞元二十一年	贞元二十年
1024-12C-12	0805-01-16	正朔一	贞元二十一年	贞元二十年
1024-12C-13	0805-01-17	正朔一	贞元二十一年	贞元二十年
1024-12C-14	0805-01-18	正朔一	贞元二十一年	贞元二十年
1024-12C-15	0805-01-19	正朔一	贞元二十一年	贞元二十年
1024-12C-16	0805-01-20	正朔一	贞元二十一年	贞元二十年
1024-12C-17	0805-01-21	正朔一	贞元二十一年	贞元二十年
1024-12C-18	0805-01-22	正朔一	贞元二十一年	贞元二十年
1024-12C-19	0805-01-23	正朔一	贞元二十一年	贞元二十年
1024-12C-20	0805-01-24	正朔一	贞元二十一年	贞元二十年
1024-12C-21	0805-01-25	正朔一	贞元二十一年	贞元二十年
1024-12C-22	0805-01-26	正朔一	贞元二十一年	贞元二十年
1024-12C-23	0805-01-27	正朔一	贞元二十一年	贞元二十年
1024-12C-24	0805-01-28	正朔一	贞元二十一年	贞元二十年
1024-12C-25	0805-01-29	正朔一	贞元二十一年	贞元二十年
1024-12C-26	0805-01-30	正朔一	贞元二十一年	贞元二十年
1024-12C-27	0805-01-31	正朔一	贞元二十一年	贞元二十年
1024-12C-28	0805-02-01	正朔一	贞元二十一年	贞元二十年
1024-12C-29	0805-02-02	正朔一	贞元二十一年	贞元二十年
1025-12C-08	0806-01-01	正朔一	永贞二年	永贞元年
1025-12C-09	0806-01-02	正朔一	永贞二年	永贞元年
1025-12C-10	0806-01-03	正朔一	永贞二年	永贞元年
1025-12C-11	0806-01-04	正朔一	永贞二年	永贞元年
1025-12C-12	0806-01-05	正朔一	永贞二年	永贞元年
1025-12C-13	0806-01-06	正朔一	永贞二年	永贞元年
1025-12C-14	0806-01-07	正朔一	永贞二年	永贞元年
1025-12C-15	0806-01-08	正朔一	永贞二年	永贞元年
1025-12C-16	0806-01-09	正朔一	永贞二年	永贞元年
1025-12C-17	0806-01-10	正朔一	永贞二年	永贞元年
1025-12C-18	0806-01-11	正朔一	永贞二年	永贞元年
1025-12C-19	0806-01-12	正朔一	永贞二年	永贞元年
1025-12C-20	0806-01-13	正朔一	永贞二年	永贞元年
1025-12C-21	0806-01-14	正朔一	永贞二年	永贞元年
1025-12C-22	0806-01-15	正朔一	永贞二年	永贞元年
1025-12C-23	0806-01-16	正朔一	永贞二年	永贞元年
1025-12C-24	0806-01-17	正朔一	永贞二年	永贞元年
1025-12C-25	0806-01-18	正朔一	永贞二年	永贞元年
1025-12C-26	0806-01-19	正朔一	永贞二年	永贞元年
1025-12C-27	0806-01-20	正朔一	永贞二年	永贞元年
1025-12C-28	0806-01-21	正朔一	永贞二年	永贞元年
1025-12C-29	0806-01-22	正朔一	永贞二年	永贞元年
1025-12C-30	0806-01-23	正朔一	永贞二年	永贞元年
1026-11C-19	0807-01-01	正朔一	元和二年	元和元年
1026-11C-20	0807-01-02	正朔一	元和二年	元和元年
1026-11C-21	0807-01-03	正朔一	元和二年	元和元年
1026-11C-22	0807-01-04	正朔一	元和二年	元和元年
1026-11C-23	0807-01-05	正朔一	元和二年	元和元年
1026-11C-24	0807-01-06	正朔一	元和二年	元和元年
1026-11C-25	0807-01-07	正朔一	元和二年	元和元年
1026-11C-26	0807-01-08	正朔一	元和二年	元和元年
1026-11C-27	0807-01-09	正朔一	元和二年	元和元年
1026-11C-28	0807-01-10	正朔一	元和二年	元和元年
1026-11C-29	0807-01-11	正朔一	元和二年	元和元年
1026-11C-30	0807-01-12	正朔一	元和二年	元和元年
1026-12C-01	0807-01-13	正朔一	元和二年	元和元年
1026-12C-02	0807-01-14	正朔一	元和二年	元和元年
1026-12C-03	0807-01-15	正朔一	元和二年	元和元年
1026-12C-04	0807-01-16	正朔一	元和二年	元和元年
1026-12C-05	0807-01-17	正朔一	元和二年	元和元年
1026-12C-06	0807-01-18	正朔一	元和二年	元和元年
1026-12C-07	0807-01-19	正朔一	元和二年	元和元年
1026-12C-08	0807-01-20	正朔一	元和二年	元和元年
1026-12C-09	0807-01-21	正朔一	元和二年	元和元年
1026-12C-10	0807-01-22	正朔一	元和二年	元和元年
1026-12C-11	0807-01-23	正朔一	元和二年	元和元年
1026-12C-12	0807-01-24	正朔一	元和二年	元和元年
1026-12C-13	0807-01-25	正朔一	元和二年	元和元年
1026-12C-14	0807-01-26	正朔一	元和二年	元和元年
1026-12C-15	0807-01-27	正朔一	元和二年	元和元年
1026-12C-16	0807-01-28	正朔一	元和二年	元和元年
1026-12C-17	0807-01-29	正朔一	元和二年	元和元年
1026-12C-18	0807-01-30	正朔一	元和二年	元和元年
1026-12C-19	0807-01-31	正朔一	元和二年	元和元年
1026-12C-20	0807-02-01	正朔一	元和二年	元和元年
1026-12C-21	0807-02-02	正朔一	元和二年	元和元年
1026-12C-22	0807-02-03	正朔一	元和二年	元和元年
1026-12C-23	0807-02-04	正朔一	元和二年	元和元年
1026-12C-24	0807-02-05	正朔一	元和二年	元和元年
1026-12C-25	0807-02-06	正朔一	元和二年	元和元年
1026-12C-26	0807-02-07	正朔一	元和二年	元和元年
1026-12C-27	0807-02-08	正朔一	元和二年	元和元年
1026-12C-28	0807-02-09	正朔一	元和二年	元和元年
1026-12C-29	0807-02-10	正朔一	元和二年	元和元年
1027-11C-30	0808-01-01	正朔一	元和三年	元和二年
1027-12C-01	0808-01-02	正朔一	元和三年	元和二年
1027-12C-02	0808-01-03	正朔一	元和三年	元和二年
1027-12C-03	0808-01-04	正朔一	元和三年	元和二年
1027-12C-04	0808-01-05	正朔一	元和三年	元和二年
1027-12C-05	0808-01-06	正朔一	元和三年	元和二年
1027-12C-06	0808-01-07	正朔一	元和三年	元和二年
1027-12C-07	0808-01-08	正朔一	元和三年	元和二年
1027-12C-08	0808-01-09	正朔一	元和三年	元和二年
1027-12C-09	0808-01-10	正朔一	元和三年	元和二年
1027-12C-10	0808-01-11	正朔一	元和三年	元和二年
1027-12C-11	0808-01-12	正朔一	元和三年	元和二年
1027-12C-12	0808-01-13	正朔一	元和三年	元和二年
1027-12C-13	0808-01-14	正朔一	元和三年	元和二年
1027-12C-14	0808-01-15	正朔一	元和三年	元和二年
1027-12C-15	0808-01-16	正朔一	元和三年	元和二年
1027-12C-16	0808-01-17	正朔一	元和三年	元和二年
1027-12C-17	0808-01-18	正朔一	元和三年	元和二年
1027-12C-18	0808-01-19	正朔一	元和三年	元和二年
1027-12C-19	0808-01-20	正朔一	元和三年	元和二年
1027-12C-20	0808-01-21	正朔一	元和三年	元和二年
1027-12C-21	0808-01-22	正朔一	元和三年	元和二年
1027-12C-22	0808-01-23	正朔一	元和三年	元和二年
1027-12C-23	0808-01-24	正朔一	元和三年	元和二年
1027-12C-24	0808-01-25	正朔一	元和三年	元和二年
1027-12C-25	0808-01-26	正朔一	元和三年	元和二年
1027-12C-26	0808-01-27	正朔一	元和三年	元和二年
1027-12C-27	0808-01-28	正朔一	元和三年	元和二年
1027-12C-28	0808-01-29	正朔一	元和三年	元和二年
1027-12C-29	0808-01-30	正朔一	元和三年	元和二年
1028-12C-12	0809-01-01	正朔一	元和四年	元和三年
1028-12C-13	0809-01-02	正朔一	元和四年	元和三年
1028-12C-14	0809-01-03	正朔一	元和四年	元和三年
1028-12C-15	0809-01-04	正朔一	元和四年	元和三年
1028-12C-16	0809-01-05	正朔一	元和四年	元和三年
1028-12C-17	0809-01-06	正朔一	元和四年	元和三年
1028-12C-18	0809-01-07	正朔一	元和四年	元和三年
1028-12C-19	0809-01-08	正朔一	元和四年	元和三年
1028-12C-20	0809-01-09	正朔一	元和四年	元和三年
1028-12C-21	0809-01-10	正朔一	元和四年	元和三年
1028-12C-22	0809-01-11	正朔一	元和四年	元和三年
1028-12C-23	0809-01-12	正朔一	元和四年	元和三年
1028-12C-24	0809-01-13	正朔一	元和四年	元和三年
1028-12C-25	0809-01-14	正朔一	元和四年	元和三年
1028-12C-26	0809-01-15	正朔一	元和四年	元和三年
1028-12C-27	0809-01-16	正朔一	元和四年	元和三年
1028-12C-28	0809-01-17	正朔一	元和四年	元和三年
1028-12C-29	0809-01-18	正朔一	元和四年	元和三年
1028-12C-30	0809-01-19	正朔一	元和四年	元和三年
1029-11C-22	0810-01-01	正朔一	元和五年	元和四年
1029-11C-23	0810-01-02	正朔一	元和五年	元和四年
1029-11C-24	0810-01-03	正朔一	元和五年	元和四年
1029-11C-25	0810-01-04	正朔一	元和五年	元和四年
1029-11C-26	0810-01-05	正朔一	元和五年	元和四年
1029-11C-27	0810-01-06	正朔一	元和五年	元和四年
1029-11C-28	0810-01-07	正朔一	元和五年	元和四年
1029-11C-29	0810-01-08	正朔一	元和五年	元和四年
1029-12C-01	0810-01-09	正朔一	元和五年	元和四年
1029-12C-02	0810-01-10	正朔一	元和五年	元和四年
1029-12C-03	0810-01-11	正朔一	元和五年	元和四年
1029-12C-04	0810-01-12	正朔一	元和五年	元和四年
1029-12C-05	0810-01-13	正朔一	元和五年	元和四年
1029-12C-06	0810-01-14	正朔一	元和五年	元和四年
1029-12C-07	0810-01-15	正朔一	元和五年	元和四年
1029-12C-08	0810-01-16	正朔一	元和五年	元和四年
1029-12C-09	0810-01-17	正朔一	元和五年	元和四年
1029-12C-10	0810-01-18	正朔一	元和五年	元和四年
1029-12C-11	0810-01-19	正朔一	元和五年	元和四年
1029-12C-12	0810-01-20	正朔一	元和五年	元和四年
1029-12C-13	0810-01-21	正朔一	元和五年	元和四年
1029-12C-14	0810-01-22	正朔一	元和五年	元和四年
1029-12C-15	0810-01-23	正朔一	元和五年	元和四年
1029-12C-16	0810-01-24	正朔一	元和五年	元和四年
1029-12C-17	0810-01-25	正朔一	元和五年	元和四年
1029-12C-18	0810-01-26	正朔一	元和五年	元和四年
1029-12C-19	0810-01-27	正朔一	元和五年	元和四年
1029-12C-20	0810-01-28	正朔一	元和五年	元和四年
1029-12C-21	0810-01-29	正朔一	元和五年	元和四年
1029-12C-22	0810-01-30	正朔一	元和五年	元和四年
1029-12C-23	0810-01-31	正朔一	元和五年	元和四年
1029-12C-24	0810-02-01	正朔一	元和五年	元和四年
1029-12C-25	0810-02-02	正朔一	元和五年	元和四年
1029-12C-26	0810-02-03	正朔一	元和五年	元和四年
1029-12C-27	0810-02-04	正朔一	元和五年	元和四年
1029-12C-28	0810-02-05	正朔一	元和五年	元和四年
1029-12C-29	0810-02-06	正朔一	元和五年	元和四年
1029-12C-30	0810-02-07	正朔一	元和五年	元和四年
1030-12C-03	0811-01-01	正朔一	元和六年	元和五年
1030-12C-04	0811-01-02	正朔一	元和六年	元和五年
1030-12C-05	0811-01-03	正朔一	元和六年	元和五年
1030-12C-06	0811-01-04	正朔一	元和六年	元和五年
1030-12C-07	0811-01-05	正朔一	元和六年	元和五年
1030-12C-08	0811-01-06	正朔一	元和六年	元和五年
1030-12C-09	0811-01-07	正朔一	元和六年	元和五年
1030-12C-10	0811-01-08	正朔一	元和六年	元和五年
1030-12C-11	0811-01-09	正朔一	元和六年	元和五年
1030-12C-12	0811-01-10	正朔一	元和六年	元和五年
1030-12C-13	0811-01-11	正朔一	元和六年	元和五年
1030-12C-14	0811-01-12	正朔一	元和六年	元和五年
1030-12C-15	0811-01-13	正朔一	元和六年	元和五年
1030-12C-16	0811-01-14	正朔一	元和六年	元和五年
1030-12C-17	0811-01-15	正朔一	元和六年	元和五年
1030-12C-18	0811-01-16	正朔一	元和六年	元和五年
1030-12C-19	0811-01-17	正朔一	元和六年	元和五年
1030-12C-20	0811-01-18	正朔一	元和六年	元和五年
1030-12C-21	0811-01-19	正朔一	元和六年	元和五年
1030-12C-22	0811-01-20	正朔一	元和六年	元和五年
1030-12C-23	0811-01-21	正朔一	元和六年	元和五年
1030-12C-24	0811-01-22	正朔一	元和六年	元和五年
1030-12C-25	0811-01-23	正朔一	元和六年	元和五年
1030-12C-26	0811-01-24	正朔一	元和六年	元和五年
1030-12C-27	0811-01-25	正朔一	元和六年	元和五年
1030-12C-28	0811-01-26	正朔一	元和六年	元和五年
1030-12C-29	0811-01-27	正朔一	元和六年	元和五年
1031-12C-13	0812-01-01	正朔一	元和七年	元和六年
1031-12C-14	0812-01-02	正朔一	元和七年	元和六年
1031-12C-15	0812-01-03	正朔一	元和七年	元和六年
1031-12C-16	0812-01-04	正朔一	元和七年	元和六年
1031-12C-17	0812-01-05	正朔一	元和七年	元和六年
1031-12C-18	0812-01-06	正朔一	元和七年	元和六年
1031-12C-19	0812-01-07	正朔一	元和七年	元和六年
1031-12C-20	0812-01-08	正朔一	元和七年	元和六年
1031-12C-21	0812-01-09	正朔一	元和七年	元和六年
1031-12C-22	0812-01-10	正朔一	元和七年	元和六年
1031-12C-23	0812-01-11	正朔一	元和七年	元和六年
1031-12C-24	0812-01-12	正朔一	元和七年	元和六年
1031-12C-25	0812-01-13	正朔一	元和七年	元和六年
1031-12C-26	0812-01-14	正朔一	元和七年	元和六年
1031-12C-27	0812-01-15	正朔一	元和七年	元和六年
1031-12C-28	0812-01-16	正朔一	元和七年	元和六年
1031-12C-29	0812-01-17	正朔一	元和七年	元和六年
1031-12L-01	0812-01-18	正朔一	元和七年	元和六年
1031-12L-02	0812-01-19	正朔一	元和七年	元和六年
1031-12L-03	0812-01-20	正朔一	元和七年	元和六年
1031-12L-04	0812-01-21	正朔一	元和七年	元和六年
1031-12L-05	0812-01-22	正朔一	元和七年	元和六年
1031-12L-06	0812-01-23	正朔一	元和七年	元和六年
1031-12L-07	0812-01-24	正朔一	元和七年	元和六年
1031-12L-08	0812-01-25	正朔一	元和七年	元和六年
1031-12L-09	0812-01-26	正朔一	元和七年	元和六年
1031-12L-10	0812-01-27	正朔一	元和七年	元和六年
1031-12L-11	0812-01-28	正朔一	元和七年	元和六年
1031-12L-12	0812-01-29	正朔一	元和七年	元和六年
1031-12L-13	0812-01-30	正朔一	元和七年	元和六年
1031-12L-14	0812-01-31	正朔一	元和七年	元和六年
1031-12L-15	0812-02-01	正朔一	元和七年	元和六年
1031-12L-16	0812-02-02	正朔一	元和七年	元和六年
1031-12L-17	0812-02-03	正朔一	元和七年	元和六年
1031-12L-18	0812-02-04	正朔一	元和七年	元和六年
1031-12L-19	0812-02-05	正朔一	元和七年	元和六年
1031-12L-20	0812-02-06	正朔一	元和七年	元和六年
1031-12L-21	0812-02-07	正朔一	元和七年	元和六年
1031-12L-22	0812-02-08	正朔一	元和七年	元和六年
1031-12L-23	0812-02-09	正朔一	元和七年	元和六年
1031-12L-24	0812-02-10	正朔一	元和七年	元和六年
1031-12L-25	0812-02-11	正朔一	元和七年	元和六年
1031-12L-26	0812-02-12	正朔一	元和七年	元和六年
1031-12L-27	0812-02-13	正朔一	元和七年	元和六年
1031-12L-28	0812-02-14	正朔一	元和七年	元和六年
1031-12L-29	0812-02-15	正朔一	元和七年	元和六年
1031-12L-30	0812-02-16	正朔一	元和七年	元和六年
1032-11C-25	0813-01-01	正朔一	元和八年	元和七年
1032-11C-26	0813-01-02	正朔一	元和八年	元和七年
1032-11C-27	0813-01-03	正朔一	元和八年	元和七年
1032-11C-28	0813-01-04	正朔一	元和八年	元和七年
1032-11C-29	0813-01-05	正朔一	元和八年	元和七年
1032-11C-30	0813-01-06	正朔一	元和八年	元和七年
1032-12C-01	0813-01-07	正朔一	元和八年	元和七年
1032-12C-02	0813-01-08	正朔一	元和八年	元和七年
1032-12C-03	0813-01-09	正朔一	元和八年	元和七年
1032-12C-04	0813-01-10	正朔一	元和八年	元和七年
1032-12C-05	0813-01-11	正朔一	元和八年	元和七年
1032-12C-06	0813-01-12	正朔一	元和八年	元和七年
1032-12C-07	0813-01-13	正朔一	元和八年	元和七年
1032-12C-08	0813-01-14	正朔一	元和八年	元和七年
1032-12C-09	0813-01-15	正朔一	元和八年	元和七年
1032-12C-10	0813-01-16	正朔一	元和八年	元和七年
1032-12C-11	0813-01-17	正朔一	元和八年	元和七年
1032-12C-12	0813-01-18	正朔一	元和八年	元和七年
1032-12C-13	0813-01-19	正朔一	元和八年	元和七年
1032-12C-14	0813-01-20	正朔一	元和八年	元和七年
1032-12C-15	0813-01-21	正朔一	元和八年	元和七年
1032-12C-16	0813-01-22	正朔一	元和八年	元和七年
1032-12C-17	0813-01-23	正朔一	元和八年	元和七年
1032-12C-18	0813-01-24	正朔一	元和八年	元和七年
1032-12C-19	0813-01-25	正朔一	元和八年	元和七年
1032-12C-20	0813-01-26	正朔一	元和八年	元和七年
1032-12C-21	0813-01-27	正朔一	元和八年	元和七年
1032-12C-22	0813-01-28	正朔一	元和八年	元和七年
1032-12C-23	0813-01-29	正朔一	元和八年	元和七年
1032-12C-24	0813-01-30	正朔一	元和八年	元和七年
1032-12C-25	0813-01-31	正朔一	元和八年	元和七年
1032-12C-26	0813-02-01	正朔一	元和八年	元和七年
1032-12C-27	0813-02-02	正朔一	元和八年	元和七年
1032-12C-28	0813-02-03	正朔一	元和八年	元和七年
1032-12C-29	0813-02-04	正朔一	元和八年	元和七年
1033-12C-06	0814-01-01	正朔一	元和九年	元和八年
1033-12C-07	0814-01-02	正朔一	元和九年	元和八年
1033-12C-08	0814-01-03	正朔一	元和九年	元和八年
1033-12C-09	0814-01-04	正朔一	元和九年	元和八年
1033-12C-10	0814-01-05	正朔一	元和九年	元和八年
1033-12C-11	0814-01-06	正朔一	元和九年	元和八年
1033-12C-12	0814-01-07	正朔一	元和九年	元和八年
1033-12C-13	0814-01-08	正朔一	元和九年	元和八年
1033-12C-14	0814-01-09	正朔一	元和九年	元和八年
1033-12C-15	0814-01-10	正朔一	元和九年	元和八年
1033-12C-16	0814-01-11	正朔一	元和九年	元和八年
1033-12C-17	0814-01-12	正朔一	元和九年	元和八年
1033-12C-18	0814-01-13	正朔一	元和九年	元和八年
1033-12C-19	0814-01-14	正朔一	元和九年	元和八年
1033-12C-20	0814-01-15	正朔一	元和九年	元和八年
1033-12C-21	0814-01-16	正朔一	元和九年	元和八年
1033-12C-22	0814-01-17	正朔一	元和九年	元和八年
1033-12C-23	0814-01-18	正朔一	元和九年	元和八年
1033-12C-24	0814-01-19	正朔一	元和九年	元和八年
1033-12C-25	0814-01-20	正朔一	元和九年	元和八年
1033-12C-26	0814-01-21	正朔一	元和九年	元和八年
1033-12C-27	0814-01-22	正朔一	元和九年	元和八年
1033-12C-28	0814-01-23	正朔一	元和九年	元和八年
1033-12C-29	0814-01-24	正朔一	元和九年	元和八年
1034-11C-17	0815-01-01	正朔一	元和十年	元和九年
1034-11C-18	0815-01-02	正朔一	元和十年	元和九年
1034-11C-19	0815-01-03	正朔一	元和十年	元和九年
1034-11C-20	0815-01-04	正朔一	元和十年	元和九年
1034-11C-21	0815-01-05	正朔一	元和十年	元和九年
1034-11C-22	0815-01-06	正朔一	元和十年	元和九年
1034-11C-23	0815-01-07	正朔一	元和十年	元和九年
1034-11C-24	0815-01-08	正朔一	元和十年	元和九年
1034-11C-25	0815-01-09	正朔一	元和十年	元和九年
1034-11C-26	0815-01-10	正朔一	元和十年	元和九年
1034-11C-27	0815-01-11	正朔一	元和十年	元和九年
1034-11C-28	0815-01-12	正朔一	元和十年	元和九年
1034-11C-29	0815-01-13	正朔一	元和十年	元和九年
1034-11C-30	0815-01-14	正朔一	元和十年	元和九年
1034-12C-01	0815-01-15	正朔一	元和十年	元和九年
1034-12C-02	0815-01-16	正朔一	元和十年	元和九年
1034-12C-03	0815-01-17	正朔一	元和十年	元和九年
1034-12C-04	0815-01-18	正朔一	元和十年	元和九年
1034-12C-05	0815-01-19	正朔一	元和十年	元和九年
1034-12C-06	0815-01-20	正朔一	元和十年	元和九年
1034-12C-07	0815-01-21	正朔一	元和十年	元和九年
1034-12C-08	0815-01-22	正朔一	元和十年	元和九年
1034-12C-09	0815-01-23	正朔一	元和十年	元和九年
1034-12C-10	0815-01-24	正朔一	元和十年	元和九年
1034-12C-11	0815-01-25	正朔一	元和十年	元和九年
1034-12C-12	0815-01-26	正朔一	元和十年	元和九年
1034-12C-13	0815-01-27	正朔一	元和十年	元和九年
1034-12C-14	0815-01-28	正朔一	元和十年	元和九年
1034-12C-15	0815-01-29	正朔一	元和十年	元和九年
1034-12C-16	0815-01-30	正朔一	元和十年	元和九年
1034-12C-17	0815-01-31	正朔一	元和十年	元和九年
1034-12C-18	0815-02-01	正朔一	元和十年	元和九年
1034-12C-19	0815-02-02	正朔一	元和十年	元和九年
1034-12C-20	0815-02-03	正朔一	元和十年	元和九年
1034-12C-21	0815-02-04	正朔一	元和十年	元和九年
1034-12C-22	0815-02-05	正朔一	元和十年	元和九年
1034-12C-23	0815-02-06	正朔一	元和十年	元和九年
1034-12C-24	0815-02-07	正朔一	元和十年	元和九年
1034-12C-25	0815-02-08	正朔一	元和十年	元和九年
1034-12C-26	0815-02-09	正朔一	元和十年	元和九年
1034-12C-27	0815-02-10	正朔一	元和十年	元和九年
1034-12C-28	0815-02-11	正朔一	元和十年	元和九年
1034-12C-29	0815-02-12	正朔一	元和十年	元和九年
1035-11C-28	0816-01-01	正朔一	元和十一年	元和十年
1035-11C-29	0816-01-02	正朔一	元和十一年	元和十年
1035-11C-30	0816-01-03	正朔一	元和十一年	元和十年
1035-12C-01	0816-01-04	正朔一	元和十一年	元和十年
1035-12C-02	0816-01-05	正朔一	元和十一年	元和十年
1035-12C-03	0816-01-06	正朔一	元和十一年	元和十年
1035-12C-04	0816-01-07	正朔一	元和十一年	元和十年
1035-12C-05	0816-01-08	正朔一	元和十一年	元和十年
1035-12C-06	0816-01-09	正朔一	元和十一年	元和十年
1035-12C-07	0816-01-10	正朔一	元和十一年	元和十年
1035-12C-08	0816-01-11	正朔一	元和十一年	元和十年
1035-12C-09	0816-01-12	正朔一	元和十一年	元和十年
1035-12C-10	0816-01-13	正朔一	元和十一年	元和十年
1035-12C-11	0816-01-14	正朔一	元和十一年	元和十年
1035-12C-12	0816-01-15	正朔一	元和十一年	元和十年
1035-12C-13	0816-01-16	正朔一	元和十一年	元和十年
1035-12C-14	0816-01-17	正朔一	元和十一年	元和十年
1035-12C-15	0816-01-18	正朔一	元和十一年	元和十年
1035-12C-16	0816-01-19	正朔一	元和十一年	元和十年
1035-12C-17	0816-01-20	正朔一	元和十一年	元和十年
1035-12C-18	0816-01-21	正朔一	元和十一年	元和十年
1035-12C-19	0816-01-22	正朔一	元和十一年	元和十年
1035-12C-20	0816-01-23	正朔一	元和十一年	元和十年
1035-12C-21	0816-01-24	正朔一	元和十一年	元和十年
1035-12C-22	0816-01-25	正朔一	元和十一年	元和十年
1035-12C-23	0816-01-26	正朔一	元和十一年	元和十年
1035-12C-24	0816-01-27	正朔一	元和十一年	元和十年
1035-12C-25	0816-01-28	正朔一	元和十一年	元和十年
1035-12C-26	0816-01-29	正朔一	元和十一年	元和十年
1035-12C-27	0816-01-30	正朔一	元和十一年	元和十年
1035-12C-28	0816-01-31	正朔一	元和十一年	元和十年
1035-12C-29	0816-02-01	正朔一	元和十一年	元和十年
1036-12C-10	0817-01-01	正朔一	元和十二年	元和十一年
1036-12C-11	0817-01-02	正朔一	元和十二年	元和十一年
1036-12C-12	0817-01-03	正朔一	元和十二年	元和十一年
1036-12C-13	0817-01-04	正朔一	元和十二年	元和十一年
1036-12C-14	0817-01-05	正朔一	元和十二年	元和十一年
1036-12C-15	0817-01-06	正朔一	元和十二年	元和十一年
1036-12C-16	0817-01-07	正朔一	元和十二年	元和十一年
1036-12C-17	0817-01-08	正朔一	元和十二年	元和十一年
1036-12C-18	0817-01-09	正朔一	元和十二年	元和十一年
1036-12C-19	0817-01-10	正朔一	元和十二年	元和十一年
1036-12C-20	0817-01-11	正朔一	元和十二年	元和十一年
1036-12C-21	0817-01-12	正朔一	元和十二年	元和十一年
1036-12C-22	0817-01-13	正朔一	元和十二年	元和十一年
1036-12C-23	0817-01-14	正朔一	元和十二年	元和十一年
1036-12C-24	0817-01-15	正朔一	元和十二年	元和十一年
1036-12C-25	0817-01-16	正朔一	元和十二年	元和十一年
1036-12C-26	0817-01-17	正朔一	元和十二年	元和十一年
1036-12C-27	0817-01-18	正朔一	元和十二年	元和十一年
1036-12C-28	0817-01-19	正朔一	元和十二年	元和十一年
1036-12C-29	0817-01-20	正朔一	元和十二年	元和十一年
1037-11C-21	0818-01-01	正朔一	元和十三年	元和十二年
1037-11C-22	0818-01-02	正朔一	元和十三年	元和十二年
1037-11C-23	0818-01-03	正朔一	元和十三年	元和十二年
1037-11C-24	0818-01-04	正朔一	元和十三年	元和十二年
1037-11C-25	0818-01-05	正朔一	元和十三年	元和十二年
1037-11C-26	0818-01-06	正朔一	元和十三年	元和十二年
1037-11C-27	0818-01-07	正朔一	元和十三年	元和十二年
1037-11C-28	0818-01-08	正朔一	元和十三年	元和十二年
1037-11C-29	0818-01-09	正朔一	元和十三年	元和十二年
1037-11C-30	0818-01-10	正朔一	元和十三年	元和十二年
1037-12C-01	0818-01-11	正朔一	元和十三年	元和十二年
1037-12C-02	0818-01-12	正朔一	元和十三年	元和十二年
1037-12C-03	0818-01-13	正朔一	元和十三年	元和十二年
1037-12C-04	0818-01-14	正朔一	元和十三年	元和十二年
1037-12C-05	0818-01-15	正朔一	元和十三年	元和十二年
1037-12C-06	0818-01-16	正朔一	元和十三年	元和十二年
1037-12C-07	0818-01-17	正朔一	元和十三年	元和十二年
1037-12C-08	0818-01-18	正朔一	元和十三年	元和十二年
1037-12C-09	0818-01-19	正朔一	元和十三年	元和十二年
1037-12C-10	0818-01-20	正朔一	元和十三年	元和十二年
1037-12C-11	0818-01-21	正朔一	元和十三年	元和十二年
1037-12C-12	0818-01-22	正朔一	元和十三年	元和十二年
1037-12C-13	0818-01-23	正朔一	元和十三年	元和十二年
1037-12C-14	0818-01-24	正朔一	元和十三年	元和十二年
1037-12C-15	0818-01-25	正朔一	元和十三年	元和十二年
1037-12C-16	0818-01-26	正朔一	元和十三年	元和十二年
1037-12C-17	0818-01-27	正朔一	元和十三年	元和十二年
1037-12C-18	0818-01-28	正朔一	元和十三年	元和十二年
1037-12C-19	0818-01-29	正朔一	元和十三年	元和十二年
1037-12C-20	0818-01-30	正朔一	元和十三年	元和十二年
1037-12C-21	0818-01-31	正朔一	元和十三年	元和十二年
1037-12C-22	0818-02-01	正朔一	元和十三年	元和十二年
1037-12C-23	0818-02-02	正朔一	元和十三年	元和十二年
1037-12C-24	0818-02-03	正朔一	元和十三年	元和十二年
1037-12C-25	0818-02-04	正朔一	元和十三年	元和十二年
1037-12C-26	0818-02-05	正朔一	元和十三年	元和十二年
1037-12C-27	0818-02-06	正朔一	元和十三年	元和十二年
1037-12C-28	0818-02-07	正朔一	元和十三年	元和十二年
1037-12C-29	0818-02-08	正朔一	元和十三年	元和十二年
1038-12C-02	0819-01-01	正朔一	元和十四年	元和十三年
1038-12C-03	0819-01-02	正朔一	元和十四年	元和十三年
1038-12C-04	0819-01-03	正朔一	元和十四年	元和十三年
1038-12C-05	0819-01-04	正朔一	元和十四年	元和十三年
1038-12C-06	0819-01-05	正朔一	元和十四年	元和十三年
1038-12C-07	0819-01-06	正朔一	元和十四年	元和十三年
1038-12C-08	0819-01-07	正朔一	元和十四年	元和十三年
1038-12C-09	0819-01-08	正朔一	元和十四年	元和十三年
1038-12C-10	0819-01-09	正朔一	元和十四年	元和十三年
1038-12C-11	0819-01-10	正朔一	元和十四年	元和十三年
1038-12C-12	0819-01-11	正朔一	元和十四年	元和十三年
1038-12C-13	0819-01-12	正朔一	元和十四年	元和十三年
1038-12C-14	0819-01-13	正朔一	元和十四年	元和十三年
1038-12C-15	0819-01-14	正朔一	元和十四年	元和十三年
1038-12C-16	0819-01-15	正朔一	元和十四年	元和十三年
1038-12C-17	0819-01-16	正朔一	元和十四年	元和十三年
1038-12C-18	0819-01-17	正朔一	元和十四年	元和十三年
1038-12C-19	0819-01-18	正朔一	元和十四年	元和十三年
1038-12C-20	0819-01-19	正朔一	元和十四年	元和十三年
1038-12C-21	0819-01-20	正朔一	元和十四年	元和十三年
1038-12C-22	0819-01-21	正朔一	元和十四年	元和十三年
1038-12C-23	0819-01-22	正朔一	元和十四年	元和十三年
1038-12C-24	0819-01-23	正朔一	元和十四年	元和十三年
1038-12C-25	0819-01-24	正朔一	元和十四年	元和十三年
1038-12C-26	0819-01-25	正朔一	元和十四年	元和十三年
1038-12C-27	0819-01-26	正朔一	元和十四年	元和十三年
1038-12C-28	0819-01-27	正朔一	元和十四年	元和十三年
1038-12C-29	0819-01-28	正朔一	元和十四年	元和十三年
1038-12C-30	0819-01-29	正朔一	元和十四年	元和十三年
1039-12C-12	0820-01-01	正朔一	元和十五年	元和十四年
1039-12C-13	0820-01-02	正朔一	元和十五年	元和十四年
1039-12C-14	0820-01-03	正朔一	元和十五年	元和十四年
1039-12C-15	0820-01-04	正朔一	元和十五年	元和十四年
1039-12C-16	0820-01-05	正朔一	元和十五年	元和十四年
1039-12C-17	0820-01-06	正朔一	元和十五年	元和十四年
1039-12C-18	0820-01-07	正朔一	元和十五年	元和十四年
1039-12C-19	0820-01-08	正朔一	元和十五年	元和十四年
1039-12C-20	0820-01-09	正朔一	元和十五年	元和十四年
1039-12C-21	0820-01-10	正朔一	元和十五年	元和十四年
1039-12C-22	0820-01-11	正朔一	元和十五年	元和十四年
1039-12C-23	0820-01-12	正朔一	元和十五年	元和十四年
1039-12C-24	0820-01-13	正朔一	元和十五年	元和十四年
1039-12C-25	0820-01-14	正朔一	元和十五年	元和十四年
1039-12C-26	0820-01-15	正朔一	元和十五年	元和十四年
1039-12C-27	0820-01-16	正朔一	元和十五年	元和十四年
1039-12C-28	0820-01-17	正朔一	元和十五年	元和十四年
1039-12C-29	0820-01-18	正朔一	元和十五年	元和十四年
1040-11C-24	0821-01-01	正朔一	元和十六年	元和十五年
1040-11C-25	0821-01-02	正朔一	元和十六年	元和十五年
1040-11C-26	0821-01-03	正朔一	元和十六年	元和十五年
1040-11C-27	0821-01-04	正朔一	元和十六年	元和十五年
1040-11C-28	0821-01-05	正朔一	元和十六年	元和十五年
1040-11C-29	0821-01-06	正朔一	元和十六年	元和十五年
1040-11C-30	0821-01-07	正朔一	元和十六年	元和十五年
1040-12C-01	0821-01-08	正朔一	元和十六年	元和十五年
1040-12C-02	0821-01-09	正朔一	元和十六年	元和十五年
1040-12C-03	0821-01-10	正朔一	元和十六年	元和十五年
1040-12C-04	0821-01-11	正朔一	元和十六年	元和十五年
1040-12C-05	0821-01-12	正朔一	元和十六年	元和十五年
1040-12C-06	0821-01-13	正朔一	元和十六年	元和十五年
1040-12C-07	0821-01-14	正朔一	元和十六年	元和十五年
1040-12C-08	0821-01-15	正朔一	元和十六年	元和十五年
1040-12C-09	0821-01-16	正朔一	元和十六年	元和十五年
1040-12C-10	0821-01-17	正朔一	元和十六年	元和十五年
1040-12C-11	0821-01-18	正朔一	元和十六年	元和十五年
1040-12C-12	0821-01-19	正朔一	元和十六年	元和十五年
1040-12C-13	0821-01-20	正朔一	元和十六年	元和十五年
1040-12C-14	0821-01-21	正朔一	元和十六年	元和十五年
1040-12C-15	0821-01-22	正朔一	元和十六年	元和十五年
1040-12C-16	0821-01-23	正朔一	元和十六年	元和十五年
1040-12C-17	0821-01-24	正朔一	元和十六年	元和十五年
1040-12C-18	0821-01-25	正朔一	元和十六年	元和十五年
1040-12C-19	0821-01-26	正朔一	元和十六年	元和十五年
1040-12C-20	0821-01-27	正朔一	元和十六年	元和十五年
1040-12C-21	0821-01-28	正朔一	元和十六年	元和十五年
1040-12C-22	0821-01-29	正朔一	元和十六年	元和十五年
1040-12C-23	0821-01-30	正朔一	元和十六年	元和十五年
1040-12C-24	0821-01-31	正朔一	元和十六年	元和十五年
1040-12C-25	0821-02-01	正朔一	元和十六年	元和十五年
1040-12C-26	0821-02-02	正朔一	元和十六年	元和十五年
1040-12C-27	0821-02-03	正朔一	元和十六年	元和十五年
1040-12C-28	0821-02-04	正朔一	元和十六年	元和十五年
1040-12C-29	0821-02-05	正朔一	元和十六年	元和十五年
1041-12C-05	0822-01-01	正朔一	长庆二年	长庆元年
1041-12C-06	0822-01-02	正朔一	长庆二年	长庆元年
1041-12C-07	0822-01-03	正朔一	长庆二年	长庆元年
1041-12C-08	0822-01-04	正朔一	长庆二年	长庆元年
1041-12C-09	0822-01-05	正朔一	长庆二年	长庆元年
1041-12C-10	0822-01-06	正朔一	长庆二年	长庆元年
1041-12C-11	0822-01-07	正朔一	长庆二年	长庆元年
1041-12C-12	0822-01-08	正朔一	长庆二年	长庆元年
1041-12C-13	0822-01-09	正朔一	长庆二年	长庆元年
1041-12C-14	0822-01-10	正朔一	长庆二年	长庆元年
1041-12C-15	0822-01-11	正朔一	长庆二年	长庆元年
1041-12C-16	0822-01-12	正朔一	长庆二年	长庆元年
1041-12C-17	0822-01-13	正朔一	长庆二年	长庆元年
1041-12C-18	0822-01-14	正朔一	长庆二年	长庆元年
1041-12C-19	0822-01-15	正朔一	长庆二年	长庆元年
1041-12C-20	0822-01-16	正朔一	长庆二年	长庆元年
1041-12C-21	0822-01-17	正朔一	长庆二年	长庆元年
1041-12C-22	0822-01-18	正朔一	长庆二年	长庆元年
1041-12C-23	0822-01-19	正朔一	长庆二年	长庆元年
1041-12C-24	0822-01-20	正朔一	长庆二年	长庆元年
1041-12C-25	0822-01-21	正朔一	长庆二年	长庆元年
1041-12C-26	0822-01-22	正朔一	长庆二年	长庆元年
1041-12C-27	0822-01-23	正朔一	长庆二年	长庆元年
1041-12C-28	0822-01-24	正朔一	长庆二年	长庆元年
1041-12C-29	0822-01-25	正朔一	长庆二年	长庆元年
1041-12C-30	0822-01-26	正朔一	长庆二年	长庆元年
1042-11C-16	0823-01-01	正朔一	长庆三年	长庆二年
1042-11C-17	0823-01-02	正朔一	长庆三年	长庆二年
1042-11C-18	0823-01-03	正朔一	长庆三年	长庆二年
1042-11C-19	0823-01-04	正朔一	长庆三年	长庆二年
1042-11C-20	0823-01-05	正朔一	长庆三年	长庆二年
1042-11C-21	0823-01-06	正朔一	长庆三年	长庆二年
1042-11C-22	0823-01-07	正朔一	长庆三年	长庆二年
1042-11C-23	0823-01-08	正朔一	长庆三年	长庆二年
1042-11C-24	0823-01-09	正朔一	长庆三年	长庆二年
1042-11C-25	0823-01-10	正朔一	长庆三年	长庆二年
1042-11C-26	0823-01-11	正朔一	长庆三年	长庆二年
1042-11C-27	0823-01-12	正朔一	长庆三年	长庆二年
1042-11C-28	0823-01-13	正朔一	长庆三年	长庆二年
1042-11C-29	0823-01-14	正朔一	长庆三年	长庆二年
1042-11C-30	0823-01-15	正朔一	长庆三年	长庆二年
1042-12C-01	0823-01-16	正朔一	长庆三年	长庆二年
1042-12C-02	0823-01-17	正朔一	长庆三年	长庆二年
1042-12C-03	0823-01-18	正朔一	长庆三年	长庆二年
1042-12C-04	0823-01-19	正朔一	长庆三年	长庆二年
1042-12C-05	0823-01-20	正朔一	长庆三年	长庆二年
1042-12C-06	0823-01-21	正朔一	长庆三年	长庆二年
1042-12C-07	0823-01-22	正朔一	长庆三年	长庆二年
1042-12C-08	0823-01-23	正朔一	长庆三年	长庆二年
1042-12C-09	0823-01-24	正朔一	长庆三年	长庆二年
1042-12C-10	0823-01-25	正朔一	长庆三年	长庆二年
1042-12C-11	0823-01-26	正朔一	长庆三年	长庆二年
1042-12C-12	0823-01-27	正朔一	长庆三年	长庆二年
1042-12C-13	0823-01-28	正朔一	长庆三年	长庆二年
1042-12C-14	0823-01-29	正朔一	长庆三年	长庆二年
1042-12C-15	0823-01-30	正朔一	长庆三年	长庆二年
1042-12C-16	0823-01-31	正朔一	长庆三年	长庆二年
1042-12C-17	0823-02-01	正朔一	长庆三年	长庆二年
1042-12C-18	0823-02-02	正朔一	长庆三年	长庆二年
1042-12C-19	0823-02-03	正朔一	长庆三年	长庆二年
1042-12C-20	0823-02-04	正朔一	长庆三年	长庆二年
1042-12C-21	0823-02-05	正朔一	长庆三年	长庆二年
1042-12C-22	0823-02-06	正朔一	长庆三年	长庆二年
1042-12C-23	0823-02-07	正朔一	长庆三年	长庆二年
1042-12C-24	0823-02-08	正朔一	长庆三年	长庆二年
1042-12C-25	0823-02-09	正朔一	长庆三年	长庆二年
1042-12C-26	0823-02-10	正朔一	长庆三年	长庆二年
1042-12C-27	0823-02-11	正朔一	长庆三年	长庆二年
1042-12C-28	0823-02-12	正朔一	长庆三年	长庆二年
1042-12C-29	0823-02-13	正朔一	长庆三年	长庆二年
1042-12C-30	0823-02-14	正朔一	长庆三年	长庆二年
1043-11C-27	0824-01-01	正朔一	长庆四年	长庆三年
1043-11C-28	0824-01-02	正朔一	长庆四年	长庆三年
1043-11C-29	0824-01-03	正朔一	长庆四年	长庆三年
1043-11C-30	0824-01-04	正朔一	长庆四年	长庆三年
1043-12C-01	0824-01-05	正朔一	长庆四年	长庆三年
1043-12C-02	0824-01-06	正朔一	长庆四年	长庆三年
1043-12C-03	0824-01-07	正朔一	长庆四年	长庆三年
1043-12C-04	0824-01-08	正朔一	长庆四年	长庆三年
1043-12C-05	0824-01-09	正朔一	长庆四年	长庆三年
1043-12C-06	0824-01-10	正朔一	长庆四年	长庆三年
1043-12C-07	0824-01-11	正朔一	长庆四年	长庆三年
1043-12C-08	0824-01-12	正朔一	长庆四年	长庆三年
1043-12C-09	0824-01-13	正朔一	长庆四年	长庆三年
1043-12C-10	0824-01-14	正朔一	长庆四年	长庆三年
1043-12C-11	0824-01-15	正朔一	长庆四年	长庆三年
1043-12C-12	0824-01-16	正朔一	长庆四年	长庆三年
1043-12C-13	0824-01-17	正朔一	长庆四年	长庆三年
1043-12C-14	0824-01-18	正朔一	长庆四年	长庆三年
1043-12C-15	0824-01-19	正朔一	长庆四年	长庆三年
1043-12C-16	0824-01-20	正朔一	长庆四年	长庆三年
1043-12C-17	0824-01-21	正朔一	长庆四年	长庆三年
1043-12C-18	0824-01-22	正朔一	长庆四年	长庆三年
1043-12C-19	0824-01-23	正朔一	长庆四年	长庆三年
1043-12C-20	0824-01-24	正朔一	长庆四年	长庆三年
1043-12C-21	0824-01-25	正朔一	长庆四年	长庆三年
1043-12C-22	0824-01-26	正朔一	长庆四年	长庆三年
1043-12C-23	0824-01-27	正朔一	长庆四年	长庆三年
1043-12C-24	0824-01-28	正朔一	长庆四年	长庆三年
1043-12C-25	0824-01-29	正朔一	长庆四年	长庆三年
1043-12C-26	0824-01-30	正朔一	长庆四年	长庆三年
1043-12C-27	0824-01-31	正朔一	长庆四年	长庆三年
1043-12C-28	0824-02-01	正朔一	长庆四年	长庆三年
1043-12C-29	0824-02-02	正朔一	长庆四年	长庆三年
1043-12C-30	0824-02-03	正朔一	长庆四年	长庆三年
1044-12C-09	0825-01-01	正朔一	长庆五年	长庆四年
1044-12C-10	0825-01-02	正朔一	长庆五年	长庆四年
1044-12C-11	0825-01-03	正朔一	长庆五年	长庆四年
1044-12C-12	0825-01-04	正朔一	长庆五年	长庆四年
1044-12C-13	0825-01-05	正朔一	长庆五年	长庆四年
1044-12C-14	0825-01-06	正朔一	长庆五年	长庆四年
1044-12C-15	0825-01-07	正朔一	长庆五年	长庆四年
1044-12C-16	0825-01-08	正朔一	长庆五年	长庆四年
1044-12C-17	0825-01-09	正朔一	长庆五年	长庆四年
1044-12C-18	0825-01-10	正朔一	长庆五年	长庆四年
1044-12C-19	0825-01-11	正朔一	长庆五年	长庆四年
1044-12C-20	0825-01-12	正朔一	长庆五年	长庆四年
1044-12C-21	0825-01-13	正朔一	长庆五年	长庆四年
1044-12C-22	0825-01-14	正朔一	长庆五年	长庆四年
1044-12C-23	0825-01-15	正朔一	长庆五年	长庆四年
1044-12C-24	0825-01-16	正朔一	长庆五年	长庆四年
1044-12C-25	0825-01-17	正朔一	长庆五年	长庆四年
1044-12C-26	0825-01-18	正朔一	长庆五年	长庆四年
1044-12C-27	0825-01-19	正朔一	长庆五年	长庆四年
1044-12C-28	0825-01-20	正朔一	长庆五年	长庆四年
1044-12C-29	0825-01-21	正朔一	长庆五年	长庆四年
1044-12C-30	0825-01-22	正朔一	长庆五年	长庆四年
1045-11C-19	0826-01-01	正朔一	宝曆二年	宝曆元年
1045-11C-20	0826-01-02	正朔一	宝曆二年	宝曆元年
1045-11C-21	0826-01-03	正朔一	宝曆二年	宝曆元年
1045-11C-22	0826-01-04	正朔一	宝曆二年	宝曆元年
1045-11C-23	0826-01-05	正朔一	宝曆二年	宝曆元年
1045-11C-24	0826-01-06	正朔一	宝曆二年	宝曆元年
1045-11C-25	0826-01-07	正朔一	宝曆二年	宝曆元年
1045-11C-26	0826-01-08	正朔一	宝曆二年	宝曆元年
1045-11C-27	0826-01-09	正朔一	宝曆二年	宝曆元年
1045-11C-28	0826-01-10	正朔一	宝曆二年	宝曆元年
1045-11C-29	0826-01-11	正朔一	宝曆二年	宝曆元年
1045-12C-01	0826-01-12	正朔一	宝曆二年	宝曆元年
1045-12C-02	0826-01-13	正朔一	宝曆二年	宝曆元年
1045-12C-03	0826-01-14	正朔一	宝曆二年	宝曆元年
1045-12C-04	0826-01-15	正朔一	宝曆二年	宝曆元年
1045-12C-05	0826-01-16	正朔一	宝曆二年	宝曆元年
1045-12C-06	0826-01-17	正朔一	宝曆二年	宝曆元年
1045-12C-07	0826-01-18	正朔一	宝曆二年	宝曆元年
1045-12C-08	0826-01-19	正朔一	宝曆二年	宝曆元年
1045-12C-09	0826-01-20	正朔一	宝曆二年	宝曆元年
1045-12C-10	0826-01-21	正朔一	宝曆二年	宝曆元年
1045-12C-11	0826-01-22	正朔一	宝曆二年	宝曆元年
1045-12C-12	0826-01-23	正朔一	宝曆二年	宝曆元年
1045-12C-13	0826-01-24	正朔一	宝曆二年	宝曆元年
1045-12C-14	0826-01-25	正朔一	宝曆二年	宝曆元年
1045-12C-15	0826-01-26	正朔一	宝曆二年	宝曆元年
1045-12C-16	0826-01-27	正朔一	宝曆二年	宝曆元年
1045-12C-17	0826-01-28	正朔一	宝曆二年	宝曆元年
1045-12C-18	0826-01-29	正朔一	宝曆二年	宝曆元年
1045-12C-19	0826-01-30	正朔一	宝曆二年	宝曆元年
1045-12C-20	0826-01-31	正朔一	宝曆二年	宝曆元年
1045-12C-21	0826-02-01	正朔一	宝曆二年	宝曆元年
1045-12C-22	0826-02-02	正朔一	宝曆二年	宝曆元年
1045-12C-23	0826-02-03	正朔一	宝曆二年	宝曆元年
1045-12C-24	0826-02-04	正朔一	宝曆二年	宝曆元年
1045-12C-25	0826-02-05	正朔一	宝曆二年	宝曆元年
1045-12C-26	0826-02-06	正朔一	宝曆二年	宝曆元年
1045-12C-27	0826-02-07	正朔一	宝曆二年	宝曆元年
1045-12C-28	0826-02-08	正朔一	宝曆二年	宝曆元年
1045-12C-29	0826-02-09	正朔一	宝曆二年	宝曆元年
1045-12C-30	0826-02-10	正朔一	宝曆二年	宝曆元年
1046-11C-30	0827-01-01	正朔一	宝曆三年	宝曆二年
1046-12C-01	0827-01-02	正朔一	宝曆三年	宝曆二年
1046-12C-02	0827-01-03	正朔一	宝曆三年	宝曆二年
1046-12C-03	0827-01-04	正朔一	宝曆三年	宝曆二年
1046-12C-04	0827-01-05	正朔一	宝曆三年	宝曆二年
1046-12C-05	0827-01-06	正朔一	宝曆三年	宝曆二年
1046-12C-06	0827-01-07	正朔一	宝曆三年	宝曆二年
1046-12C-07	0827-01-08	正朔一	宝曆三年	宝曆二年
1046-12C-08	0827-01-09	正朔一	宝曆三年	宝曆二年
1046-12C-09	0827-01-10	正朔一	宝曆三年	宝曆二年
1046-12C-10	0827-01-11	正朔一	宝曆三年	宝曆二年
1046-12C-11	0827-01-12	正朔一	宝曆三年	宝曆二年
1046-12C-12	0827-01-13	正朔一	宝曆三年	宝曆二年
1046-12C-13	0827-01-14	正朔一	宝曆三年	宝曆二年
1046-12C-14	0827-01-15	正朔一	宝曆三年	宝曆二年
1046-12C-15	0827-01-16	正朔一	宝曆三年	宝曆二年
1046-12C-16	0827-01-17	正朔一	宝曆三年	宝曆二年
1046-12C-17	0827-01-18	正朔一	宝曆三年	宝曆二年
1046-12C-18	0827-01-19	正朔一	宝曆三年	宝曆二年
1046-12C-19	0827-01-20	正朔一	宝曆三年	宝曆二年
1046-12C-20	0827-01-21	正朔一	宝曆三年	宝曆二年
1046-12C-21	0827-01-22	正朔一	宝曆三年	宝曆二年
1046-12C-22	0827-01-23	正朔一	宝曆三年	宝曆二年
1046-12C-23	0827-01-24	正朔一	宝曆三年	宝曆二年
1046-12C-24	0827-01-25	正朔一	宝曆三年	宝曆二年
1046-12C-25	0827-01-26	正朔一	宝曆三年	宝曆二年
1046-12C-26	0827-01-27	正朔一	宝曆三年	宝曆二年
1046-12C-27	0827-01-28	正朔一	宝曆三年	宝曆二年
1046-12C-28	0827-01-29	正朔一	宝曆三年	宝曆二年
1046-12C-29	0827-01-30	正朔一	宝曆三年	宝曆二年
1048-11C-22	0829-01-01	正朔一	大和三年	大和二年
1048-11C-23	0829-01-02	正朔一	大和三年	大和二年
1048-11C-24	0829-01-03	正朔一	大和三年	大和二年
1048-11C-25	0829-01-04	正朔一	大和三年	大和二年
1048-11C-26	0829-01-05	正朔一	大和三年	大和二年
1048-11C-27	0829-01-06	正朔一	大和三年	大和二年
1048-11C-28	0829-01-07	正朔一	大和三年	大和二年
1048-11C-29	0829-01-08	正朔一	大和三年	大和二年
1048-12C-01	0829-01-09	正朔一	大和三年	大和二年
1048-12C-02	0829-01-10	正朔一	大和三年	大和二年
1048-12C-03	0829-01-11	正朔一	大和三年	大和二年
1048-12C-04	0829-01-12	正朔一	大和三年	大和二年
1048-12C-05	0829-01-13	正朔一	大和三年	大和二年
1048-12C-06	0829-01-14	正朔一	大和三年	大和二年
1048-12C-07	0829-01-15	正朔一	大和三年	大和二年
1048-12C-08	0829-01-16	正朔一	大和三年	大和二年
1048-12C-09	0829-01-17	正朔一	大和三年	大和二年
1048-12C-10	0829-01-18	正朔一	大和三年	大和二年
1048-12C-11	0829-01-19	正朔一	大和三年	大和二年
1048-12C-12	0829-01-20	正朔一	大和三年	大和二年
1048-12C-13	0829-01-21	正朔一	大和三年	大和二年
1048-12C-14	0829-01-22	正朔一	大和三年	大和二年
1048-12C-15	0829-01-23	正朔一	大和三年	大和二年
1048-12C-16	0829-01-24	正朔一	大和三年	大和二年
1048-12C-17	0829-01-25	正朔一	大和三年	大和二年
1048-12C-18	0829-01-26	正朔一	大和三年	大和二年
1048-12C-19	0829-01-27	正朔一	大和三年	大和二年
1048-12C-20	0829-01-28	正朔一	大和三年	大和二年
1048-12C-21	0829-01-29	正朔一	大和三年	大和二年
1048-12C-22	0829-01-30	正朔一	大和三年	大和二年
1048-12C-23	0829-01-31	正朔一	大和三年	大和二年
1048-12C-24	0829-02-01	正朔一	大和三年	大和二年
1048-12C-25	0829-02-02	正朔一	大和三年	大和二年
1048-12C-26	0829-02-03	正朔一	大和三年	大和二年
1048-12C-27	0829-02-04	正朔一	大和三年	大和二年
1048-12C-28	0829-02-05	正朔一	大和三年	大和二年
1048-12C-29	0829-02-06	正朔一	大和三年	大和二年
1048-12C-30	0829-02-07	正朔一	大和三年	大和二年
1049-12C-03	0830-01-01	正朔一	大和四年	大和三年
1049-12C-04	0830-01-02	正朔一	大和四年	大和三年
1049-12C-05	0830-01-03	正朔一	大和四年	大和三年
1049-12C-06	0830-01-04	正朔一	大和四年	大和三年
1049-12C-07	0830-01-05	正朔一	大和四年	大和三年
1049-12C-08	0830-01-06	正朔一	大和四年	大和三年
1049-12C-09	0830-01-07	正朔一	大和四年	大和三年
1049-12C-10	0830-01-08	正朔一	大和四年	大和三年
1049-12C-11	0830-01-09	正朔一	大和四年	大和三年
1049-12C-12	0830-01-10	正朔一	大和四年	大和三年
1049-12C-13	0830-01-11	正朔一	大和四年	大和三年
1049-12C-14	0830-01-12	正朔一	大和四年	大和三年
1049-12C-15	0830-01-13	正朔一	大和四年	大和三年
1049-12C-16	0830-01-14	正朔一	大和四年	大和三年
1049-12C-17	0830-01-15	正朔一	大和四年	大和三年
1049-12C-18	0830-01-16	正朔一	大和四年	大和三年
1049-12C-19	0830-01-17	正朔一	大和四年	大和三年
1049-12C-20	0830-01-18	正朔一	大和四年	大和三年
1049-12C-21	0830-01-19	正朔一	大和四年	大和三年
1049-12C-22	0830-01-20	正朔一	大和四年	大和三年
1049-12C-23	0830-01-21	正朔一	大和四年	大和三年
1049-12C-24	0830-01-22	正朔一	大和四年	大和三年
1049-12C-25	0830-01-23	正朔一	大和四年	大和三年
1049-12C-26	0830-01-24	正朔一	大和四年	大和三年
1049-12C-27	0830-01-25	正朔一	大和四年	大和三年
1049-12C-28	0830-01-26	正朔一	大和四年	大和三年
1049-12C-29	0830-01-27	正朔一	大和四年	大和三年
1050-12C-14	0831-01-01	正朔一	大和五年	大和四年
1050-12C-15	0831-01-02	正朔一	大和五年	大和四年
1050-12C-16	0831-01-03	正朔一	大和五年	大和四年
1050-12C-17	0831-01-04	正朔一	大和五年	大和四年
1050-12C-18	0831-01-05	正朔一	大和五年	大和四年
1050-12C-19	0831-01-06	正朔一	大和五年	大和四年
1050-12C-20	0831-01-07	正朔一	大和五年	大和四年
1050-12C-21	0831-01-08	正朔一	大和五年	大和四年
1050-12C-22	0831-01-09	正朔一	大和五年	大和四年
1050-12C-23	0831-01-10	正朔一	大和五年	大和四年
1050-12C-24	0831-01-11	正朔一	大和五年	大和四年
1050-12C-25	0831-01-12	正朔一	大和五年	大和四年
1050-12C-26	0831-01-13	正朔一	大和五年	大和四年
1050-12C-27	0831-01-14	正朔一	大和五年	大和四年
1050-12C-28	0831-01-15	正朔一	大和五年	大和四年
1050-12C-29	0831-01-16	正朔一	大和五年	大和四年
1050-12C-30	0831-01-17	正朔一	大和五年	大和四年
1050-12L-01	0831-01-18	正朔一	大和五年	大和四年
1050-12L-02	0831-01-19	正朔一	大和五年	大和四年
1050-12L-03	0831-01-20	正朔一	大和五年	大和四年
1050-12L-04	0831-01-21	正朔一	大和五年	大和四年
1050-12L-05	0831-01-22	正朔一	大和五年	大和四年
1050-12L-06	0831-01-23	正朔一	大和五年	大和四年
1050-12L-07	0831-01-24	正朔一	大和五年	大和四年
1050-12L-08	0831-01-25	正朔一	大和五年	大和四年
1050-12L-09	0831-01-26	正朔一	大和五年	大和四年
1050-12L-10	0831-01-27	正朔一	大和五年	大和四年
1050-12L-11	0831-01-28	正朔一	大和五年	大和四年
1050-12L-12	0831-01-29	正朔一	大和五年	大和四年
1050-12L-13	0831-01-30	正朔一	大和五年	大和四年
1050-12L-14	0831-01-31	正朔一	大和五年	大和四年
1050-12L-15	0831-02-01	正朔一	大和五年	大和四年
1050-12L-16	0831-02-02	正朔一	大和五年	大和四年
1050-12L-17	0831-02-03	正朔一	大和五年	大和四年
1050-12L-18	0831-02-04	正朔一	大和五年	大和四年
1050-12L-19	0831-02-05	正朔一	大和五年	大和四年
1050-12L-20	0831-02-06	正朔一	大和五年	大和四年
1050-12L-21	0831-02-07	正朔一	大和五年	大和四年
1050-12L-22	0831-02-08	正朔一	大和五年	大和四年
1050-12L-23	0831-02-09	正朔一	大和五年	大和四年
1050-12L-24	0831-02-10	正朔一	大和五年	大和四年
1050-12L-25	0831-02-11	正朔一	大和五年	大和四年
1050-12L-26	0831-02-12	正朔一	大和五年	大和四年
1050-12L-27	0831-02-13	正朔一	大和五年	大和四年
1050-12L-28	0831-02-14	正朔一	大和五年	大和四年
1050-12L-29	0831-02-15	正朔一	大和五年	大和四年
1051-11C-25	0832-01-01	正朔一	大和六年	大和五年
1051-11C-26	0832-01-02	正朔一	大和六年	大和五年
1051-11C-27	0832-01-03	正朔一	大和六年	大和五年
1051-11C-28	0832-01-04	正朔一	大和六年	大和五年
1051-11C-29	0832-01-05	正朔一	大和六年	大和五年
1051-11C-30	0832-01-06	正朔一	大和六年	大和五年
1051-12C-01	0832-01-07	正朔一	大和六年	大和五年
1051-12C-02	0832-01-08	正朔一	大和六年	大和五年
1051-12C-03	0832-01-09	正朔一	大和六年	大和五年
1051-12C-04	0832-01-10	正朔一	大和六年	大和五年
1051-12C-05	0832-01-11	正朔一	大和六年	大和五年
1051-12C-06	0832-01-12	正朔一	大和六年	大和五年
1051-12C-07	0832-01-13	正朔一	大和六年	大和五年
1051-12C-08	0832-01-14	正朔一	大和六年	大和五年
1051-12C-09	0832-01-15	正朔一	大和六年	大和五年
1051-12C-10	0832-01-16	正朔一	大和六年	大和五年
1051-12C-11	0832-01-17	正朔一	大和六年	大和五年
1051-12C-12	0832-01-18	正朔一	大和六年	大和五年
1051-12C-13	0832-01-19	正朔一	大和六年	大和五年
1051-12C-14	0832-01-20	正朔一	大和六年	大和五年
1051-12C-15	0832-01-21	正朔一	大和六年	大和五年
1051-12C-16	0832-01-22	正朔一	大和六年	大和五年
1051-12C-17	0832-01-23	正朔一	大和六年	大和五年
1051-12C-18	0832-01-24	正朔一	大和六年	大和五年
1051-12C-19	0832-01-25	正朔一	大和六年	大和五年
1051-12C-20	0832-01-26	正朔一	大和六年	大和五年
1051-12C-21	0832-01-27	正朔一	大和六年	大和五年
1051-12C-22	0832-01-28	正朔一	大和六年	大和五年
1051-12C-23	0832-01-29	正朔一	大和六年	大和五年
1051-12C-24	0832-01-30	正朔一	大和六年	大和五年
1051-12C-25	0832-01-31	正朔一	大和六年	大和五年
1051-12C-26	0832-02-01	正朔一	大和六年	大和五年
1051-12C-27	0832-02-02	正朔一	大和六年	大和五年
1051-12C-28	0832-02-03	正朔一	大和六年	大和五年
1051-12C-29	0832-02-04	正朔一	大和六年	大和五年
1051-12C-30	0832-02-05	正朔一	大和六年	大和五年
1052-12C-07	0833-01-01	正朔一	大和七年	大和六年
1052-12C-08	0833-01-02	正朔一	大和七年	大和六年
1052-12C-09	0833-01-03	正朔一	大和七年	大和六年
1052-12C-10	0833-01-04	正朔一	大和七年	大和六年
1052-12C-11	0833-01-05	正朔一	大和七年	大和六年
1052-12C-12	0833-01-06	正朔一	大和七年	大和六年
1052-12C-13	0833-01-07	正朔一	大和七年	大和六年
1052-12C-14	0833-01-08	正朔一	大和七年	大和六年
1052-12C-15	0833-01-09	正朔一	大和七年	大和六年
1052-12C-16	0833-01-10	正朔一	大和七年	大和六年
1052-12C-17	0833-01-11	正朔一	大和七年	大和六年
1052-12C-18	0833-01-12	正朔一	大和七年	大和六年
1052-12C-19	0833-01-13	正朔一	大和七年	大和六年
1052-12C-20	0833-01-14	正朔一	大和七年	大和六年
1052-12C-21	0833-01-15	正朔一	大和七年	大和六年
1052-12C-22	0833-01-16	正朔一	大和七年	大和六年
1052-12C-23	0833-01-17	正朔一	大和七年	大和六年
1052-12C-24	0833-01-18	正朔一	大和七年	大和六年
1052-12C-25	0833-01-19	正朔一	大和七年	大和六年
1052-12C-26	0833-01-20	正朔一	大和七年	大和六年
1052-12C-27	0833-01-21	正朔一	大和七年	大和六年
1052-12C-28	0833-01-22	正朔一	大和七年	大和六年
1052-12C-29	0833-01-23	正朔一	大和七年	大和六年
1052-12C-30	0833-01-24	正朔一	大和七年	大和六年
1053-11C-18	0834-01-01	正朔一	大和八年	大和七年
1053-11C-19	0834-01-02	正朔一	大和八年	大和七年
1053-11C-20	0834-01-03	正朔一	大和八年	大和七年
1053-11C-21	0834-01-04	正朔一	大和八年	大和七年
1053-11C-22	0834-01-05	正朔一	大和八年	大和七年
1053-11C-23	0834-01-06	正朔一	大和八年	大和七年
1053-11C-24	0834-01-07	正朔一	大和八年	大和七年
1053-11C-25	0834-01-08	正朔一	大和八年	大和七年
1053-11C-26	0834-01-09	正朔一	大和八年	大和七年
1053-11C-27	0834-01-10	正朔一	大和八年	大和七年
1053-11C-28	0834-01-11	正朔一	大和八年	大和七年
1053-11C-29	0834-01-12	正朔一	大和八年	大和七年
1053-11C-30	0834-01-13	正朔一	大和八年	大和七年
1053-12C-01	0834-01-14	正朔一	大和八年	大和七年
1053-12C-02	0834-01-15	正朔一	大和八年	大和七年
1053-12C-03	0834-01-16	正朔一	大和八年	大和七年
1053-12C-04	0834-01-17	正朔一	大和八年	大和七年
1053-12C-05	0834-01-18	正朔一	大和八年	大和七年
1053-12C-06	0834-01-19	正朔一	大和八年	大和七年
1053-12C-07	0834-01-20	正朔一	大和八年	大和七年
1053-12C-08	0834-01-21	正朔一	大和八年	大和七年
1053-12C-09	0834-01-22	正朔一	大和八年	大和七年
1053-12C-10	0834-01-23	正朔一	大和八年	大和七年
1053-12C-11	0834-01-24	正朔一	大和八年	大和七年
1053-12C-12	0834-01-25	正朔一	大和八年	大和七年
1053-12C-13	0834-01-26	正朔一	大和八年	大和七年
1053-12C-14	0834-01-27	正朔一	大和八年	大和七年
1053-12C-15	0834-01-28	正朔一	大和八年	大和七年
1053-12C-16	0834-01-29	正朔一	大和八年	大和七年
1053-12C-17	0834-01-30	正朔一	大和八年	大和七年
1053-12C-18	0834-01-31	正朔一	大和八年	大和七年
1053-12C-19	0834-02-01	正朔一	大和八年	大和七年
1053-12C-20	0834-02-02	正朔一	大和八年	大和七年
1053-12C-21	0834-02-03	正朔一	大和八年	大和七年
1053-12C-22	0834-02-04	正朔一	大和八年	大和七年
1053-12C-23	0834-02-05	正朔一	大和八年	大和七年
1053-12C-24	0834-02-06	正朔一	大和八年	大和七年
1053-12C-25	0834-02-07	正朔一	大和八年	大和七年
1053-12C-26	0834-02-08	正朔一	大和八年	大和七年
1053-12C-27	0834-02-09	正朔一	大和八年	大和七年
1053-12C-28	0834-02-10	正朔一	大和八年	大和七年
1053-12C-29	0834-02-11	正朔一	大和八年	大和七年
1053-12C-30	0834-02-12	正朔一	大和八年	大和七年
1054-11C-29	0835-01-01	正朔一	大和九年	大和八年
1054-11C-30	0835-01-02	正朔一	大和九年	大和八年
1054-12C-01	0835-01-03	正朔一	大和九年	大和八年
1054-12C-02	0835-01-04	正朔一	大和九年	大和八年
1054-12C-03	0835-01-05	正朔一	大和九年	大和八年
1054-12C-04	0835-01-06	正朔一	大和九年	大和八年
1054-12C-05	0835-01-07	正朔一	大和九年	大和八年
1054-12C-06	0835-01-08	正朔一	大和九年	大和八年
1054-12C-07	0835-01-09	正朔一	大和九年	大和八年
1054-12C-08	0835-01-10	正朔一	大和九年	大和八年
1054-12C-09	0835-01-11	正朔一	大和九年	大和八年
1054-12C-10	0835-01-12	正朔一	大和九年	大和八年
1054-12C-11	0835-01-13	正朔一	大和九年	大和八年
1054-12C-12	0835-01-14	正朔一	大和九年	大和八年
1054-12C-13	0835-01-15	正朔一	大和九年	大和八年
1054-12C-14	0835-01-16	正朔一	大和九年	大和八年
1054-12C-15	0835-01-17	正朔一	大和九年	大和八年
1054-12C-16	0835-01-18	正朔一	大和九年	大和八年
1054-12C-17	0835-01-19	正朔一	大和九年	大和八年
1054-12C-18	0835-01-20	正朔一	大和九年	大和八年
1054-12C-19	0835-01-21	正朔一	大和九年	大和八年
1054-12C-20	0835-01-22	正朔一	大和九年	大和八年
1054-12C-21	0835-01-23	正朔一	大和九年	大和八年
1054-12C-22	0835-01-24	正朔一	大和九年	大和八年
1054-12C-23	0835-01-25	正朔一	大和九年	大和八年
1054-12C-24	0835-01-26	正朔一	大和九年	大和八年
1054-12C-25	0835-01-27	正朔一	大和九年	大和八年
1054-12C-26	0835-01-28	正朔一	大和九年	大和八年
1054-12C-27	0835-01-29	正朔一	大和九年	大和八年
1054-12C-28	0835-01-30	正朔一	大和九年	大和八年
1054-12C-29	0835-01-31	正朔一	大和九年	大和八年
1054-12C-30	0835-02-01	正朔一	大和九年	大和八年
1056-11C-21	0837-01-01	正朔一	开成二年	开成元年
1056-11C-22	0837-01-02	正朔一	开成二年	开成元年
1056-11C-23	0837-01-03	正朔一	开成二年	开成元年
1056-11C-24	0837-01-04	正朔一	开成二年	开成元年
1056-11C-25	0837-01-05	正朔一	开成二年	开成元年
1056-11C-26	0837-01-06	正朔一	开成二年	开成元年
1056-11C-27	0837-01-07	正朔一	开成二年	开成元年
1056-11C-28	0837-01-08	正朔一	开成二年	开成元年
1056-11C-29	0837-01-09	正朔一	开成二年	开成元年
1056-11C-30	0837-01-10	正朔一	开成二年	开成元年
1056-12C-01	0837-01-11	正朔一	开成二年	开成元年
1056-12C-02	0837-01-12	正朔一	开成二年	开成元年
1056-12C-03	0837-01-13	正朔一	开成二年	开成元年
1056-12C-04	0837-01-14	正朔一	开成二年	开成元年
1056-12C-05	0837-01-15	正朔一	开成二年	开成元年
1056-12C-06	0837-01-16	正朔一	开成二年	开成元年
1056-12C-07	0837-01-17	正朔一	开成二年	开成元年
1056-12C-08	0837-01-18	正朔一	开成二年	开成元年
1056-12C-09	0837-01-19	正朔一	开成二年	开成元年
1056-12C-10	0837-01-20	正朔一	开成二年	开成元年
1056-12C-11	0837-01-21	正朔一	开成二年	开成元年
1056-12C-12	0837-01-22	正朔一	开成二年	开成元年
1056-12C-13	0837-01-23	正朔一	开成二年	开成元年
1056-12C-14	0837-01-24	正朔一	开成二年	开成元年
1056-12C-15	0837-01-25	正朔一	开成二年	开成元年
1056-12C-16	0837-01-26	正朔一	开成二年	开成元年
1056-12C-17	0837-01-27	正朔一	开成二年	开成元年
1056-12C-18	0837-01-28	正朔一	开成二年	开成元年
1056-12C-19	0837-01-29	正朔一	开成二年	开成元年
1056-12C-20	0837-01-30	正朔一	开成二年	开成元年
1056-12C-21	0837-01-31	正朔一	开成二年	开成元年
1056-12C-22	0837-02-01	正朔一	开成二年	开成元年
1056-12C-23	0837-02-02	正朔一	开成二年	开成元年
1056-12C-24	0837-02-03	正朔一	开成二年	开成元年
1056-12C-25	0837-02-04	正朔一	开成二年	开成元年
1056-12C-26	0837-02-05	正朔一	开成二年	开成元年
1056-12C-27	0837-02-06	正朔一	开成二年	开成元年
1056-12C-28	0837-02-07	正朔一	开成二年	开成元年
1056-12C-29	0837-02-08	正朔一	开成二年	开成元年
1057-12C-02	0838-01-01	正朔一	开成三年	开成二年
1057-12C-03	0838-01-02	正朔一	开成三年	开成二年
1057-12C-04	0838-01-03	正朔一	开成三年	开成二年
1057-12C-05	0838-01-04	正朔一	开成三年	开成二年
1057-12C-06	0838-01-05	正朔一	开成三年	开成二年
1057-12C-07	0838-01-06	正朔一	开成三年	开成二年
1057-12C-08	0838-01-07	正朔一	开成三年	开成二年
1057-12C-09	0838-01-08	正朔一	开成三年	开成二年
1057-12C-10	0838-01-09	正朔一	开成三年	开成二年
1057-12C-11	0838-01-10	正朔一	开成三年	开成二年
1057-12C-12	0838-01-11	正朔一	开成三年	开成二年
1057-12C-13	0838-01-12	正朔一	开成三年	开成二年
1057-12C-14	0838-01-13	正朔一	开成三年	开成二年
1057-12C-15	0838-01-14	正朔一	开成三年	开成二年
1057-12C-16	0838-01-15	正朔一	开成三年	开成二年
1057-12C-17	0838-01-16	正朔一	开成三年	开成二年
1057-12C-18	0838-01-17	正朔一	开成三年	开成二年
1057-12C-19	0838-01-18	正朔一	开成三年	开成二年
1057-12C-20	0838-01-19	正朔一	开成三年	开成二年
1057-12C-21	0838-01-20	正朔一	开成三年	开成二年
1057-12C-22	0838-01-21	正朔一	开成三年	开成二年
1057-12C-23	0838-01-22	正朔一	开成三年	开成二年
1057-12C-24	0838-01-23	正朔一	开成三年	开成二年
1057-12C-25	0838-01-24	正朔一	开成三年	开成二年
1057-12C-26	0838-01-25	正朔一	开成三年	开成二年
1057-12C-27	0838-01-26	正朔一	开成三年	开成二年
1057-12C-28	0838-01-27	正朔一	开成三年	开成二年
1057-12C-29	0838-01-28	正朔一	开成三年	开成二年
1057-12C-30	0838-01-29	正朔一	开成三年	开成二年
1058-12C-12	0839-01-01	正朔一	开成四年	开成三年
1058-12C-13	0839-01-02	正朔一	开成四年	开成三年
1058-12C-14	0839-01-03	正朔一	开成四年	开成三年
1058-12C-15	0839-01-04	正朔一	开成四年	开成三年
1058-12C-16	0839-01-05	正朔一	开成四年	开成三年
1058-12C-17	0839-01-06	正朔一	开成四年	开成三年
1058-12C-18	0839-01-07	正朔一	开成四年	开成三年
1058-12C-19	0839-01-08	正朔一	开成四年	开成三年
1058-12C-20	0839-01-09	正朔一	开成四年	开成三年
1058-12C-21	0839-01-10	正朔一	开成四年	开成三年
1058-12C-22	0839-01-11	正朔一	开成四年	开成三年
1058-12C-23	0839-01-12	正朔一	开成四年	开成三年
1058-12C-24	0839-01-13	正朔一	开成四年	开成三年
1058-12C-25	0839-01-14	正朔一	开成四年	开成三年
1058-12C-26	0839-01-15	正朔一	开成四年	开成三年
1058-12C-27	0839-01-16	正朔一	开成四年	开成三年
1058-12C-28	0839-01-17	正朔一	开成四年	开成三年
1058-12C-29	0839-01-18	正朔一	开成四年	开成三年
1059-11C-23	0840-01-01	正朔一	开成五年	开成四年
1059-11C-24	0840-01-02	正朔一	开成五年	开成四年
1059-11C-25	0840-01-03	正朔一	开成五年	开成四年
1059-11C-26	0840-01-04	正朔一	开成五年	开成四年
1059-11C-27	0840-01-05	正朔一	开成五年	开成四年
1059-11C-28	0840-01-06	正朔一	开成五年	开成四年
1059-11C-29	0840-01-07	正朔一	开成五年	开成四年
1059-11C-30	0840-01-08	正朔一	开成五年	开成四年
1059-12C-01	0840-01-09	正朔一	开成五年	开成四年
1059-12C-02	0840-01-10	正朔一	开成五年	开成四年
1059-12C-03	0840-01-11	正朔一	开成五年	开成四年
1059-12C-04	0840-01-12	正朔一	开成五年	开成四年
1059-12C-05	0840-01-13	正朔一	开成五年	开成四年
1059-12C-06	0840-01-14	正朔一	开成五年	开成四年
1059-12C-07	0840-01-15	正朔一	开成五年	开成四年
1059-12C-08	0840-01-16	正朔一	开成五年	开成四年
1059-12C-09	0840-01-17	正朔一	开成五年	开成四年
1059-12C-10	0840-01-18	正朔一	开成五年	开成四年
1059-12C-11	0840-01-19	正朔一	开成五年	开成四年
1059-12C-12	0840-01-20	正朔一	开成五年	开成四年
1059-12C-13	0840-01-21	正朔一	开成五年	开成四年
1059-12C-14	0840-01-22	正朔一	开成五年	开成四年
1059-12C-15	0840-01-23	正朔一	开成五年	开成四年
1059-12C-16	0840-01-24	正朔一	开成五年	开成四年
1059-12C-17	0840-01-25	正朔一	开成五年	开成四年
1059-12C-18	0840-01-26	正朔一	开成五年	开成四年
1059-12C-19	0840-01-27	正朔一	开成五年	开成四年
1059-12C-20	0840-01-28	正朔一	开成五年	开成四年
1059-12C-21	0840-01-29	正朔一	开成五年	开成四年
1059-12C-22	0840-01-30	正朔一	开成五年	开成四年
1059-12C-23	0840-01-31	正朔一	开成五年	开成四年
1059-12C-24	0840-02-01	正朔一	开成五年	开成四年
1059-12C-25	0840-02-02	正朔一	开成五年	开成四年
1059-12C-26	0840-02-03	正朔一	开成五年	开成四年
1059-12C-27	0840-02-04	正朔一	开成五年	开成四年
1059-12C-28	0840-02-05	正朔一	开成五年	开成四年
1059-12C-29	0840-02-06	正朔一	开成五年	开成四年
1060-12C-05	0841-01-01	正朔一	开成六年	开成五年
1060-12C-06	0841-01-02	正朔一	开成六年	开成五年
1060-12C-07	0841-01-03	正朔一	开成六年	开成五年
1060-12C-08	0841-01-04	正朔一	开成六年	开成五年
1060-12C-09	0841-01-05	正朔一	开成六年	开成五年
1060-12C-10	0841-01-06	正朔一	开成六年	开成五年
1060-12C-11	0841-01-07	正朔一	开成六年	开成五年
1060-12C-12	0841-01-08	正朔一	开成六年	开成五年
1060-12C-13	0841-01-09	正朔一	开成六年	开成五年
1060-12C-14	0841-01-10	正朔一	开成六年	开成五年
1060-12C-15	0841-01-11	正朔一	开成六年	开成五年
1060-12C-16	0841-01-12	正朔一	开成六年	开成五年
1060-12C-17	0841-01-13	正朔一	开成六年	开成五年
1060-12C-18	0841-01-14	正朔一	开成六年	开成五年
1060-12C-19	0841-01-15	正朔一	开成六年	开成五年
1060-12C-20	0841-01-16	正朔一	开成六年	开成五年
1060-12C-21	0841-01-17	正朔一	开成六年	开成五年
1060-12C-22	0841-01-18	正朔一	开成六年	开成五年
1060-12C-23	0841-01-19	正朔一	开成六年	开成五年
1060-12C-24	0841-01-20	正朔一	开成六年	开成五年
1060-12C-25	0841-01-21	正朔一	开成六年	开成五年
1060-12C-26	0841-01-22	正朔一	开成六年	开成五年
1060-12C-27	0841-01-23	正朔一	开成六年	开成五年
1060-12C-28	0841-01-24	正朔一	开成六年	开成五年
1060-12C-29	0841-01-25	正朔一	开成六年	开成五年
1060-12C-30	0841-01-26	正朔一	开成六年	开成五年
1061-11C-16	0842-01-01	正朔一	会昌二年	会昌元年
1061-11C-17	0842-01-02	正朔一	会昌二年	会昌元年
1061-11C-18	0842-01-03	正朔一	会昌二年	会昌元年
1061-11C-19	0842-01-04	正朔一	会昌二年	会昌元年
1061-11C-20	0842-01-05	正朔一	会昌二年	会昌元年
1061-11C-21	0842-01-06	正朔一	会昌二年	会昌元年
1061-11C-22	0842-01-07	正朔一	会昌二年	会昌元年
1061-11C-23	0842-01-08	正朔一	会昌二年	会昌元年
1061-11C-24	0842-01-09	正朔一	会昌二年	会昌元年
1061-11C-25	0842-01-10	正朔一	会昌二年	会昌元年
1061-11C-26	0842-01-11	正朔一	会昌二年	会昌元年
1061-11C-27	0842-01-12	正朔一	会昌二年	会昌元年
1061-11C-28	0842-01-13	正朔一	会昌二年	会昌元年
1061-11C-29	0842-01-14	正朔一	会昌二年	会昌元年
1061-11C-30	0842-01-15	正朔一	会昌二年	会昌元年
1061-12C-01	0842-01-16	正朔一	会昌二年	会昌元年
1061-12C-02	0842-01-17	正朔一	会昌二年	会昌元年
1061-12C-03	0842-01-18	正朔一	会昌二年	会昌元年
1061-12C-04	0842-01-19	正朔一	会昌二年	会昌元年
1061-12C-05	0842-01-20	正朔一	会昌二年	会昌元年
1061-12C-06	0842-01-21	正朔一	会昌二年	会昌元年
1061-12C-07	0842-01-22	正朔一	会昌二年	会昌元年
1061-12C-08	0842-01-23	正朔一	会昌二年	会昌元年
1061-12C-09	0842-01-24	正朔一	会昌二年	会昌元年
1061-12C-10	0842-01-25	正朔一	会昌二年	会昌元年
1061-12C-11	0842-01-26	正朔一	会昌二年	会昌元年
1061-12C-12	0842-01-27	正朔一	会昌二年	会昌元年
1061-12C-13	0842-01-28	正朔一	会昌二年	会昌元年
1061-12C-14	0842-01-29	正朔一	会昌二年	会昌元年
1061-12C-15	0842-01-30	正朔一	会昌二年	会昌元年
1061-12C-16	0842-01-31	正朔一	会昌二年	会昌元年
1061-12C-17	0842-02-01	正朔一	会昌二年	会昌元年
1061-12C-18	0842-02-02	正朔一	会昌二年	会昌元年
1061-12C-19	0842-02-03	正朔一	会昌二年	会昌元年
1061-12C-20	0842-02-04	正朔一	会昌二年	会昌元年
1061-12C-21	0842-02-05	正朔一	会昌二年	会昌元年
1061-12C-22	0842-02-06	正朔一	会昌二年	会昌元年
1061-12C-23	0842-02-07	正朔一	会昌二年	会昌元年
1061-12C-24	0842-02-08	正朔一	会昌二年	会昌元年
1061-12C-25	0842-02-09	正朔一	会昌二年	会昌元年
1061-12C-26	0842-02-10	正朔一	会昌二年	会昌元年
1061-12C-27	0842-02-11	正朔一	会昌二年	会昌元年
1061-12C-28	0842-02-12	正朔一	会昌二年	会昌元年
1061-12C-29	0842-02-13	正朔一	会昌二年	会昌元年
1062-11C-27	0843-01-01	正朔一	会昌三年	会昌二年
1062-11C-28	0843-01-02	正朔一	会昌三年	会昌二年
1062-11C-29	0843-01-03	正朔一	会昌三年	会昌二年
1062-12C-01	0843-01-04	正朔一	会昌三年	会昌二年
1062-12C-02	0843-01-05	正朔一	会昌三年	会昌二年
1062-12C-03	0843-01-06	正朔一	会昌三年	会昌二年
1062-12C-04	0843-01-07	正朔一	会昌三年	会昌二年
1062-12C-05	0843-01-08	正朔一	会昌三年	会昌二年
1062-12C-06	0843-01-09	正朔一	会昌三年	会昌二年
1062-12C-07	0843-01-10	正朔一	会昌三年	会昌二年
1062-12C-08	0843-01-11	正朔一	会昌三年	会昌二年
1062-12C-09	0843-01-12	正朔一	会昌三年	会昌二年
1062-12C-10	0843-01-13	正朔一	会昌三年	会昌二年
1062-12C-11	0843-01-14	正朔一	会昌三年	会昌二年
1062-12C-12	0843-01-15	正朔一	会昌三年	会昌二年
1062-12C-13	0843-01-16	正朔一	会昌三年	会昌二年
1062-12C-14	0843-01-17	正朔一	会昌三年	会昌二年
1062-12C-15	0843-01-18	正朔一	会昌三年	会昌二年
1062-12C-16	0843-01-19	正朔一	会昌三年	会昌二年
1062-12C-17	0843-01-20	正朔一	会昌三年	会昌二年
1062-12C-18	0843-01-21	正朔一	会昌三年	会昌二年
1062-12C-19	0843-01-22	正朔一	会昌三年	会昌二年
1062-12C-20	0843-01-23	正朔一	会昌三年	会昌二年
1062-12C-21	0843-01-24	正朔一	会昌三年	会昌二年
1062-12C-22	0843-01-25	正朔一	会昌三年	会昌二年
1062-12C-23	0843-01-26	正朔一	会昌三年	会昌二年
1062-12C-24	0843-01-27	正朔一	会昌三年	会昌二年
1062-12C-25	0843-01-28	正朔一	会昌三年	会昌二年
1062-12C-26	0843-01-29	正朔一	会昌三年	会昌二年
1062-12C-27	0843-01-30	正朔一	会昌三年	会昌二年
1062-12C-28	0843-01-31	正朔一	会昌三年	会昌二年
1062-12C-29	0843-02-01	正朔一	会昌三年	会昌二年
1062-12C-30	0843-02-02	正朔一	会昌三年	会昌二年
1063-12C-08	0844-01-01	正朔一	会昌四年	会昌三年
1063-12C-09	0844-01-02	正朔一	会昌四年	会昌三年
1063-12C-10	0844-01-03	正朔一	会昌四年	会昌三年
1063-12C-11	0844-01-04	正朔一	会昌四年	会昌三年
1063-12C-12	0844-01-05	正朔一	会昌四年	会昌三年
1063-12C-13	0844-01-06	正朔一	会昌四年	会昌三年
1063-12C-14	0844-01-07	正朔一	会昌四年	会昌三年
1063-12C-15	0844-01-08	正朔一	会昌四年	会昌三年
1063-12C-16	0844-01-09	正朔一	会昌四年	会昌三年
1063-12C-17	0844-01-10	正朔一	会昌四年	会昌三年
1063-12C-18	0844-01-11	正朔一	会昌四年	会昌三年
1063-12C-19	0844-01-12	正朔一	会昌四年	会昌三年
1063-12C-20	0844-01-13	正朔一	会昌四年	会昌三年
1063-12C-21	0844-01-14	正朔一	会昌四年	会昌三年
1063-12C-22	0844-01-15	正朔一	会昌四年	会昌三年
1063-12C-23	0844-01-16	正朔一	会昌四年	会昌三年
1063-12C-24	0844-01-17	正朔一	会昌四年	会昌三年
1063-12C-25	0844-01-18	正朔一	会昌四年	会昌三年
1063-12C-26	0844-01-19	正朔一	会昌四年	会昌三年
1063-12C-27	0844-01-20	正朔一	会昌四年	会昌三年
1063-12C-28	0844-01-21	正朔一	会昌四年	会昌三年
1063-12C-29	0844-01-22	正朔一	会昌四年	会昌三年
1063-12C-30	0844-01-23	正朔一	会昌四年	会昌三年
1064-11C-20	0845-01-01	正朔一	会昌五年	会昌四年
1064-11C-21	0845-01-02	正朔一	会昌五年	会昌四年
1064-11C-22	0845-01-03	正朔一	会昌五年	会昌四年
1064-11C-23	0845-01-04	正朔一	会昌五年	会昌四年
1064-11C-24	0845-01-05	正朔一	会昌五年	会昌四年
1064-11C-25	0845-01-06	正朔一	会昌五年	会昌四年
1064-11C-26	0845-01-07	正朔一	会昌五年	会昌四年
1064-11C-27	0845-01-08	正朔一	会昌五年	会昌四年
1064-11C-28	0845-01-09	正朔一	会昌五年	会昌四年
1064-11C-29	0845-01-10	正朔一	会昌五年	会昌四年
1064-11C-30	0845-01-11	正朔一	会昌五年	会昌四年
1064-12C-01	0845-01-12	正朔一	会昌五年	会昌四年
1064-12C-02	0845-01-13	正朔一	会昌五年	会昌四年
1064-12C-03	0845-01-14	正朔一	会昌五年	会昌四年
1064-12C-04	0845-01-15	正朔一	会昌五年	会昌四年
1064-12C-05	0845-01-16	正朔一	会昌五年	会昌四年
1064-12C-06	0845-01-17	正朔一	会昌五年	会昌四年
1064-12C-07	0845-01-18	正朔一	会昌五年	会昌四年
1064-12C-08	0845-01-19	正朔一	会昌五年	会昌四年
1064-12C-09	0845-01-20	正朔一	会昌五年	会昌四年
1064-12C-10	0845-01-21	正朔一	会昌五年	会昌四年
1064-12C-11	0845-01-22	正朔一	会昌五年	会昌四年
1064-12C-12	0845-01-23	正朔一	会昌五年	会昌四年
1064-12C-13	0845-01-24	正朔一	会昌五年	会昌四年
1064-12C-14	0845-01-25	正朔一	会昌五年	会昌四年
1064-12C-15	0845-01-26	正朔一	会昌五年	会昌四年
1064-12C-16	0845-01-27	正朔一	会昌五年	会昌四年
1064-12C-17	0845-01-28	正朔一	会昌五年	会昌四年
1064-12C-18	0845-01-29	正朔一	会昌五年	会昌四年
1064-12C-19	0845-01-30	正朔一	会昌五年	会昌四年
1064-12C-20	0845-01-31	正朔一	会昌五年	会昌四年
1064-12C-21	0845-02-01	正朔一	会昌五年	会昌四年
1064-12C-22	0845-02-02	正朔一	会昌五年	会昌四年
1064-12C-23	0845-02-03	正朔一	会昌五年	会昌四年
1064-12C-24	0845-02-04	正朔一	会昌五年	会昌四年
1064-12C-25	0845-02-05	正朔一	会昌五年	会昌四年
1064-12C-26	0845-02-06	正朔一	会昌五年	会昌四年
1064-12C-27	0845-02-07	正朔一	会昌五年	会昌四年
1064-12C-28	0845-02-08	正朔一	会昌五年	会昌四年
1064-12C-29	0845-02-09	正朔一	会昌五年	会昌四年
1064-12C-30	0845-02-10	正朔一	会昌五年	会昌四年
1065-11C-30	0846-01-01	正朔一	会昌六年	会昌五年
1065-12C-01	0846-01-02	正朔一	会昌六年	会昌五年
1065-12C-02	0846-01-03	正朔一	会昌六年	会昌五年
1065-12C-03	0846-01-04	正朔一	会昌六年	会昌五年
1065-12C-04	0846-01-05	正朔一	会昌六年	会昌五年
1065-12C-05	0846-01-06	正朔一	会昌六年	会昌五年
1065-12C-06	0846-01-07	正朔一	会昌六年	会昌五年
1065-12C-07	0846-01-08	正朔一	会昌六年	会昌五年
1065-12C-08	0846-01-09	正朔一	会昌六年	会昌五年
1065-12C-09	0846-01-10	正朔一	会昌六年	会昌五年
1065-12C-10	0846-01-11	正朔一	会昌六年	会昌五年
1065-12C-11	0846-01-12	正朔一	会昌六年	会昌五年
1065-12C-12	0846-01-13	正朔一	会昌六年	会昌五年
1065-12C-13	0846-01-14	正朔一	会昌六年	会昌五年
1065-12C-14	0846-01-15	正朔一	会昌六年	会昌五年
1065-12C-15	0846-01-16	正朔一	会昌六年	会昌五年
1065-12C-16	0846-01-17	正朔一	会昌六年	会昌五年
1065-12C-17	0846-01-18	正朔一	会昌六年	会昌五年
1065-12C-18	0846-01-19	正朔一	会昌六年	会昌五年
1065-12C-19	0846-01-20	正朔一	会昌六年	会昌五年
1065-12C-20	0846-01-21	正朔一	会昌六年	会昌五年
1065-12C-21	0846-01-22	正朔一	会昌六年	会昌五年
1065-12C-22	0846-01-23	正朔一	会昌六年	会昌五年
1065-12C-23	0846-01-24	正朔一	会昌六年	会昌五年
1065-12C-24	0846-01-25	正朔一	会昌六年	会昌五年
1065-12C-25	0846-01-26	正朔一	会昌六年	会昌五年
1065-12C-26	0846-01-27	正朔一	会昌六年	会昌五年
1065-12C-27	0846-01-28	正朔一	会昌六年	会昌五年
1065-12C-28	0846-01-29	正朔一	会昌六年	会昌五年
1065-12C-29	0846-01-30	正朔一	会昌六年	会昌五年
1066-12C-11	0847-01-01	正朔一	会昌七年	会昌六年
1066-12C-12	0847-01-02	正朔一	会昌七年	会昌六年
1066-12C-13	0847-01-03	正朔一	会昌七年	会昌六年
1066-12C-14	0847-01-04	正朔一	会昌七年	会昌六年
1066-12C-15	0847-01-05	正朔一	会昌七年	会昌六年
1066-12C-16	0847-01-06	正朔一	会昌七年	会昌六年
1066-12C-17	0847-01-07	正朔一	会昌七年	会昌六年
1066-12C-18	0847-01-08	正朔一	会昌七年	会昌六年
1066-12C-19	0847-01-09	正朔一	会昌七年	会昌六年
1066-12C-20	0847-01-10	正朔一	会昌七年	会昌六年
1066-12C-21	0847-01-11	正朔一	会昌七年	会昌六年
1066-12C-22	0847-01-12	正朔一	会昌七年	会昌六年
1066-12C-23	0847-01-13	正朔一	会昌七年	会昌六年
1066-12C-24	0847-01-14	正朔一	会昌七年	会昌六年
1066-12C-25	0847-01-15	正朔一	会昌七年	会昌六年
1066-12C-26	0847-01-16	正朔一	会昌七年	会昌六年
1066-12C-27	0847-01-17	正朔一	会昌七年	会昌六年
1066-12C-28	0847-01-18	正朔一	会昌七年	会昌六年
1066-12C-29	0847-01-19	正朔一	会昌七年	会昌六年
1066-12C-30	0847-01-20	正朔一	会昌七年	会昌六年
1067-11C-21	0848-01-01	正朔一	大中二年	大中元年
1067-11C-22	0848-01-02	正朔一	大中二年	大中元年
1067-11C-23	0848-01-03	正朔一	大中二年	大中元年
1067-11C-24	0848-01-04	正朔一	大中二年	大中元年
1067-11C-25	0848-01-05	正朔一	大中二年	大中元年
1067-11C-26	0848-01-06	正朔一	大中二年	大中元年
1067-11C-27	0848-01-07	正朔一	大中二年	大中元年
1067-11C-28	0848-01-08	正朔一	大中二年	大中元年
1067-11C-29	0848-01-09	正朔一	大中二年	大中元年
1067-12C-01	0848-01-10	正朔一	大中二年	大中元年
1067-12C-02	0848-01-11	正朔一	大中二年	大中元年
1067-12C-03	0848-01-12	正朔一	大中二年	大中元年
1067-12C-04	0848-01-13	正朔一	大中二年	大中元年
1067-12C-05	0848-01-14	正朔一	大中二年	大中元年
1067-12C-06	0848-01-15	正朔一	大中二年	大中元年
1067-12C-07	0848-01-16	正朔一	大中二年	大中元年
1067-12C-08	0848-01-17	正朔一	大中二年	大中元年
1067-12C-09	0848-01-18	正朔一	大中二年	大中元年
1067-12C-10	0848-01-19	正朔一	大中二年	大中元年
1067-12C-11	0848-01-20	正朔一	大中二年	大中元年
1067-12C-12	0848-01-21	正朔一	大中二年	大中元年
1067-12C-13	0848-01-22	正朔一	大中二年	大中元年
1067-12C-14	0848-01-23	正朔一	大中二年	大中元年
1067-12C-15	0848-01-24	正朔一	大中二年	大中元年
1067-12C-16	0848-01-25	正朔一	大中二年	大中元年
1067-12C-17	0848-01-26	正朔一	大中二年	大中元年
1067-12C-18	0848-01-27	正朔一	大中二年	大中元年
1067-12C-19	0848-01-28	正朔一	大中二年	大中元年
1067-12C-20	0848-01-29	正朔一	大中二年	大中元年
1067-12C-21	0848-01-30	正朔一	大中二年	大中元年
1067-12C-22	0848-01-31	正朔一	大中二年	大中元年
1067-12C-23	0848-02-01	正朔一	大中二年	大中元年
1067-12C-24	0848-02-02	正朔一	大中二年	大中元年
1067-12C-25	0848-02-03	正朔一	大中二年	大中元年
1067-12C-26	0848-02-04	正朔一	大中二年	大中元年
1067-12C-27	0848-02-05	正朔一	大中二年	大中元年
1067-12C-28	0848-02-06	正朔一	大中二年	大中元年
1067-12C-29	0848-02-07	正朔一	大中二年	大中元年
1067-12C-30	0848-02-08	正朔一	大中二年	大中元年
1068-12C-03	0849-01-01	正朔一	大中三年	大中二年
1068-12C-04	0849-01-02	正朔一	大中三年	大中二年
1068-12C-05	0849-01-03	正朔一	大中三年	大中二年
1068-12C-06	0849-01-04	正朔一	大中三年	大中二年
1068-12C-07	0849-01-05	正朔一	大中三年	大中二年
1068-12C-08	0849-01-06	正朔一	大中三年	大中二年
1068-12C-09	0849-01-07	正朔一	大中三年	大中二年
1068-12C-10	0849-01-08	正朔一	大中三年	大中二年
1068-12C-11	0849-01-09	正朔一	大中三年	大中二年
1068-12C-12	0849-01-10	正朔一	大中三年	大中二年
1068-12C-13	0849-01-11	正朔一	大中三年	大中二年
1068-12C-14	0849-01-12	正朔一	大中三年	大中二年
1068-12C-15	0849-01-13	正朔一	大中三年	大中二年
1068-12C-16	0849-01-14	正朔一	大中三年	大中二年
1068-12C-17	0849-01-15	正朔一	大中三年	大中二年
1068-12C-18	0849-01-16	正朔一	大中三年	大中二年
1068-12C-19	0849-01-17	正朔一	大中三年	大中二年
1068-12C-20	0849-01-18	正朔一	大中三年	大中二年
1068-12C-21	0849-01-19	正朔一	大中三年	大中二年
1068-12C-22	0849-01-20	正朔一	大中三年	大中二年
1068-12C-23	0849-01-21	正朔一	大中三年	大中二年
1068-12C-24	0849-01-22	正朔一	大中三年	大中二年
1068-12C-25	0849-01-23	正朔一	大中三年	大中二年
1068-12C-26	0849-01-24	正朔一	大中三年	大中二年
1068-12C-27	0849-01-25	正朔一	大中三年	大中二年
1068-12C-28	0849-01-26	正朔一	大中三年	大中二年
1068-12C-29	0849-01-27	正朔一	大中三年	大中二年
1069-11L-14	0850-01-01	正朔一	大中四年	大中三年
1069-11L-15	0850-01-02	正朔一	大中四年	大中三年
1069-11L-16	0850-01-03	正朔一	大中四年	大中三年
1069-11L-17	0850-01-04	正朔一	大中四年	大中三年
1069-11L-18	0850-01-05	正朔一	大中四年	大中三年
1069-11L-19	0850-01-06	正朔一	大中四年	大中三年
1069-11L-20	0850-01-07	正朔一	大中四年	大中三年
1069-11L-21	0850-01-08	正朔一	大中四年	大中三年
1069-11L-22	0850-01-09	正朔一	大中四年	大中三年
1069-11L-23	0850-01-10	正朔一	大中四年	大中三年
1069-11L-24	0850-01-11	正朔一	大中四年	大中三年
1069-11L-25	0850-01-12	正朔一	大中四年	大中三年
1069-11L-26	0850-01-13	正朔一	大中四年	大中三年
1069-11L-27	0850-01-14	正朔一	大中四年	大中三年
1069-11L-28	0850-01-15	正朔一	大中四年	大中三年
1069-11L-29	0850-01-16	正朔一	大中四年	大中三年
1069-12C-01	0850-01-17	正朔一	大中四年	大中三年
1069-12C-02	0850-01-18	正朔一	大中四年	大中三年
1069-12C-03	0850-01-19	正朔一	大中四年	大中三年
1069-12C-04	0850-01-20	正朔一	大中四年	大中三年
1069-12C-05	0850-01-21	正朔一	大中四年	大中三年
1069-12C-06	0850-01-22	正朔一	大中四年	大中三年
1069-12C-07	0850-01-23	正朔一	大中四年	大中三年
1069-12C-08	0850-01-24	正朔一	大中四年	大中三年
1069-12C-09	0850-01-25	正朔一	大中四年	大中三年
1069-12C-10	0850-01-26	正朔一	大中四年	大中三年
1069-12C-11	0850-01-27	正朔一	大中四年	大中三年
1069-12C-12	0850-01-28	正朔一	大中四年	大中三年
1069-12C-13	0850-01-29	正朔一	大中四年	大中三年
1069-12C-14	0850-01-30	正朔一	大中四年	大中三年
1069-12C-15	0850-01-31	正朔一	大中四年	大中三年
1069-12C-16	0850-02-01	正朔一	大中四年	大中三年
1069-12C-17	0850-02-02	正朔一	大中四年	大中三年
1069-12C-18	0850-02-03	正朔一	大中四年	大中三年
1069-12C-19	0850-02-04	正朔一	大中四年	大中三年
1069-12C-20	0850-02-05	正朔一	大中四年	大中三年
1069-12C-21	0850-02-06	正朔一	大中四年	大中三年
1069-12C-22	0850-02-07	正朔一	大中四年	大中三年
1069-12C-23	0850-02-08	正朔一	大中四年	大中三年
1069-12C-24	0850-02-09	正朔一	大中四年	大中三年
1069-12C-25	0850-02-10	正朔一	大中四年	大中三年
1069-12C-26	0850-02-11	正朔一	大中四年	大中三年
1069-12C-27	0850-02-12	正朔一	大中四年	大中三年
1069-12C-28	0850-02-13	正朔一	大中四年	大中三年
1069-12C-29	0850-02-14	正朔一	大中四年	大中三年
1069-12C-30	0850-02-15	正朔一	大中四年	大中三年
1070-11C-25	0851-01-01	正朔一	大中五年	大中四年
1070-11C-26	0851-01-02	正朔一	大中五年	大中四年
1070-11C-27	0851-01-03	正朔一	大中五年	大中四年
1070-11C-28	0851-01-04	正朔一	大中五年	大中四年
1070-11C-29	0851-01-05	正朔一	大中五年	大中四年
1070-12C-01	0851-01-06	正朔一	大中五年	大中四年
1070-12C-02	0851-01-07	正朔一	大中五年	大中四年
1070-12C-03	0851-01-08	正朔一	大中五年	大中四年
1070-12C-04	0851-01-09	正朔一	大中五年	大中四年
1070-12C-05	0851-01-10	正朔一	大中五年	大中四年
1070-12C-06	0851-01-11	正朔一	大中五年	大中四年
1070-12C-07	0851-01-12	正朔一	大中五年	大中四年
1070-12C-08	0851-01-13	正朔一	大中五年	大中四年
1070-12C-09	0851-01-14	正朔一	大中五年	大中四年
1070-12C-10	0851-01-15	正朔一	大中五年	大中四年
1070-12C-11	0851-01-16	正朔一	大中五年	大中四年
1070-12C-12	0851-01-17	正朔一	大中五年	大中四年
1070-12C-13	0851-01-18	正朔一	大中五年	大中四年
1070-12C-14	0851-01-19	正朔一	大中五年	大中四年
1070-12C-15	0851-01-20	正朔一	大中五年	大中四年
1070-12C-16	0851-01-21	正朔一	大中五年	大中四年
1070-12C-17	0851-01-22	正朔一	大中五年	大中四年
1070-12C-18	0851-01-23	正朔一	大中五年	大中四年
1070-12C-19	0851-01-24	正朔一	大中五年	大中四年
1070-12C-20	0851-01-25	正朔一	大中五年	大中四年
1070-12C-21	0851-01-26	正朔一	大中五年	大中四年
1070-12C-22	0851-01-27	正朔一	大中五年	大中四年
1070-12C-23	0851-01-28	正朔一	大中五年	大中四年
1070-12C-24	0851-01-29	正朔一	大中五年	大中四年
1070-12C-25	0851-01-30	正朔一	大中五年	大中四年
1070-12C-26	0851-01-31	正朔一	大中五年	大中四年
1070-12C-27	0851-02-01	正朔一	大中五年	大中四年
1070-12C-28	0851-02-02	正朔一	大中五年	大中四年
1070-12C-29	0851-02-03	正朔一	大中五年	大中四年
1070-12C-30	0851-02-04	正朔一	大中五年	大中四年
1071-12C-07	0852-01-01	正朔一	大中六年	大中五年
1071-12C-08	0852-01-02	正朔一	大中六年	大中五年
1071-12C-09	0852-01-03	正朔一	大中六年	大中五年
1071-12C-10	0852-01-04	正朔一	大中六年	大中五年
1071-12C-11	0852-01-05	正朔一	大中六年	大中五年
1071-12C-12	0852-01-06	正朔一	大中六年	大中五年
1071-12C-13	0852-01-07	正朔一	大中六年	大中五年
1071-12C-14	0852-01-08	正朔一	大中六年	大中五年
1071-12C-15	0852-01-09	正朔一	大中六年	大中五年
1071-12C-16	0852-01-10	正朔一	大中六年	大中五年
1071-12C-17	0852-01-11	正朔一	大中六年	大中五年
1071-12C-18	0852-01-12	正朔一	大中六年	大中五年
1071-12C-19	0852-01-13	正朔一	大中六年	大中五年
1071-12C-20	0852-01-14	正朔一	大中六年	大中五年
1071-12C-21	0852-01-15	正朔一	大中六年	大中五年
1071-12C-22	0852-01-16	正朔一	大中六年	大中五年
1071-12C-23	0852-01-17	正朔一	大中六年	大中五年
1071-12C-24	0852-01-18	正朔一	大中六年	大中五年
1071-12C-25	0852-01-19	正朔一	大中六年	大中五年
1071-12C-26	0852-01-20	正朔一	大中六年	大中五年
1071-12C-27	0852-01-21	正朔一	大中六年	大中五年
1071-12C-28	0852-01-22	正朔一	大中六年	大中五年
1071-12C-29	0852-01-23	正朔一	大中六年	大中五年
1071-12C-30	0852-01-24	正朔一	大中六年	大中五年
1072-11C-18	0853-01-01	正朔一	大中七年	大中六年
1072-11C-19	0853-01-02	正朔一	大中七年	大中六年
1072-11C-20	0853-01-03	正朔一	大中七年	大中六年
1072-11C-21	0853-01-04	正朔一	大中七年	大中六年
1072-11C-22	0853-01-05	正朔一	大中七年	大中六年
1072-11C-23	0853-01-06	正朔一	大中七年	大中六年
1072-11C-24	0853-01-07	正朔一	大中七年	大中六年
1072-11C-25	0853-01-08	正朔一	大中七年	大中六年
1072-11C-26	0853-01-09	正朔一	大中七年	大中六年
1072-11C-27	0853-01-10	正朔一	大中七年	大中六年
1072-11C-28	0853-01-11	正朔一	大中七年	大中六年
1072-11C-29	0853-01-12	正朔一	大中七年	大中六年
1072-12C-01	0853-01-13	正朔一	大中七年	大中六年
1072-12C-02	0853-01-14	正朔一	大中七年	大中六年
1072-12C-03	0853-01-15	正朔一	大中七年	大中六年
1072-12C-04	0853-01-16	正朔一	大中七年	大中六年
1072-12C-05	0853-01-17	正朔一	大中七年	大中六年
1072-12C-06	0853-01-18	正朔一	大中七年	大中六年
1072-12C-07	0853-01-19	正朔一	大中七年	大中六年
1072-12C-08	0853-01-20	正朔一	大中七年	大中六年
1072-12C-09	0853-01-21	正朔一	大中七年	大中六年
1072-12C-10	0853-01-22	正朔一	大中七年	大中六年
1072-12C-11	0853-01-23	正朔一	大中七年	大中六年
1072-12C-12	0853-01-24	正朔一	大中七年	大中六年
1072-12C-13	0853-01-25	正朔一	大中七年	大中六年
1072-12C-14	0853-01-26	正朔一	大中七年	大中六年
1072-12C-15	0853-01-27	正朔一	大中七年	大中六年
1072-12C-16	0853-01-28	正朔一	大中七年	大中六年
1072-12C-17	0853-01-29	正朔一	大中七年	大中六年
1072-12C-18	0853-01-30	正朔一	大中七年	大中六年
1072-12C-19	0853-01-31	正朔一	大中七年	大中六年
1072-12C-20	0853-02-01	正朔一	大中七年	大中六年
1072-12C-21	0853-02-02	正朔一	大中七年	大中六年
1072-12C-22	0853-02-03	正朔一	大中七年	大中六年
1072-12C-23	0853-02-04	正朔一	大中七年	大中六年
1072-12C-24	0853-02-05	正朔一	大中七年	大中六年
1072-12C-25	0853-02-06	正朔一	大中七年	大中六年
1072-12C-26	0853-02-07	正朔一	大中七年	大中六年
1072-12C-27	0853-02-08	正朔一	大中七年	大中六年
1072-12C-28	0853-02-09	正朔一	大中七年	大中六年
1072-12C-29	0853-02-10	正朔一	大中七年	大中六年
1072-12C-30	0853-02-11	正朔一	大中七年	大中六年
1073-11C-29	0854-01-01	正朔一	大中八年	大中七年
1073-11C-30	0854-01-02	正朔一	大中八年	大中七年
1073-12C-01	0854-01-03	正朔一	大中八年	大中七年
1073-12C-02	0854-01-04	正朔一	大中八年	大中七年
1073-12C-03	0854-01-05	正朔一	大中八年	大中七年
1073-12C-04	0854-01-06	正朔一	大中八年	大中七年
1073-12C-05	0854-01-07	正朔一	大中八年	大中七年
1073-12C-06	0854-01-08	正朔一	大中八年	大中七年
1073-12C-07	0854-01-09	正朔一	大中八年	大中七年
1073-12C-08	0854-01-10	正朔一	大中八年	大中七年
1073-12C-09	0854-01-11	正朔一	大中八年	大中七年
1073-12C-10	0854-01-12	正朔一	大中八年	大中七年
1073-12C-11	0854-01-13	正朔一	大中八年	大中七年
1073-12C-12	0854-01-14	正朔一	大中八年	大中七年
1073-12C-13	0854-01-15	正朔一	大中八年	大中七年
1073-12C-14	0854-01-16	正朔一	大中八年	大中七年
1073-12C-15	0854-01-17	正朔一	大中八年	大中七年
1073-12C-16	0854-01-18	正朔一	大中八年	大中七年
1073-12C-17	0854-01-19	正朔一	大中八年	大中七年
1073-12C-18	0854-01-20	正朔一	大中八年	大中七年
1073-12C-19	0854-01-21	正朔一	大中八年	大中七年
1073-12C-20	0854-01-22	正朔一	大中八年	大中七年
1073-12C-21	0854-01-23	正朔一	大中八年	大中七年
1073-12C-22	0854-01-24	正朔一	大中八年	大中七年
1073-12C-23	0854-01-25	正朔一	大中八年	大中七年
1073-12C-24	0854-01-26	正朔一	大中八年	大中七年
1073-12C-25	0854-01-27	正朔一	大中八年	大中七年
1073-12C-26	0854-01-28	正朔一	大中八年	大中七年
1073-12C-27	0854-01-29	正朔一	大中八年	大中七年
1073-12C-28	0854-01-30	正朔一	大中八年	大中七年
1073-12C-29	0854-01-31	正朔一	大中八年	大中七年
1074-12C-09	0855-01-01	正朔一	大中九年	大中八年
1074-12C-10	0855-01-02	正朔一	大中九年	大中八年
1074-12C-11	0855-01-03	正朔一	大中九年	大中八年
1074-12C-12	0855-01-04	正朔一	大中九年	大中八年
1074-12C-13	0855-01-05	正朔一	大中九年	大中八年
1074-12C-14	0855-01-06	正朔一	大中九年	大中八年
1074-12C-15	0855-01-07	正朔一	大中九年	大中八年
1074-12C-16	0855-01-08	正朔一	大中九年	大中八年
1074-12C-17	0855-01-09	正朔一	大中九年	大中八年
1074-12C-18	0855-01-10	正朔一	大中九年	大中八年
1074-12C-19	0855-01-11	正朔一	大中九年	大中八年
1074-12C-20	0855-01-12	正朔一	大中九年	大中八年
1074-12C-21	0855-01-13	正朔一	大中九年	大中八年
1074-12C-22	0855-01-14	正朔一	大中九年	大中八年
1074-12C-23	0855-01-15	正朔一	大中九年	大中八年
1074-12C-24	0855-01-16	正朔一	大中九年	大中八年
1074-12C-25	0855-01-17	正朔一	大中九年	大中八年
1074-12C-26	0855-01-18	正朔一	大中九年	大中八年
1074-12C-27	0855-01-19	正朔一	大中九年	大中八年
1074-12C-28	0855-01-20	正朔一	大中九年	大中八年
1074-12C-29	0855-01-21	正朔一	大中九年	大中八年
1075-11C-20	0856-01-01	正朔一	大中十年	大中九年
1075-11C-21	0856-01-02	正朔一	大中十年	大中九年
1075-11C-22	0856-01-03	正朔一	大中十年	大中九年
1075-11C-23	0856-01-04	正朔一	大中十年	大中九年
1075-11C-24	0856-01-05	正朔一	大中十年	大中九年
1075-11C-25	0856-01-06	正朔一	大中十年	大中九年
1075-11C-26	0856-01-07	正朔一	大中十年	大中九年
1075-11C-27	0856-01-08	正朔一	大中十年	大中九年
1075-11C-28	0856-01-09	正朔一	大中十年	大中九年
1075-11C-29	0856-01-10	正朔一	大中十年	大中九年
1075-11C-30	0856-01-11	正朔一	大中十年	大中九年
1075-12C-01	0856-01-12	正朔一	大中十年	大中九年
1075-12C-02	0856-01-13	正朔一	大中十年	大中九年
1075-12C-03	0856-01-14	正朔一	大中十年	大中九年
1075-12C-04	0856-01-15	正朔一	大中十年	大中九年
1075-12C-05	0856-01-16	正朔一	大中十年	大中九年
1075-12C-06	0856-01-17	正朔一	大中十年	大中九年
1075-12C-07	0856-01-18	正朔一	大中十年	大中九年
1075-12C-08	0856-01-19	正朔一	大中十年	大中九年
1075-12C-09	0856-01-20	正朔一	大中十年	大中九年
1075-12C-10	0856-01-21	正朔一	大中十年	大中九年
1075-12C-11	0856-01-22	正朔一	大中十年	大中九年
1075-12C-12	0856-01-23	正朔一	大中十年	大中九年
1075-12C-13	0856-01-24	正朔一	大中十年	大中九年
1075-12C-14	0856-01-25	正朔一	大中十年	大中九年
1075-12C-15	0856-01-26	正朔一	大中十年	大中九年
1075-12C-16	0856-01-27	正朔一	大中十年	大中九年
1075-12C-17	0856-01-28	正朔一	大中十年	大中九年
1075-12C-18	0856-01-29	正朔一	大中十年	大中九年
1075-12C-19	0856-01-30	正朔一	大中十年	大中九年
1075-12C-20	0856-01-31	正朔一	大中十年	大中九年
1075-12C-21	0856-02-01	正朔一	大中十年	大中九年
1075-12C-22	0856-02-02	正朔一	大中十年	大中九年
1075-12C-23	0856-02-03	正朔一	大中十年	大中九年
1075-12C-24	0856-02-04	正朔一	大中十年	大中九年
1075-12C-25	0856-02-05	正朔一	大中十年	大中九年
1075-12C-26	0856-02-06	正朔一	大中十年	大中九年
1075-12C-27	0856-02-07	正朔一	大中十年	大中九年
1075-12C-28	0856-02-08	正朔一	大中十年	大中九年
1075-12C-29	0856-02-09	正朔一	大中十年	大中九年
1076-12C-02	0857-01-01	正朔一	大中十一年	大中十年
1076-12C-03	0857-01-02	正朔一	大中十一年	大中十年
1076-12C-04	0857-01-03	正朔一	大中十一年	大中十年
1076-12C-05	0857-01-04	正朔一	大中十一年	大中十年
1076-12C-06	0857-01-05	正朔一	大中十一年	大中十年
1076-12C-07	0857-01-06	正朔一	大中十一年	大中十年
1076-12C-08	0857-01-07	正朔一	大中十一年	大中十年
1076-12C-09	0857-01-08	正朔一	大中十一年	大中十年
1076-12C-10	0857-01-09	正朔一	大中十一年	大中十年
1076-12C-11	0857-01-10	正朔一	大中十一年	大中十年
1076-12C-12	0857-01-11	正朔一	大中十一年	大中十年
1076-12C-13	0857-01-12	正朔一	大中十一年	大中十年
1076-12C-14	0857-01-13	正朔一	大中十一年	大中十年
1076-12C-15	0857-01-14	正朔一	大中十一年	大中十年
1076-12C-16	0857-01-15	正朔一	大中十一年	大中十年
1076-12C-17	0857-01-16	正朔一	大中十一年	大中十年
1076-12C-18	0857-01-17	正朔一	大中十一年	大中十年
1076-12C-19	0857-01-18	正朔一	大中十一年	大中十年
1076-12C-20	0857-01-19	正朔一	大中十一年	大中十年
1076-12C-21	0857-01-20	正朔一	大中十一年	大中十年
1076-12C-22	0857-01-21	正朔一	大中十一年	大中十年
1076-12C-23	0857-01-22	正朔一	大中十一年	大中十年
1076-12C-24	0857-01-23	正朔一	大中十一年	大中十年
1076-12C-25	0857-01-24	正朔一	大中十一年	大中十年
1076-12C-26	0857-01-25	正朔一	大中十一年	大中十年
1076-12C-27	0857-01-26	正朔一	大中十一年	大中十年
1076-12C-28	0857-01-27	正朔一	大中十一年	大中十年
1076-12C-29	0857-01-28	正朔一	大中十一年	大中十年
1076-12C-30	0857-01-29	正朔一	大中十一年	大中十年
1077-12C-13	0858-01-01	正朔一	大中十二年	大中十一年
1077-12C-14	0858-01-02	正朔一	大中十二年	大中十一年
1077-12C-15	0858-01-03	正朔一	大中十二年	大中十一年
1077-12C-16	0858-01-04	正朔一	大中十二年	大中十一年
1077-12C-17	0858-01-05	正朔一	大中十二年	大中十一年
1077-12C-18	0858-01-06	正朔一	大中十二年	大中十一年
1077-12C-19	0858-01-07	正朔一	大中十二年	大中十一年
1077-12C-20	0858-01-08	正朔一	大中十二年	大中十一年
1077-12C-21	0858-01-09	正朔一	大中十二年	大中十一年
1077-12C-22	0858-01-10	正朔一	大中十二年	大中十一年
1077-12C-23	0858-01-11	正朔一	大中十二年	大中十一年
1077-12C-24	0858-01-12	正朔一	大中十二年	大中十一年
1077-12C-25	0858-01-13	正朔一	大中十二年	大中十一年
1077-12C-26	0858-01-14	正朔一	大中十二年	大中十一年
1077-12C-27	0858-01-15	正朔一	大中十二年	大中十一年
1077-12C-28	0858-01-16	正朔一	大中十二年	大中十一年
1077-12C-29	0858-01-17	正朔一	大中十二年	大中十一年
1077-12C-30	0858-01-18	正朔一	大中十二年	大中十一年
1078-11C-24	0859-01-01	正朔一	大中十三年	大中十二年
1078-11C-25	0859-01-02	正朔一	大中十三年	大中十二年
1078-11C-26	0859-01-03	正朔一	大中十三年	大中十二年
1078-11C-27	0859-01-04	正朔一	大中十三年	大中十二年
1078-11C-28	0859-01-05	正朔一	大中十三年	大中十二年
1078-11C-29	0859-01-06	正朔一	大中十三年	大中十二年
1078-11C-30	0859-01-07	正朔一	大中十三年	大中十二年
1078-12C-01	0859-01-08	正朔一	大中十三年	大中十二年
1078-12C-02	0859-01-09	正朔一	大中十三年	大中十二年
1078-12C-03	0859-01-10	正朔一	大中十三年	大中十二年
1078-12C-04	0859-01-11	正朔一	大中十三年	大中十二年
1078-12C-05	0859-01-12	正朔一	大中十三年	大中十二年
1078-12C-06	0859-01-13	正朔一	大中十三年	大中十二年
1078-12C-07	0859-01-14	正朔一	大中十三年	大中十二年
1078-12C-08	0859-01-15	正朔一	大中十三年	大中十二年
1078-12C-09	0859-01-16	正朔一	大中十三年	大中十二年
1078-12C-10	0859-01-17	正朔一	大中十三年	大中十二年
1078-12C-11	0859-01-18	正朔一	大中十三年	大中十二年
1078-12C-12	0859-01-19	正朔一	大中十三年	大中十二年
1078-12C-13	0859-01-20	正朔一	大中十三年	大中十二年
1078-12C-14	0859-01-21	正朔一	大中十三年	大中十二年
1078-12C-15	0859-01-22	正朔一	大中十三年	大中十二年
1078-12C-16	0859-01-23	正朔一	大中十三年	大中十二年
1078-12C-17	0859-01-24	正朔一	大中十三年	大中十二年
1078-12C-18	0859-01-25	正朔一	大中十三年	大中十二年
1078-12C-19	0859-01-26	正朔一	大中十三年	大中十二年
1078-12C-20	0859-01-27	正朔一	大中十三年	大中十二年
1078-12C-21	0859-01-28	正朔一	大中十三年	大中十二年
1078-12C-22	0859-01-29	正朔一	大中十三年	大中十二年
1078-12C-23	0859-01-30	正朔一	大中十三年	大中十二年
1078-12C-24	0859-01-31	正朔一	大中十三年	大中十二年
1078-12C-25	0859-02-01	正朔一	大中十三年	大中十二年
1078-12C-26	0859-02-02	正朔一	大中十三年	大中十二年
1078-12C-27	0859-02-03	正朔一	大中十三年	大中十二年
1078-12C-28	0859-02-04	正朔一	大中十三年	大中十二年
1078-12C-29	0859-02-05	正朔一	大中十三年	大中十二年
1078-12C-30	0859-02-06	正朔一	大中十三年	大中十二年
1079-12C-05	0860-01-01	正朔一	大中十四年	大中十三年
1079-12C-06	0860-01-02	正朔一	大中十四年	大中十三年
1079-12C-07	0860-01-03	正朔一	大中十四年	大中十三年
1079-12C-08	0860-01-04	正朔一	大中十四年	大中十三年
1079-12C-09	0860-01-05	正朔一	大中十四年	大中十三年
1079-12C-10	0860-01-06	正朔一	大中十四年	大中十三年
1079-12C-11	0860-01-07	正朔一	大中十四年	大中十三年
1079-12C-12	0860-01-08	正朔一	大中十四年	大中十三年
1079-12C-13	0860-01-09	正朔一	大中十四年	大中十三年
1079-12C-14	0860-01-10	正朔一	大中十四年	大中十三年
1079-12C-15	0860-01-11	正朔一	大中十四年	大中十三年
1079-12C-16	0860-01-12	正朔一	大中十四年	大中十三年
1079-12C-17	0860-01-13	正朔一	大中十四年	大中十三年
1079-12C-18	0860-01-14	正朔一	大中十四年	大中十三年
1079-12C-19	0860-01-15	正朔一	大中十四年	大中十三年
1079-12C-20	0860-01-16	正朔一	大中十四年	大中十三年
1079-12C-21	0860-01-17	正朔一	大中十四年	大中十三年
1079-12C-22	0860-01-18	正朔一	大中十四年	大中十三年
1079-12C-23	0860-01-19	正朔一	大中十四年	大中十三年
1079-12C-24	0860-01-20	正朔一	大中十四年	大中十三年
1079-12C-25	0860-01-21	正朔一	大中十四年	大中十三年
1079-12C-26	0860-01-22	正朔一	大中十四年	大中十三年
1079-12C-27	0860-01-23	正朔一	大中十四年	大中十三年
1079-12C-28	0860-01-24	正朔一	大中十四年	大中十三年
1079-12C-29	0860-01-25	正朔一	大中十四年	大中十三年
1079-12C-30	0860-01-26	正朔一	大中十四年	大中十三年
1080-11C-17	0861-01-01	正朔一	咸通二年	咸通元年
1080-11C-18	0861-01-02	正朔一	咸通二年	咸通元年
1080-11C-19	0861-01-03	正朔一	咸通二年	咸通元年
1080-11C-20	0861-01-04	正朔一	咸通二年	咸通元年
1080-11C-21	0861-01-05	正朔一	咸通二年	咸通元年
1080-11C-22	0861-01-06	正朔一	咸通二年	咸通元年
1080-11C-23	0861-01-07	正朔一	咸通二年	咸通元年
1080-11C-24	0861-01-08	正朔一	咸通二年	咸通元年
1080-11C-25	0861-01-09	正朔一	咸通二年	咸通元年
1080-11C-26	0861-01-10	正朔一	咸通二年	咸通元年
1080-11C-27	0861-01-11	正朔一	咸通二年	咸通元年
1080-11C-28	0861-01-12	正朔一	咸通二年	咸通元年
1080-11C-29	0861-01-13	正朔一	咸通二年	咸通元年
1080-11C-30	0861-01-14	正朔一	咸通二年	咸通元年
1080-12C-01	0861-01-15	正朔一	咸通二年	咸通元年
1080-12C-02	0861-01-16	正朔一	咸通二年	咸通元年
1080-12C-03	0861-01-17	正朔一	咸通二年	咸通元年
1080-12C-04	0861-01-18	正朔一	咸通二年	咸通元年
1080-12C-05	0861-01-19	正朔一	咸通二年	咸通元年
1080-12C-06	0861-01-20	正朔一	咸通二年	咸通元年
1080-12C-07	0861-01-21	正朔一	咸通二年	咸通元年
1080-12C-08	0861-01-22	正朔一	咸通二年	咸通元年
1080-12C-09	0861-01-23	正朔一	咸通二年	咸通元年
1080-12C-10	0861-01-24	正朔一	咸通二年	咸通元年
1080-12C-11	0861-01-25	正朔一	咸通二年	咸通元年
1080-12C-12	0861-01-26	正朔一	咸通二年	咸通元年
1080-12C-13	0861-01-27	正朔一	咸通二年	咸通元年
1080-12C-14	0861-01-28	正朔一	咸通二年	咸通元年
1080-12C-15	0861-01-29	正朔一	咸通二年	咸通元年
1080-12C-16	0861-01-30	正朔一	咸通二年	咸通元年
1080-12C-17	0861-01-31	正朔一	咸通二年	咸通元年
1080-12C-18	0861-02-01	正朔一	咸通二年	咸通元年
1080-12C-19	0861-02-02	正朔一	咸通二年	咸通元年
1080-12C-20	0861-02-03	正朔一	咸通二年	咸通元年
1080-12C-21	0861-02-04	正朔一	咸通二年	咸通元年
1080-12C-22	0861-02-05	正朔一	咸通二年	咸通元年
1080-12C-23	0861-02-06	正朔一	咸通二年	咸通元年
1080-12C-24	0861-02-07	正朔一	咸通二年	咸通元年
1080-12C-25	0861-02-08	正朔一	咸通二年	咸通元年
1080-12C-26	0861-02-09	正朔一	咸通二年	咸通元年
1080-12C-27	0861-02-10	正朔一	咸通二年	咸通元年
1080-12C-28	0861-02-11	正朔一	咸通二年	咸通元年
1080-12C-29	0861-02-12	正朔一	咸通二年	咸通元年
1080-12C-30	0861-02-13	正朔一	咸通二年	咸通元年
1081-11C-27	0862-01-01	正朔一	咸通三年	咸通二年
1081-11C-28	0862-01-02	正朔一	咸通三年	咸通二年
1081-11C-29	0862-01-03	正朔一	咸通三年	咸通二年
1081-12C-01	0862-01-04	正朔一	咸通三年	咸通二年
1081-12C-02	0862-01-05	正朔一	咸通三年	咸通二年
1081-12C-03	0862-01-06	正朔一	咸通三年	咸通二年
1081-12C-04	0862-01-07	正朔一	咸通三年	咸通二年
1081-12C-05	0862-01-08	正朔一	咸通三年	咸通二年
1081-12C-06	0862-01-09	正朔一	咸通三年	咸通二年
1081-12C-07	0862-01-10	正朔一	咸通三年	咸通二年
1081-12C-08	0862-01-11	正朔一	咸通三年	咸通二年
1081-12C-09	0862-01-12	正朔一	咸通三年	咸通二年
1081-12C-10	0862-01-13	正朔一	咸通三年	咸通二年
1081-12C-11	0862-01-14	正朔一	咸通三年	咸通二年
1081-12C-12	0862-01-15	正朔一	咸通三年	咸通二年
1081-12C-13	0862-01-16	正朔一	咸通三年	咸通二年
1081-12C-14	0862-01-17	正朔一	咸通三年	咸通二年
1081-12C-15	0862-01-18	正朔一	咸通三年	咸通二年
1081-12C-16	0862-01-19	正朔一	咸通三年	咸通二年
1081-12C-17	0862-01-20	正朔一	咸通三年	咸通二年
1081-12C-18	0862-01-21	正朔一	咸通三年	咸通二年
1081-12C-19	0862-01-22	正朔一	咸通三年	咸通二年
1081-12C-20	0862-01-23	正朔一	咸通三年	咸通二年
1081-12C-21	0862-01-24	正朔一	咸通三年	咸通二年
1081-12C-22	0862-01-25	正朔一	咸通三年	咸通二年
1081-12C-23	0862-01-26	正朔一	咸通三年	咸通二年
1081-12C-24	0862-01-27	正朔一	咸通三年	咸通二年
1081-12C-25	0862-01-28	正朔一	咸通三年	咸通二年
1081-12C-26	0862-01-29	正朔一	咸通三年	咸通二年
1081-12C-27	0862-01-30	正朔一	咸通三年	咸通二年
1081-12C-28	0862-01-31	正朔一	咸通三年	咸通二年
1081-12C-29	0862-02-01	正朔一	咸通三年	咸通二年
1081-12C-30	0862-02-02	正朔一	咸通三年	咸通二年
1082-12C-08	0863-01-01	正朔一	咸通四年	咸通三年
1082-12C-09	0863-01-02	正朔一	咸通四年	咸通三年
1082-12C-10	0863-01-03	正朔一	咸通四年	咸通三年
1082-12C-11	0863-01-04	正朔一	咸通四年	咸通三年
1082-12C-12	0863-01-05	正朔一	咸通四年	咸通三年
1082-12C-13	0863-01-06	正朔一	咸通四年	咸通三年
1082-12C-14	0863-01-07	正朔一	咸通四年	咸通三年
1082-12C-15	0863-01-08	正朔一	咸通四年	咸通三年
1082-12C-16	0863-01-09	正朔一	咸通四年	咸通三年
1082-12C-17	0863-01-10	正朔一	咸通四年	咸通三年
1082-12C-18	0863-01-11	正朔一	咸通四年	咸通三年
1082-12C-19	0863-01-12	正朔一	咸通四年	咸通三年
1082-12C-20	0863-01-13	正朔一	咸通四年	咸通三年
1082-12C-21	0863-01-14	正朔一	咸通四年	咸通三年
1082-12C-22	0863-01-15	正朔一	咸通四年	咸通三年
1082-12C-23	0863-01-16	正朔一	咸通四年	咸通三年
1082-12C-24	0863-01-17	正朔一	咸通四年	咸通三年
1082-12C-25	0863-01-18	正朔一	咸通四年	咸通三年
1082-12C-26	0863-01-19	正朔一	咸通四年	咸通三年
1082-12C-27	0863-01-20	正朔一	咸通四年	咸通三年
1082-12C-28	0863-01-21	正朔一	咸通四年	咸通三年
1082-12C-29	0863-01-22	正朔一	咸通四年	咸通三年
1083-11C-18	0864-01-01	正朔一	咸通五年	咸通四年
1083-11C-19	0864-01-02	正朔一	咸通五年	咸通四年
1083-11C-20	0864-01-03	正朔一	咸通五年	咸通四年
1083-11C-21	0864-01-04	正朔一	咸通五年	咸通四年
1083-11C-22	0864-01-05	正朔一	咸通五年	咸通四年
1083-11C-23	0864-01-06	正朔一	咸通五年	咸通四年
1083-11C-24	0864-01-07	正朔一	咸通五年	咸通四年
1083-11C-25	0864-01-08	正朔一	咸通五年	咸通四年
1083-11C-26	0864-01-09	正朔一	咸通五年	咸通四年
1083-11C-27	0864-01-10	正朔一	咸通五年	咸通四年
1083-11C-28	0864-01-11	正朔一	咸通五年	咸通四年
1083-11C-29	0864-01-12	正朔一	咸通五年	咸通四年
1083-12C-01	0864-01-13	正朔一	咸通五年	咸通四年
1083-12C-02	0864-01-14	正朔一	咸通五年	咸通四年
1083-12C-03	0864-01-15	正朔一	咸通五年	咸通四年
1083-12C-04	0864-01-16	正朔一	咸通五年	咸通四年
1083-12C-05	0864-01-17	正朔一	咸通五年	咸通四年
1083-12C-06	0864-01-18	正朔一	咸通五年	咸通四年
1083-12C-07	0864-01-19	正朔一	咸通五年	咸通四年
1083-12C-08	0864-01-20	正朔一	咸通五年	咸通四年
1083-12C-09	0864-01-21	正朔一	咸通五年	咸通四年
1083-12C-10	0864-01-22	正朔一	咸通五年	咸通四年
1083-12C-11	0864-01-23	正朔一	咸通五年	咸通四年
1083-12C-12	0864-01-24	正朔一	咸通五年	咸通四年
1083-12C-13	0864-01-25	正朔一	咸通五年	咸通四年
1083-12C-14	0864-01-26	正朔一	咸通五年	咸通四年
1083-12C-15	0864-01-27	正朔一	咸通五年	咸通四年
1083-12C-16	0864-01-28	正朔一	咸通五年	咸通四年
1083-12C-17	0864-01-29	正朔一	咸通五年	咸通四年
1083-12C-18	0864-01-30	正朔一	咸通五年	咸通四年
1083-12C-19	0864-01-31	正朔一	咸通五年	咸通四年
1083-12C-20	0864-02-01	正朔一	咸通五年	咸通四年
1083-12C-21	0864-02-02	正朔一	咸通五年	咸通四年
1083-12C-22	0864-02-03	正朔一	咸通五年	咸通四年
1083-12C-23	0864-02-04	正朔一	咸通五年	咸通四年
1083-12C-24	0864-02-05	正朔一	咸通五年	咸通四年
1083-12C-25	0864-02-06	正朔一	咸通五年	咸通四年
1083-12C-26	0864-02-07	正朔一	咸通五年	咸通四年
1083-12C-27	0864-02-08	正朔一	咸通五年	咸通四年
1083-12C-28	0864-02-09	正朔一	咸通五年	咸通四年
1083-12C-29	0864-02-10	正朔一	咸通五年	咸通四年
1084-11C-30	0865-01-01	正朔一	咸通六年	咸通五年
1084-12C-01	0865-01-02	正朔一	咸通六年	咸通五年
1084-12C-02	0865-01-03	正朔一	咸通六年	咸通五年
1084-12C-03	0865-01-04	正朔一	咸通六年	咸通五年
1084-12C-04	0865-01-05	正朔一	咸通六年	咸通五年
1084-12C-05	0865-01-06	正朔一	咸通六年	咸通五年
1084-12C-06	0865-01-07	正朔一	咸通六年	咸通五年
1084-12C-07	0865-01-08	正朔一	咸通六年	咸通五年
1084-12C-08	0865-01-09	正朔一	咸通六年	咸通五年
1084-12C-09	0865-01-10	正朔一	咸通六年	咸通五年
1084-12C-10	0865-01-11	正朔一	咸通六年	咸通五年
1084-12C-11	0865-01-12	正朔一	咸通六年	咸通五年
1084-12C-12	0865-01-13	正朔一	咸通六年	咸通五年
1084-12C-13	0865-01-14	正朔一	咸通六年	咸通五年
1084-12C-14	0865-01-15	正朔一	咸通六年	咸通五年
1084-12C-15	0865-01-16	正朔一	咸通六年	咸通五年
1084-12C-16	0865-01-17	正朔一	咸通六年	咸通五年
1084-12C-17	0865-01-18	正朔一	咸通六年	咸通五年
1084-12C-18	0865-01-19	正朔一	咸通六年	咸通五年
1084-12C-19	0865-01-20	正朔一	咸通六年	咸通五年
1084-12C-20	0865-01-21	正朔一	咸通六年	咸通五年
1084-12C-21	0865-01-22	正朔一	咸通六年	咸通五年
1084-12C-22	0865-01-23	正朔一	咸通六年	咸通五年
1084-12C-23	0865-01-24	正朔一	咸通六年	咸通五年
1084-12C-24	0865-01-25	正朔一	咸通六年	咸通五年
1084-12C-25	0865-01-26	正朔一	咸通六年	咸通五年
1084-12C-26	0865-01-27	正朔一	咸通六年	咸通五年
1084-12C-27	0865-01-28	正朔一	咸通六年	咸通五年
1084-12C-28	0865-01-29	正朔一	咸通六年	咸通五年
1084-12C-29	0865-01-30	正朔一	咸通六年	咸通五年
1085-12C-11	0866-01-01	正朔一	咸通七年	咸通六年
1085-12C-12	0866-01-02	正朔一	咸通七年	咸通六年
1085-12C-13	0866-01-03	正朔一	咸通七年	咸通六年
1085-12C-14	0866-01-04	正朔一	咸通七年	咸通六年
1085-12C-15	0866-01-05	正朔一	咸通七年	咸通六年
1085-12C-16	0866-01-06	正朔一	咸通七年	咸通六年
1085-12C-17	0866-01-07	正朔一	咸通七年	咸通六年
1085-12C-18	0866-01-08	正朔一	咸通七年	咸通六年
1085-12C-19	0866-01-09	正朔一	咸通七年	咸通六年
1085-12C-20	0866-01-10	正朔一	咸通七年	咸通六年
1085-12C-21	0866-01-11	正朔一	咸通七年	咸通六年
1085-12C-22	0866-01-12	正朔一	咸通七年	咸通六年
1085-12C-23	0866-01-13	正朔一	咸通七年	咸通六年
1085-12C-24	0866-01-14	正朔一	咸通七年	咸通六年
1085-12C-25	0866-01-15	正朔一	咸通七年	咸通六年
1085-12C-26	0866-01-16	正朔一	咸通七年	咸通六年
1085-12C-27	0866-01-17	正朔一	咸通七年	咸通六年
1085-12C-28	0866-01-18	正朔一	咸通七年	咸通六年
1085-12C-29	0866-01-19	正朔一	咸通七年	咸通六年
1085-12C-30	0866-01-20	正朔一	咸通七年	咸通六年
1086-11C-22	0867-01-01	正朔一	咸通八年	咸通七年
1086-11C-23	0867-01-02	正朔一	咸通八年	咸通七年
1086-11C-24	0867-01-03	正朔一	咸通八年	咸通七年
1086-11C-25	0867-01-04	正朔一	咸通八年	咸通七年
1086-11C-26	0867-01-05	正朔一	咸通八年	咸通七年
1086-11C-27	0867-01-06	正朔一	咸通八年	咸通七年
1086-11C-28	0867-01-07	正朔一	咸通八年	咸通七年
1086-11C-29	0867-01-08	正朔一	咸通八年	咸通七年
1086-11C-30	0867-01-09	正朔一	咸通八年	咸通七年
1086-12C-01	0867-01-10	正朔一	咸通八年	咸通七年
1086-12C-02	0867-01-11	正朔一	咸通八年	咸通七年
1086-12C-03	0867-01-12	正朔一	咸通八年	咸通七年
1086-12C-04	0867-01-13	正朔一	咸通八年	咸通七年
1086-12C-05	0867-01-14	正朔一	咸通八年	咸通七年
1086-12C-06	0867-01-15	正朔一	咸通八年	咸通七年
1086-12C-07	0867-01-16	正朔一	咸通八年	咸通七年
1086-12C-08	0867-01-17	正朔一	咸通八年	咸通七年
1086-12C-09	0867-01-18	正朔一	咸通八年	咸通七年
1086-12C-10	0867-01-19	正朔一	咸通八年	咸通七年
1086-12C-11	0867-01-20	正朔一	咸通八年	咸通七年
1086-12C-12	0867-01-21	正朔一	咸通八年	咸通七年
1086-12C-13	0867-01-22	正朔一	咸通八年	咸通七年
1086-12C-14	0867-01-23	正朔一	咸通八年	咸通七年
1086-12C-15	0867-01-24	正朔一	咸通八年	咸通七年
1086-12C-16	0867-01-25	正朔一	咸通八年	咸通七年
1086-12C-17	0867-01-26	正朔一	咸通八年	咸通七年
1086-12C-18	0867-01-27	正朔一	咸通八年	咸通七年
1086-12C-19	0867-01-28	正朔一	咸通八年	咸通七年
1086-12C-20	0867-01-29	正朔一	咸通八年	咸通七年
1086-12C-21	0867-01-30	正朔一	咸通八年	咸通七年
1086-12C-22	0867-01-31	正朔一	咸通八年	咸通七年
1086-12C-23	0867-02-01	正朔一	咸通八年	咸通七年
1086-12C-24	0867-02-02	正朔一	咸通八年	咸通七年
1086-12C-25	0867-02-03	正朔一	咸通八年	咸通七年
1086-12C-26	0867-02-04	正朔一	咸通八年	咸通七年
1086-12C-27	0867-02-05	正朔一	咸通八年	咸通七年
1086-12C-28	0867-02-06	正朔一	咸通八年	咸通七年
1086-12C-29	0867-02-07	正朔一	咸通八年	咸通七年
1086-12C-30	0867-02-08	正朔一	咸通八年	咸通七年
1087-12C-03	0868-01-01	正朔一	咸通九年	咸通八年
1087-12C-04	0868-01-02	正朔一	咸通九年	咸通八年
1087-12C-05	0868-01-03	正朔一	咸通九年	咸通八年
1087-12C-06	0868-01-04	正朔一	咸通九年	咸通八年
1087-12C-07	0868-01-05	正朔一	咸通九年	咸通八年
1087-12C-08	0868-01-06	正朔一	咸通九年	咸通八年
1087-12C-09	0868-01-07	正朔一	咸通九年	咸通八年
1087-12C-10	0868-01-08	正朔一	咸通九年	咸通八年
1087-12C-11	0868-01-09	正朔一	咸通九年	咸通八年
1087-12C-12	0868-01-10	正朔一	咸通九年	咸通八年
1087-12C-13	0868-01-11	正朔一	咸通九年	咸通八年
1087-12C-14	0868-01-12	正朔一	咸通九年	咸通八年
1087-12C-15	0868-01-13	正朔一	咸通九年	咸通八年
1087-12C-16	0868-01-14	正朔一	咸通九年	咸通八年
1087-12C-17	0868-01-15	正朔一	咸通九年	咸通八年
1087-12C-18	0868-01-16	正朔一	咸通九年	咸通八年
1087-12C-19	0868-01-17	正朔一	咸通九年	咸通八年
1087-12C-20	0868-01-18	正朔一	咸通九年	咸通八年
1087-12C-21	0868-01-19	正朔一	咸通九年	咸通八年
1087-12C-22	0868-01-20	正朔一	咸通九年	咸通八年
1087-12C-23	0868-01-21	正朔一	咸通九年	咸通八年
1087-12C-24	0868-01-22	正朔一	咸通九年	咸通八年
1087-12C-25	0868-01-23	正朔一	咸通九年	咸通八年
1087-12C-26	0868-01-24	正朔一	咸通九年	咸通八年
1087-12C-27	0868-01-25	正朔一	咸通九年	咸通八年
1087-12C-28	0868-01-26	正朔一	咸通九年	咸通八年
1087-12C-29	0868-01-27	正朔一	咸通九年	咸通八年
1087-12C-30	0868-01-28	正朔一	咸通九年	咸通八年
1088-12C-15	0869-01-01	正朔一	咸通十年	咸通九年
1088-12C-16	0869-01-02	正朔一	咸通十年	咸通九年
1088-12C-17	0869-01-03	正朔一	咸通十年	咸通九年
1088-12C-18	0869-01-04	正朔一	咸通十年	咸通九年
1088-12C-19	0869-01-05	正朔一	咸通十年	咸通九年
1088-12C-20	0869-01-06	正朔一	咸通十年	咸通九年
1088-12C-21	0869-01-07	正朔一	咸通十年	咸通九年
1088-12C-22	0869-01-08	正朔一	咸通十年	咸通九年
1088-12C-23	0869-01-09	正朔一	咸通十年	咸通九年
1088-12C-24	0869-01-10	正朔一	咸通十年	咸通九年
1088-12C-25	0869-01-11	正朔一	咸通十年	咸通九年
1088-12C-26	0869-01-12	正朔一	咸通十年	咸通九年
1088-12C-27	0869-01-13	正朔一	咸通十年	咸通九年
1088-12C-28	0869-01-14	正朔一	咸通十年	咸通九年
1088-12C-29	0869-01-15	正朔一	咸通十年	咸通九年
1088-12C-30	0869-01-16	正朔一	咸通十年	咸通九年
1088-12L-01	0869-01-17	正朔一	咸通十年	咸通九年
1088-12L-02	0869-01-18	正朔一	咸通十年	咸通九年
1088-12L-03	0869-01-19	正朔一	咸通十年	咸通九年
1088-12L-04	0869-01-20	正朔一	咸通十年	咸通九年
1088-12L-05	0869-01-21	正朔一	咸通十年	咸通九年
1088-12L-06	0869-01-22	正朔一	咸通十年	咸通九年
1088-12L-07	0869-01-23	正朔一	咸通十年	咸通九年
1088-12L-08	0869-01-24	正朔一	咸通十年	咸通九年
1088-12L-09	0869-01-25	正朔一	咸通十年	咸通九年
1088-12L-10	0869-01-26	正朔一	咸通十年	咸通九年
1088-12L-11	0869-01-27	正朔一	咸通十年	咸通九年
1088-12L-12	0869-01-28	正朔一	咸通十年	咸通九年
1088-12L-13	0869-01-29	正朔一	咸通十年	咸通九年
1088-12L-14	0869-01-30	正朔一	咸通十年	咸通九年
1088-12L-15	0869-01-31	正朔一	咸通十年	咸通九年
1088-12L-16	0869-02-01	正朔一	咸通十年	咸通九年
1088-12L-17	0869-02-02	正朔一	咸通十年	咸通九年
1088-12L-18	0869-02-03	正朔一	咸通十年	咸通九年
1088-12L-19	0869-02-04	正朔一	咸通十年	咸通九年
1088-12L-20	0869-02-05	正朔一	咸通十年	咸通九年
1088-12L-21	0869-02-06	正朔一	咸通十年	咸通九年
1088-12L-22	0869-02-07	正朔一	咸通十年	咸通九年
1088-12L-23	0869-02-08	正朔一	咸通十年	咸通九年
1088-12L-24	0869-02-09	正朔一	咸通十年	咸通九年
1088-12L-25	0869-02-10	正朔一	咸通十年	咸通九年
1088-12L-26	0869-02-11	正朔一	咸通十年	咸通九年
1088-12L-27	0869-02-12	正朔一	咸通十年	咸通九年
1088-12L-28	0869-02-13	正朔一	咸通十年	咸通九年
1088-12L-29	0869-02-14	正朔一	咸通十年	咸通九年
1089-11C-26	0870-01-01	正朔一	咸通十一年	咸通十年
1089-11C-27	0870-01-02	正朔一	咸通十一年	咸通十年
1089-11C-28	0870-01-03	正朔一	咸通十一年	咸通十年
1089-11C-29	0870-01-04	正朔一	咸通十一年	咸通十年
1089-11C-30	0870-01-05	正朔一	咸通十一年	咸通十年
1089-12C-01	0870-01-06	正朔一	咸通十一年	咸通十年
1089-12C-02	0870-01-07	正朔一	咸通十一年	咸通十年
1089-12C-03	0870-01-08	正朔一	咸通十一年	咸通十年
1089-12C-04	0870-01-09	正朔一	咸通十一年	咸通十年
1089-12C-05	0870-01-10	正朔一	咸通十一年	咸通十年
1089-12C-06	0870-01-11	正朔一	咸通十一年	咸通十年
1089-12C-07	0870-01-12	正朔一	咸通十一年	咸通十年
1089-12C-08	0870-01-13	正朔一	咸通十一年	咸通十年
1089-12C-09	0870-01-14	正朔一	咸通十一年	咸通十年
1089-12C-10	0870-01-15	正朔一	咸通十一年	咸通十年
1089-12C-11	0870-01-16	正朔一	咸通十一年	咸通十年
1089-12C-12	0870-01-17	正朔一	咸通十一年	咸通十年
1089-12C-13	0870-01-18	正朔一	咸通十一年	咸通十年
1089-12C-14	0870-01-19	正朔一	咸通十一年	咸通十年
1089-12C-15	0870-01-20	正朔一	咸通十一年	咸通十年
1089-12C-16	0870-01-21	正朔一	咸通十一年	咸通十年
1089-12C-17	0870-01-22	正朔一	咸通十一年	咸通十年
1089-12C-18	0870-01-23	正朔一	咸通十一年	咸通十年
1089-12C-19	0870-01-24	正朔一	咸通十一年	咸通十年
1089-12C-20	0870-01-25	正朔一	咸通十一年	咸通十年
1089-12C-21	0870-01-26	正朔一	咸通十一年	咸通十年
1089-12C-22	0870-01-27	正朔一	咸通十一年	咸通十年
1089-12C-23	0870-01-28	正朔一	咸通十一年	咸通十年
1089-12C-24	0870-01-29	正朔一	咸通十一年	咸通十年
1089-12C-25	0870-01-30	正朔一	咸通十一年	咸通十年
1089-12C-26	0870-01-31	正朔一	咸通十一年	咸通十年
1089-12C-27	0870-02-01	正朔一	咸通十一年	咸通十年
1089-12C-28	0870-02-02	正朔一	咸通十一年	咸通十年
1089-12C-29	0870-02-03	正朔一	咸通十一年	咸通十年
1089-12C-30	0870-02-04	正朔一	咸通十一年	咸通十年
1090-12C-07	0871-01-01	正朔一	咸通十二年	咸通十一年
1090-12C-08	0871-01-02	正朔一	咸通十二年	咸通十一年
1090-12C-09	0871-01-03	正朔一	咸通十二年	咸通十一年
1090-12C-10	0871-01-04	正朔一	咸通十二年	咸通十一年
1090-12C-11	0871-01-05	正朔一	咸通十二年	咸通十一年
1090-12C-12	0871-01-06	正朔一	咸通十二年	咸通十一年
1090-12C-13	0871-01-07	正朔一	咸通十二年	咸通十一年
1090-12C-14	0871-01-08	正朔一	咸通十二年	咸通十一年
1090-12C-15	0871-01-09	正朔一	咸通十二年	咸通十一年
1090-12C-16	0871-01-10	正朔一	咸通十二年	咸通十一年
1090-12C-17	0871-01-11	正朔一	咸通十二年	咸通十一年
1090-12C-18	0871-01-12	正朔一	咸通十二年	咸通十一年
1090-12C-19	0871-01-13	正朔一	咸通十二年	咸通十一年
1090-12C-20	0871-01-14	正朔一	咸通十二年	咸通十一年
1090-12C-21	0871-01-15	正朔一	咸通十二年	咸通十一年
1090-12C-22	0871-01-16	正朔一	咸通十二年	咸通十一年
1090-12C-23	0871-01-17	正朔一	咸通十二年	咸通十一年
1090-12C-24	0871-01-18	正朔一	咸通十二年	咸通十一年
1090-12C-25	0871-01-19	正朔一	咸通十二年	咸通十一年
1090-12C-26	0871-01-20	正朔一	咸通十二年	咸通十一年
1090-12C-27	0871-01-21	正朔一	咸通十二年	咸通十一年
1090-12C-28	0871-01-22	正朔一	咸通十二年	咸通十一年
1090-12C-29	0871-01-23	正朔一	咸通十二年	咸通十一年
1090-12C-30	0871-01-24	正朔一	咸通十二年	咸通十一年
1091-11C-17	0872-01-01	正朔一	咸通十三年	咸通十二年
1091-11C-18	0872-01-02	正朔一	咸通十三年	咸通十二年
1091-11C-19	0872-01-03	正朔一	咸通十三年	咸通十二年
1091-11C-20	0872-01-04	正朔一	咸通十三年	咸通十二年
1091-11C-21	0872-01-05	正朔一	咸通十三年	咸通十二年
1091-11C-22	0872-01-06	正朔一	咸通十三年	咸通十二年
1091-11C-23	0872-01-07	正朔一	咸通十三年	咸通十二年
1091-11C-24	0872-01-08	正朔一	咸通十三年	咸通十二年
1091-11C-25	0872-01-09	正朔一	咸通十三年	咸通十二年
1091-11C-26	0872-01-10	正朔一	咸通十三年	咸通十二年
1091-11C-27	0872-01-11	正朔一	咸通十三年	咸通十二年
1091-11C-28	0872-01-12	正朔一	咸通十三年	咸通十二年
1091-11C-29	0872-01-13	正朔一	咸通十三年	咸通十二年
1091-12C-01	0872-01-14	正朔一	咸通十三年	咸通十二年
1091-12C-02	0872-01-15	正朔一	咸通十三年	咸通十二年
1091-12C-03	0872-01-16	正朔一	咸通十三年	咸通十二年
1091-12C-04	0872-01-17	正朔一	咸通十三年	咸通十二年
1091-12C-05	0872-01-18	正朔一	咸通十三年	咸通十二年
1091-12C-06	0872-01-19	正朔一	咸通十三年	咸通十二年
1091-12C-07	0872-01-20	正朔一	咸通十三年	咸通十二年
1091-12C-08	0872-01-21	正朔一	咸通十三年	咸通十二年
1091-12C-09	0872-01-22	正朔一	咸通十三年	咸通十二年
1091-12C-10	0872-01-23	正朔一	咸通十三年	咸通十二年
1091-12C-11	0872-01-24	正朔一	咸通十三年	咸通十二年
1091-12C-12	0872-01-25	正朔一	咸通十三年	咸通十二年
1091-12C-13	0872-01-26	正朔一	咸通十三年	咸通十二年
1091-12C-14	0872-01-27	正朔一	咸通十三年	咸通十二年
1091-12C-15	0872-01-28	正朔一	咸通十三年	咸通十二年
1091-12C-16	0872-01-29	正朔一	咸通十三年	咸通十二年
1091-12C-17	0872-01-30	正朔一	咸通十三年	咸通十二年
1091-12C-18	0872-01-31	正朔一	咸通十三年	咸通十二年
1091-12C-19	0872-02-01	正朔一	咸通十三年	咸通十二年
1091-12C-20	0872-02-02	正朔一	咸通十三年	咸通十二年
1091-12C-21	0872-02-03	正朔一	咸通十三年	咸通十二年
1091-12C-22	0872-02-04	正朔一	咸通十三年	咸通十二年
1091-12C-23	0872-02-05	正朔一	咸通十三年	咸通十二年
1091-12C-24	0872-02-06	正朔一	咸通十三年	咸通十二年
1091-12C-25	0872-02-07	正朔一	咸通十三年	咸通十二年
1091-12C-26	0872-02-08	正朔一	咸通十三年	咸通十二年
1091-12C-27	0872-02-09	正朔一	咸通十三年	咸通十二年
1091-12C-28	0872-02-10	正朔一	咸通十三年	咸通十二年
1091-12C-29	0872-02-11	正朔一	咸通十三年	咸通十二年
1091-12C-30	0872-02-12	正朔一	咸通十三年	咸通十二年
1092-11C-29	0873-01-01	正朔一	咸通十四年	咸通十三年
1092-11C-30	0873-01-02	正朔一	咸通十四年	咸通十三年
1092-12C-01	0873-01-03	正朔一	咸通十四年	咸通十三年
1092-12C-02	0873-01-04	正朔一	咸通十四年	咸通十三年
1092-12C-03	0873-01-05	正朔一	咸通十四年	咸通十三年
1092-12C-04	0873-01-06	正朔一	咸通十四年	咸通十三年
1092-12C-05	0873-01-07	正朔一	咸通十四年	咸通十三年
1092-12C-06	0873-01-08	正朔一	咸通十四年	咸通十三年
1092-12C-07	0873-01-09	正朔一	咸通十四年	咸通十三年
1092-12C-08	0873-01-10	正朔一	咸通十四年	咸通十三年
1092-12C-09	0873-01-11	正朔一	咸通十四年	咸通十三年
1092-12C-10	0873-01-12	正朔一	咸通十四年	咸通十三年
1092-12C-11	0873-01-13	正朔一	咸通十四年	咸通十三年
1092-12C-12	0873-01-14	正朔一	咸通十四年	咸通十三年
1092-12C-13	0873-01-15	正朔一	咸通十四年	咸通十三年
1092-12C-14	0873-01-16	正朔一	咸通十四年	咸通十三年
1092-12C-15	0873-01-17	正朔一	咸通十四年	咸通十三年
1092-12C-16	0873-01-18	正朔一	咸通十四年	咸通十三年
1092-12C-17	0873-01-19	正朔一	咸通十四年	咸通十三年
1092-12C-18	0873-01-20	正朔一	咸通十四年	咸通十三年
1092-12C-19	0873-01-21	正朔一	咸通十四年	咸通十三年
1092-12C-20	0873-01-22	正朔一	咸通十四年	咸通十三年
1092-12C-21	0873-01-23	正朔一	咸通十四年	咸通十三年
1092-12C-22	0873-01-24	正朔一	咸通十四年	咸通十三年
1092-12C-23	0873-01-25	正朔一	咸通十四年	咸通十三年
1092-12C-24	0873-01-26	正朔一	咸通十四年	咸通十三年
1092-12C-25	0873-01-27	正朔一	咸通十四年	咸通十三年
1092-12C-26	0873-01-28	正朔一	咸通十四年	咸通十三年
1092-12C-27	0873-01-29	正朔一	咸通十四年	咸通十三年
1092-12C-28	0873-01-30	正朔一	咸通十四年	咸通十三年
1092-12C-29	0873-01-31	正朔一	咸通十四年	咸通十三年
1093-12C-09	0874-01-01	正朔一	咸通十五年	咸通十四年
1093-12C-10	0874-01-02	正朔一	咸通十五年	咸通十四年
1093-12C-11	0874-01-03	正朔一	咸通十五年	咸通十四年
1093-12C-12	0874-01-04	正朔一	咸通十五年	咸通十四年
1093-12C-13	0874-01-05	正朔一	咸通十五年	咸通十四年
1093-12C-14	0874-01-06	正朔一	咸通十五年	咸通十四年
1093-12C-15	0874-01-07	正朔一	咸通十五年	咸通十四年
1093-12C-16	0874-01-08	正朔一	咸通十五年	咸通十四年
1093-12C-17	0874-01-09	正朔一	咸通十五年	咸通十四年
1093-12C-18	0874-01-10	正朔一	咸通十五年	咸通十四年
1093-12C-19	0874-01-11	正朔一	咸通十五年	咸通十四年
1093-12C-20	0874-01-12	正朔一	咸通十五年	咸通十四年
1093-12C-21	0874-01-13	正朔一	咸通十五年	咸通十四年
1093-12C-22	0874-01-14	正朔一	咸通十五年	咸通十四年
1093-12C-23	0874-01-15	正朔一	咸通十五年	咸通十四年
1093-12C-24	0874-01-16	正朔一	咸通十五年	咸通十四年
1093-12C-25	0874-01-17	正朔一	咸通十五年	咸通十四年
1093-12C-26	0874-01-18	正朔一	咸通十五年	咸通十四年
1093-12C-27	0874-01-19	正朔一	咸通十五年	咸通十四年
1093-12C-28	0874-01-20	正朔一	咸通十五年	咸通十四年
1093-12C-29	0874-01-21	正朔一	咸通十五年	咸通十四年
1094-11C-20	0875-01-01	正朔一	乾符二年	乾符元年
1094-11C-21	0875-01-02	正朔一	乾符二年	乾符元年
1094-11C-22	0875-01-03	正朔一	乾符二年	乾符元年
1094-11C-23	0875-01-04	正朔一	乾符二年	乾符元年
1094-11C-24	0875-01-05	正朔一	乾符二年	乾符元年
1094-11C-25	0875-01-06	正朔一	乾符二年	乾符元年
1094-11C-26	0875-01-07	正朔一	乾符二年	乾符元年
1094-11C-27	0875-01-08	正朔一	乾符二年	乾符元年
1094-11C-28	0875-01-09	正朔一	乾符二年	乾符元年
1094-11C-29	0875-01-10	正朔一	乾符二年	乾符元年
1094-12C-01	0875-01-11	正朔一	乾符二年	乾符元年
1094-12C-02	0875-01-12	正朔一	乾符二年	乾符元年
1094-12C-03	0875-01-13	正朔一	乾符二年	乾符元年
1094-12C-04	0875-01-14	正朔一	乾符二年	乾符元年
1094-12C-05	0875-01-15	正朔一	乾符二年	乾符元年
1094-12C-06	0875-01-16	正朔一	乾符二年	乾符元年
1094-12C-07	0875-01-17	正朔一	乾符二年	乾符元年
1094-12C-08	0875-01-18	正朔一	乾符二年	乾符元年
1094-12C-09	0875-01-19	正朔一	乾符二年	乾符元年
1094-12C-10	0875-01-20	正朔一	乾符二年	乾符元年
1094-12C-11	0875-01-21	正朔一	乾符二年	乾符元年
1094-12C-12	0875-01-22	正朔一	乾符二年	乾符元年
1094-12C-13	0875-01-23	正朔一	乾符二年	乾符元年
1094-12C-14	0875-01-24	正朔一	乾符二年	乾符元年
1094-12C-15	0875-01-25	正朔一	乾符二年	乾符元年
1094-12C-16	0875-01-26	正朔一	乾符二年	乾符元年
1094-12C-17	0875-01-27	正朔一	乾符二年	乾符元年
1094-12C-18	0875-01-28	正朔一	乾符二年	乾符元年
1094-12C-19	0875-01-29	正朔一	乾符二年	乾符元年
1094-12C-20	0875-01-30	正朔一	乾符二年	乾符元年
1094-12C-21	0875-01-31	正朔一	乾符二年	乾符元年
1094-12C-22	0875-02-01	正朔一	乾符二年	乾符元年
1094-12C-23	0875-02-02	正朔一	乾符二年	乾符元年
1094-12C-24	0875-02-03	正朔一	乾符二年	乾符元年
1094-12C-25	0875-02-04	正朔一	乾符二年	乾符元年
1094-12C-26	0875-02-05	正朔一	乾符二年	乾符元年
1094-12C-27	0875-02-06	正朔一	乾符二年	乾符元年
1094-12C-28	0875-02-07	正朔一	乾符二年	乾符元年
1094-12C-29	0875-02-08	正朔一	乾符二年	乾符元年
1094-12C-30	0875-02-09	正朔一	乾符二年	乾符元年
1095-12C-01	0876-01-01	正朔一	乾符三年	乾符二年
1095-12C-02	0876-01-02	正朔一	乾符三年	乾符二年
1095-12C-03	0876-01-03	正朔一	乾符三年	乾符二年
1095-12C-04	0876-01-04	正朔一	乾符三年	乾符二年
1095-12C-05	0876-01-05	正朔一	乾符三年	乾符二年
1095-12C-06	0876-01-06	正朔一	乾符三年	乾符二年
1095-12C-07	0876-01-07	正朔一	乾符三年	乾符二年
1095-12C-08	0876-01-08	正朔一	乾符三年	乾符二年
1095-12C-09	0876-01-09	正朔一	乾符三年	乾符二年
1095-12C-10	0876-01-10	正朔一	乾符三年	乾符二年
1095-12C-11	0876-01-11	正朔一	乾符三年	乾符二年
1095-12C-12	0876-01-12	正朔一	乾符三年	乾符二年
1095-12C-13	0876-01-13	正朔一	乾符三年	乾符二年
1095-12C-14	0876-01-14	正朔一	乾符三年	乾符二年
1095-12C-15	0876-01-15	正朔一	乾符三年	乾符二年
1095-12C-16	0876-01-16	正朔一	乾符三年	乾符二年
1095-12C-17	0876-01-17	正朔一	乾符三年	乾符二年
1095-12C-18	0876-01-18	正朔一	乾符三年	乾符二年
1095-12C-19	0876-01-19	正朔一	乾符三年	乾符二年
1095-12C-20	0876-01-20	正朔一	乾符三年	乾符二年
1095-12C-21	0876-01-21	正朔一	乾符三年	乾符二年
1095-12C-22	0876-01-22	正朔一	乾符三年	乾符二年
1095-12C-23	0876-01-23	正朔一	乾符三年	乾符二年
1095-12C-24	0876-01-24	正朔一	乾符三年	乾符二年
1095-12C-25	0876-01-25	正朔一	乾符三年	乾符二年
1095-12C-26	0876-01-26	正朔一	乾符三年	乾符二年
1095-12C-27	0876-01-27	正朔一	乾符三年	乾符二年
1095-12C-28	0876-01-28	正朔一	乾符三年	乾符二年
1095-12C-29	0876-01-29	正朔一	乾符三年	乾符二年
1096-12C-13	0877-01-01	正朔一	乾符四年	乾符三年
1096-12C-14	0877-01-02	正朔一	乾符四年	乾符三年
1096-12C-15	0877-01-03	正朔一	乾符四年	乾符三年
1096-12C-16	0877-01-04	正朔一	乾符四年	乾符三年
1096-12C-17	0877-01-05	正朔一	乾符四年	乾符三年
1096-12C-18	0877-01-06	正朔一	乾符四年	乾符三年
1096-12C-19	0877-01-07	正朔一	乾符四年	乾符三年
1096-12C-20	0877-01-08	正朔一	乾符四年	乾符三年
1096-12C-21	0877-01-09	正朔一	乾符四年	乾符三年
1096-12C-22	0877-01-10	正朔一	乾符四年	乾符三年
1096-12C-23	0877-01-11	正朔一	乾符四年	乾符三年
1096-12C-24	0877-01-12	正朔一	乾符四年	乾符三年
1096-12C-25	0877-01-13	正朔一	乾符四年	乾符三年
1096-12C-26	0877-01-14	正朔一	乾符四年	乾符三年
1096-12C-27	0877-01-15	正朔一	乾符四年	乾符三年
1096-12C-28	0877-01-16	正朔一	乾符四年	乾符三年
1096-12C-29	0877-01-17	正朔一	乾符四年	乾符三年
1097-11C-24	0878-01-01	正朔一	乾符五年	乾符四年
1097-11C-25	0878-01-02	正朔一	乾符五年	乾符四年
1097-11C-26	0878-01-03	正朔一	乾符五年	乾符四年
1097-11C-27	0878-01-04	正朔一	乾符五年	乾符四年
1097-11C-28	0878-01-05	正朔一	乾符五年	乾符四年
1097-11C-29	0878-01-06	正朔一	乾符五年	乾符四年
1097-12C-01	0878-01-07	正朔一	乾符五年	乾符四年
1097-12C-02	0878-01-08	正朔一	乾符五年	乾符四年
1097-12C-03	0878-01-09	正朔一	乾符五年	乾符四年
1097-12C-04	0878-01-10	正朔一	乾符五年	乾符四年
1097-12C-05	0878-01-11	正朔一	乾符五年	乾符四年
1097-12C-06	0878-01-12	正朔一	乾符五年	乾符四年
1097-12C-07	0878-01-13	正朔一	乾符五年	乾符四年
1097-12C-08	0878-01-14	正朔一	乾符五年	乾符四年
1097-12C-09	0878-01-15	正朔一	乾符五年	乾符四年
1097-12C-10	0878-01-16	正朔一	乾符五年	乾符四年
1097-12C-11	0878-01-17	正朔一	乾符五年	乾符四年
1097-12C-12	0878-01-18	正朔一	乾符五年	乾符四年
1097-12C-13	0878-01-19	正朔一	乾符五年	乾符四年
1097-12C-14	0878-01-20	正朔一	乾符五年	乾符四年
1097-12C-15	0878-01-21	正朔一	乾符五年	乾符四年
1097-12C-16	0878-01-22	正朔一	乾符五年	乾符四年
1097-12C-17	0878-01-23	正朔一	乾符五年	乾符四年
1097-12C-18	0878-01-24	正朔一	乾符五年	乾符四年
1097-12C-19	0878-01-25	正朔一	乾符五年	乾符四年
1097-12C-20	0878-01-26	正朔一	乾符五年	乾符四年
1097-12C-21	0878-01-27	正朔一	乾符五年	乾符四年
1097-12C-22	0878-01-28	正朔一	乾符五年	乾符四年
1097-12C-23	0878-01-29	正朔一	乾符五年	乾符四年
1097-12C-24	0878-01-30	正朔一	乾符五年	乾符四年
1097-12C-25	0878-01-31	正朔一	乾符五年	乾符四年
1097-12C-26	0878-02-01	正朔一	乾符五年	乾符四年
1097-12C-27	0878-02-02	正朔一	乾符五年	乾符四年
1097-12C-28	0878-02-03	正朔一	乾符五年	乾符四年
1097-12C-29	0878-02-04	正朔一	乾符五年	乾符四年
1097-12C-30	0878-02-05	正朔一	乾符五年	乾符四年
1098-12C-05	0879-01-01	正朔一	乾符六年	乾符五年
1098-12C-06	0879-01-02	正朔一	乾符六年	乾符五年
1098-12C-07	0879-01-03	正朔一	乾符六年	乾符五年
1098-12C-08	0879-01-04	正朔一	乾符六年	乾符五年
1098-12C-09	0879-01-05	正朔一	乾符六年	乾符五年
1098-12C-10	0879-01-06	正朔一	乾符六年	乾符五年
1098-12C-11	0879-01-07	正朔一	乾符六年	乾符五年
1098-12C-12	0879-01-08	正朔一	乾符六年	乾符五年
1098-12C-13	0879-01-09	正朔一	乾符六年	乾符五年
1098-12C-14	0879-01-10	正朔一	乾符六年	乾符五年
1098-12C-15	0879-01-11	正朔一	乾符六年	乾符五年
1098-12C-16	0879-01-12	正朔一	乾符六年	乾符五年
1098-12C-17	0879-01-13	正朔一	乾符六年	乾符五年
1098-12C-18	0879-01-14	正朔一	乾符六年	乾符五年
1098-12C-19	0879-01-15	正朔一	乾符六年	乾符五年
1098-12C-20	0879-01-16	正朔一	乾符六年	乾符五年
1098-12C-21	0879-01-17	正朔一	乾符六年	乾符五年
1098-12C-22	0879-01-18	正朔一	乾符六年	乾符五年
1098-12C-23	0879-01-19	正朔一	乾符六年	乾符五年
1098-12C-24	0879-01-20	正朔一	乾符六年	乾符五年
1098-12C-25	0879-01-21	正朔一	乾符六年	乾符五年
1098-12C-26	0879-01-22	正朔一	乾符六年	乾符五年
1098-12C-27	0879-01-23	正朔一	乾符六年	乾符五年
1098-12C-28	0879-01-24	正朔一	乾符六年	乾符五年
1098-12C-29	0879-01-25	正朔一	乾符六年	乾符五年
1099-11C-16	0880-01-01	正朔一	乾符七年	乾符六年
1099-11C-17	0880-01-02	正朔一	乾符七年	乾符六年
1099-11C-18	0880-01-03	正朔一	乾符七年	乾符六年
1099-11C-19	0880-01-04	正朔一	乾符七年	乾符六年
1099-11C-20	0880-01-05	正朔一	乾符七年	乾符六年
1099-11C-21	0880-01-06	正朔一	乾符七年	乾符六年
1099-11C-22	0880-01-07	正朔一	乾符七年	乾符六年
1099-11C-23	0880-01-08	正朔一	乾符七年	乾符六年
1099-11C-24	0880-01-09	正朔一	乾符七年	乾符六年
1099-11C-25	0880-01-10	正朔一	乾符七年	乾符六年
1099-11C-26	0880-01-11	正朔一	乾符七年	乾符六年
1099-11C-27	0880-01-12	正朔一	乾符七年	乾符六年
1099-11C-28	0880-01-13	正朔一	乾符七年	乾符六年
1099-11C-29	0880-01-14	正朔一	乾符七年	乾符六年
1099-11C-30	0880-01-15	正朔一	乾符七年	乾符六年
1099-12C-01	0880-01-16	正朔一	乾符七年	乾符六年
1099-12C-02	0880-01-17	正朔一	乾符七年	乾符六年
1099-12C-03	0880-01-18	正朔一	乾符七年	乾符六年
1099-12C-04	0880-01-19	正朔一	乾符七年	乾符六年
1099-12C-05	0880-01-20	正朔一	乾符七年	乾符六年
1099-12C-06	0880-01-21	正朔一	乾符七年	乾符六年
1099-12C-07	0880-01-22	正朔一	乾符七年	乾符六年
1099-12C-08	0880-01-23	正朔一	乾符七年	乾符六年
1099-12C-09	0880-01-24	正朔一	乾符七年	乾符六年
1099-12C-10	0880-01-25	正朔一	乾符七年	乾符六年
1099-12C-11	0880-01-26	正朔一	乾符七年	乾符六年
1099-12C-12	0880-01-27	正朔一	乾符七年	乾符六年
1099-12C-13	0880-01-28	正朔一	乾符七年	乾符六年
1099-12C-14	0880-01-29	正朔一	乾符七年	乾符六年
1099-12C-15	0880-01-30	正朔一	乾符七年	乾符六年
1099-12C-16	0880-01-31	正朔一	乾符七年	乾符六年
1099-12C-17	0880-02-01	正朔一	乾符七年	乾符六年
1099-12C-18	0880-02-02	正朔一	乾符七年	乾符六年
1099-12C-19	0880-02-03	正朔一	乾符七年	乾符六年
1099-12C-20	0880-02-04	正朔一	乾符七年	乾符六年
1099-12C-21	0880-02-05	正朔一	乾符七年	乾符六年
1099-12C-22	0880-02-06	正朔一	乾符七年	乾符六年
1099-12C-23	0880-02-07	正朔一	乾符七年	乾符六年
1099-12C-24	0880-02-08	正朔一	乾符七年	乾符六年
1099-12C-25	0880-02-09	正朔一	乾符七年	乾符六年
1099-12C-26	0880-02-10	正朔一	乾符七年	乾符六年
1099-12C-27	0880-02-11	正朔一	乾符七年	乾符六年
1099-12C-28	0880-02-12	正朔一	乾符七年	乾符六年
1099-12C-29	0880-02-13	正朔一	乾符七年	乾符六年
1100-11C-27	0881-01-01	正朔一	广明二年	广明元年
1100-11C-28	0881-01-02	正朔一	广明二年	广明元年
1100-11C-29	0881-01-03	正朔一	广明二年	广明元年
1100-12C-01	0881-01-04	正朔一	广明二年	广明元年
1100-12C-02	0881-01-05	正朔一	广明二年	广明元年
1100-12C-03	0881-01-06	正朔一	广明二年	广明元年
1100-12C-04	0881-01-07	正朔一	广明二年	广明元年
1100-12C-05	0881-01-08	正朔一	广明二年	广明元年
1100-12C-06	0881-01-09	正朔一	广明二年	广明元年
1100-12C-07	0881-01-10	正朔一	广明二年	广明元年
1100-12C-08	0881-01-11	正朔一	广明二年	广明元年
1100-12C-09	0881-01-12	正朔一	广明二年	广明元年
1100-12C-10	0881-01-13	正朔一	广明二年	广明元年
1100-12C-11	0881-01-14	正朔一	广明二年	广明元年
1100-12C-12	0881-01-15	正朔一	广明二年	广明元年
1100-12C-13	0881-01-16	正朔一	广明二年	广明元年
1100-12C-14	0881-01-17	正朔一	广明二年	广明元年
1100-12C-15	0881-01-18	正朔一	广明二年	广明元年
1100-12C-16	0881-01-19	正朔一	广明二年	广明元年
1100-12C-17	0881-01-20	正朔一	广明二年	广明元年
1100-12C-18	0881-01-21	正朔一	广明二年	广明元年
1100-12C-19	0881-01-22	正朔一	广明二年	广明元年
1100-12C-20	0881-01-23	正朔一	广明二年	广明元年
1100-12C-21	0881-01-24	正朔一	广明二年	广明元年
1100-12C-22	0881-01-25	正朔一	广明二年	广明元年
1100-12C-23	0881-01-26	正朔一	广明二年	广明元年
1100-12C-24	0881-01-27	正朔一	广明二年	广明元年
1100-12C-25	0881-01-28	正朔一	广明二年	广明元年
1100-12C-26	0881-01-29	正朔一	广明二年	广明元年
1100-12C-27	0881-01-30	正朔一	广明二年	广明元年
1100-12C-28	0881-01-31	正朔一	广明二年	广明元年
1100-12C-29	0881-02-01	正朔一	广明二年	广明元年
1100-12C-30	0881-02-02	正朔一	广明二年	广明元年
1101-12C-08	0882-01-01	正朔一	中和二年	中和元年
1101-12C-09	0882-01-02	正朔一	中和二年	中和元年
1101-12C-10	0882-01-03	正朔一	中和二年	中和元年
1101-12C-11	0882-01-04	正朔一	中和二年	中和元年
1101-12C-12	0882-01-05	正朔一	中和二年	中和元年
1101-12C-13	0882-01-06	正朔一	中和二年	中和元年
1101-12C-14	0882-01-07	正朔一	中和二年	中和元年
1101-12C-15	0882-01-08	正朔一	中和二年	中和元年
1101-12C-16	0882-01-09	正朔一	中和二年	中和元年
1101-12C-17	0882-01-10	正朔一	中和二年	中和元年
1101-12C-18	0882-01-11	正朔一	中和二年	中和元年
1101-12C-19	0882-01-12	正朔一	中和二年	中和元年
1101-12C-20	0882-01-13	正朔一	中和二年	中和元年
1101-12C-21	0882-01-14	正朔一	中和二年	中和元年
1101-12C-22	0882-01-15	正朔一	中和二年	中和元年
1101-12C-23	0882-01-16	正朔一	中和二年	中和元年
1101-12C-24	0882-01-17	正朔一	中和二年	中和元年
1101-12C-25	0882-01-18	正朔一	中和二年	中和元年
1101-12C-26	0882-01-19	正朔一	中和二年	中和元年
1101-12C-27	0882-01-20	正朔一	中和二年	中和元年
1101-12C-28	0882-01-21	正朔一	中和二年	中和元年
1101-12C-29	0882-01-22	正朔一	中和二年	中和元年
1102-11C-19	0883-01-01	正朔一	中和三年	中和二年
1102-11C-20	0883-01-02	正朔一	中和三年	中和二年
1102-11C-21	0883-01-03	正朔一	中和三年	中和二年
1102-11C-22	0883-01-04	正朔一	中和三年	中和二年
1102-11C-23	0883-01-05	正朔一	中和三年	中和二年
1102-11C-24	0883-01-06	正朔一	中和三年	中和二年
1102-11C-25	0883-01-07	正朔一	中和三年	中和二年
1102-11C-26	0883-01-08	正朔一	中和三年	中和二年
1102-11C-27	0883-01-09	正朔一	中和三年	中和二年
1102-11C-28	0883-01-10	正朔一	中和三年	中和二年
1102-11C-29	0883-01-11	正朔一	中和三年	中和二年
1102-11C-30	0883-01-12	正朔一	中和三年	中和二年
1102-12C-01	0883-01-13	正朔一	中和三年	中和二年
1102-12C-02	0883-01-14	正朔一	中和三年	中和二年
1102-12C-03	0883-01-15	正朔一	中和三年	中和二年
1102-12C-04	0883-01-16	正朔一	中和三年	中和二年
1102-12C-05	0883-01-17	正朔一	中和三年	中和二年
1102-12C-06	0883-01-18	正朔一	中和三年	中和二年
1102-12C-07	0883-01-19	正朔一	中和三年	中和二年
1102-12C-08	0883-01-20	正朔一	中和三年	中和二年
1102-12C-09	0883-01-21	正朔一	中和三年	中和二年
1102-12C-10	0883-01-22	正朔一	中和三年	中和二年
1102-12C-11	0883-01-23	正朔一	中和三年	中和二年
1102-12C-12	0883-01-24	正朔一	中和三年	中和二年
1102-12C-13	0883-01-25	正朔一	中和三年	中和二年
1102-12C-14	0883-01-26	正朔一	中和三年	中和二年
1102-12C-15	0883-01-27	正朔一	中和三年	中和二年
1102-12C-16	0883-01-28	正朔一	中和三年	中和二年
1102-12C-17	0883-01-29	正朔一	中和三年	中和二年
1102-12C-18	0883-01-30	正朔一	中和三年	中和二年
1102-12C-19	0883-01-31	正朔一	中和三年	中和二年
1102-12C-20	0883-02-01	正朔一	中和三年	中和二年
1102-12C-21	0883-02-02	正朔一	中和三年	中和二年
1102-12C-22	0883-02-03	正朔一	中和三年	中和二年
1102-12C-23	0883-02-04	正朔一	中和三年	中和二年
1102-12C-24	0883-02-05	正朔一	中和三年	中和二年
1102-12C-25	0883-02-06	正朔一	中和三年	中和二年
1102-12C-26	0883-02-07	正朔一	中和三年	中和二年
1102-12C-27	0883-02-08	正朔一	中和三年	中和二年
1102-12C-28	0883-02-09	正朔一	中和三年	中和二年
1102-12C-29	0883-02-10	正朔一	中和三年	中和二年
1103-11C-29	0884-01-01	正朔一	中和四年	中和三年
1103-12C-01	0884-01-02	正朔一	中和四年	中和三年
1103-12C-02	0884-01-03	正朔一	中和四年	中和三年
1103-12C-03	0884-01-04	正朔一	中和四年	中和三年
1103-12C-04	0884-01-05	正朔一	中和四年	中和三年
1103-12C-05	0884-01-06	正朔一	中和四年	中和三年
1103-12C-06	0884-01-07	正朔一	中和四年	中和三年
1103-12C-07	0884-01-08	正朔一	中和四年	中和三年
1103-12C-08	0884-01-09	正朔一	中和四年	中和三年
1103-12C-09	0884-01-10	正朔一	中和四年	中和三年
1103-12C-10	0884-01-11	正朔一	中和四年	中和三年
1103-12C-11	0884-01-12	正朔一	中和四年	中和三年
1103-12C-12	0884-01-13	正朔一	中和四年	中和三年
1103-12C-13	0884-01-14	正朔一	中和四年	中和三年
1103-12C-14	0884-01-15	正朔一	中和四年	中和三年
1103-12C-15	0884-01-16	正朔一	中和四年	中和三年
1103-12C-16	0884-01-17	正朔一	中和四年	中和三年
1103-12C-17	0884-01-18	正朔一	中和四年	中和三年
1103-12C-18	0884-01-19	正朔一	中和四年	中和三年
1103-12C-19	0884-01-20	正朔一	中和四年	中和三年
1103-12C-20	0884-01-21	正朔一	中和四年	中和三年
1103-12C-21	0884-01-22	正朔一	中和四年	中和三年
1103-12C-22	0884-01-23	正朔一	中和四年	中和三年
1103-12C-23	0884-01-24	正朔一	中和四年	中和三年
1103-12C-24	0884-01-25	正朔一	中和四年	中和三年
1103-12C-25	0884-01-26	正朔一	中和四年	中和三年
1103-12C-26	0884-01-27	正朔一	中和四年	中和三年
1103-12C-27	0884-01-28	正朔一	中和四年	中和三年
1103-12C-28	0884-01-29	正朔一	中和四年	中和三年
1103-12C-29	0884-01-30	正朔一	中和四年	中和三年
1103-12C-30	0884-01-31	正朔一	中和四年	中和三年
1104-12C-12	0885-01-01	正朔一	中和五年	中和四年
1104-12C-13	0885-01-02	正朔一	中和五年	中和四年
1104-12C-14	0885-01-03	正朔一	中和五年	中和四年
1104-12C-15	0885-01-04	正朔一	中和五年	中和四年
1104-12C-16	0885-01-05	正朔一	中和五年	中和四年
1104-12C-17	0885-01-06	正朔一	中和五年	中和四年
1104-12C-18	0885-01-07	正朔一	中和五年	中和四年
1104-12C-19	0885-01-08	正朔一	中和五年	中和四年
1104-12C-20	0885-01-09	正朔一	中和五年	中和四年
1104-12C-21	0885-01-10	正朔一	中和五年	中和四年
1104-12C-22	0885-01-11	正朔一	中和五年	中和四年
1104-12C-23	0885-01-12	正朔一	中和五年	中和四年
1104-12C-24	0885-01-13	正朔一	中和五年	中和四年
1104-12C-25	0885-01-14	正朔一	中和五年	中和四年
1104-12C-26	0885-01-15	正朔一	中和五年	中和四年
1104-12C-27	0885-01-16	正朔一	中和五年	中和四年
1104-12C-28	0885-01-17	正朔一	中和五年	中和四年
1104-12C-29	0885-01-18	正朔一	中和五年	中和四年
1104-12C-30	0885-01-19	正朔一	中和五年	中和四年
1105-11C-23	0886-01-01	正朔一	光启二年	光启元年
1105-11C-24	0886-01-02	正朔一	光启二年	光启元年
1105-11C-25	0886-01-03	正朔一	光启二年	光启元年
1105-11C-26	0886-01-04	正朔一	光启二年	光启元年
1105-11C-27	0886-01-05	正朔一	光启二年	光启元年
1105-11C-28	0886-01-06	正朔一	光启二年	光启元年
1105-11C-29	0886-01-07	正朔一	光启二年	光启元年
1105-11C-30	0886-01-08	正朔一	光启二年	光启元年
1105-12C-01	0886-01-09	正朔一	光启二年	光启元年
1105-12C-02	0886-01-10	正朔一	光启二年	光启元年
1105-12C-03	0886-01-11	正朔一	光启二年	光启元年
1105-12C-04	0886-01-12	正朔一	光启二年	光启元年
1105-12C-05	0886-01-13	正朔一	光启二年	光启元年
1105-12C-06	0886-01-14	正朔一	光启二年	光启元年
1105-12C-07	0886-01-15	正朔一	光启二年	光启元年
1105-12C-08	0886-01-16	正朔一	光启二年	光启元年
1105-12C-09	0886-01-17	正朔一	光启二年	光启元年
1105-12C-10	0886-01-18	正朔一	光启二年	光启元年
1105-12C-11	0886-01-19	正朔一	光启二年	光启元年
1105-12C-12	0886-01-20	正朔一	光启二年	光启元年
1105-12C-13	0886-01-21	正朔一	光启二年	光启元年
1105-12C-14	0886-01-22	正朔一	光启二年	光启元年
1105-12C-15	0886-01-23	正朔一	光启二年	光启元年
1105-12C-16	0886-01-24	正朔一	光启二年	光启元年
1105-12C-17	0886-01-25	正朔一	光启二年	光启元年
1105-12C-18	0886-01-26	正朔一	光启二年	光启元年
1105-12C-19	0886-01-27	正朔一	光启二年	光启元年
1105-12C-20	0886-01-28	正朔一	光启二年	光启元年
1105-12C-21	0886-01-29	正朔一	光启二年	光启元年
1105-12C-22	0886-01-30	正朔一	光启二年	光启元年
1105-12C-23	0886-01-31	正朔一	光启二年	光启元年
1105-12C-24	0886-02-01	正朔一	光启二年	光启元年
1105-12C-25	0886-02-02	正朔一	光启二年	光启元年
1105-12C-26	0886-02-03	正朔一	光启二年	光启元年
1105-12C-27	0886-02-04	正朔一	光启二年	光启元年
1105-12C-28	0886-02-05	正朔一	光启二年	光启元年
1105-12C-29	0886-02-06	正朔一	光启二年	光启元年
1105-12C-30	0886-02-07	正朔一	光启二年	光启元年
1106-12C-04	0887-01-01	正朔一	光启三年	光启二年
1106-12C-05	0887-01-02	正朔一	光启三年	光启二年
1106-12C-06	0887-01-03	正朔一	光启三年	光启二年
1106-12C-07	0887-01-04	正朔一	光启三年	光启二年
1106-12C-08	0887-01-05	正朔一	光启三年	光启二年
1106-12C-09	0887-01-06	正朔一	光启三年	光启二年
1106-12C-10	0887-01-07	正朔一	光启三年	光启二年
1106-12C-11	0887-01-08	正朔一	光启三年	光启二年
1106-12C-12	0887-01-09	正朔一	光启三年	光启二年
1106-12C-13	0887-01-10	正朔一	光启三年	光启二年
1106-12C-14	0887-01-11	正朔一	光启三年	光启二年
1106-12C-15	0887-01-12	正朔一	光启三年	光启二年
1106-12C-16	0887-01-13	正朔一	光启三年	光启二年
1106-12C-17	0887-01-14	正朔一	光启三年	光启二年
1106-12C-18	0887-01-15	正朔一	光启三年	光启二年
1106-12C-19	0887-01-16	正朔一	光启三年	光启二年
1106-12C-20	0887-01-17	正朔一	光启三年	光启二年
1106-12C-21	0887-01-18	正朔一	光启三年	光启二年
1106-12C-22	0887-01-19	正朔一	光启三年	光启二年
1106-12C-23	0887-01-20	正朔一	光启三年	光启二年
1106-12C-24	0887-01-21	正朔一	光启三年	光启二年
1106-12C-25	0887-01-22	正朔一	光启三年	光启二年
1106-12C-26	0887-01-23	正朔一	光启三年	光启二年
1106-12C-27	0887-01-24	正朔一	光启三年	光启二年
1106-12C-28	0887-01-25	正朔一	光启三年	光启二年
1106-12C-29	0887-01-26	正朔一	光启三年	光启二年
1106-12C-30	0887-01-27	正朔一	光启三年	光启二年
1107-11L-14	0888-01-01	正朔一	光启四年	光启三年
1107-11L-15	0888-01-02	正朔一	光启四年	光启三年
1107-11L-16	0888-01-03	正朔一	光启四年	光启三年
1107-11L-17	0888-01-04	正朔一	光启四年	光启三年
1107-11L-18	0888-01-05	正朔一	光启四年	光启三年
1107-11L-19	0888-01-06	正朔一	光启四年	光启三年
1107-11L-20	0888-01-07	正朔一	光启四年	光启三年
1107-11L-21	0888-01-08	正朔一	光启四年	光启三年
1107-11L-22	0888-01-09	正朔一	光启四年	光启三年
1107-11L-23	0888-01-10	正朔一	光启四年	光启三年
1107-11L-24	0888-01-11	正朔一	光启四年	光启三年
1107-11L-25	0888-01-12	正朔一	光启四年	光启三年
1107-11L-26	0888-01-13	正朔一	光启四年	光启三年
1107-11L-27	0888-01-14	正朔一	光启四年	光启三年
1107-11L-28	0888-01-15	正朔一	光启四年	光启三年
1107-11L-29	0888-01-16	正朔一	光启四年	光启三年
1107-12C-01	0888-01-17	正朔一	光启四年	光启三年
1107-12C-02	0888-01-18	正朔一	光启四年	光启三年
1107-12C-03	0888-01-19	正朔一	光启四年	光启三年
1107-12C-04	0888-01-20	正朔一	光启四年	光启三年
1107-12C-05	0888-01-21	正朔一	光启四年	光启三年
1107-12C-06	0888-01-22	正朔一	光启四年	光启三年
1107-12C-07	0888-01-23	正朔一	光启四年	光启三年
1107-12C-08	0888-01-24	正朔一	光启四年	光启三年
1107-12C-09	0888-01-25	正朔一	光启四年	光启三年
1107-12C-10	0888-01-26	正朔一	光启四年	光启三年
1107-12C-11	0888-01-27	正朔一	光启四年	光启三年
1107-12C-12	0888-01-28	正朔一	光启四年	光启三年
1107-12C-13	0888-01-29	正朔一	光启四年	光启三年
1107-12C-14	0888-01-30	正朔一	光启四年	光启三年
1107-12C-15	0888-01-31	正朔一	光启四年	光启三年
1107-12C-16	0888-02-01	正朔一	光启四年	光启三年
1107-12C-17	0888-02-02	正朔一	光启四年	光启三年
1107-12C-18	0888-02-03	正朔一	光启四年	光启三年
1107-12C-19	0888-02-04	正朔一	光启四年	光启三年
1107-12C-20	0888-02-05	正朔一	光启四年	光启三年
1107-12C-21	0888-02-06	正朔一	光启四年	光启三年
1107-12C-22	0888-02-07	正朔一	光启四年	光启三年
1107-12C-23	0888-02-08	正朔一	光启四年	光启三年
1107-12C-24	0888-02-09	正朔一	光启四年	光启三年
1107-12C-25	0888-02-10	正朔一	光启四年	光启三年
1107-12C-26	0888-02-11	正朔一	光启四年	光启三年
1107-12C-27	0888-02-12	正朔一	光启四年	光启三年
1107-12C-28	0888-02-13	正朔一	光启四年	光启三年
1107-12C-29	0888-02-14	正朔一	光启四年	光启三年
1107-12C-30	0888-02-15	正朔一	光启四年	光启三年
1110-11C-17	0891-01-01	正朔一	大顺二年	大顺元年
1110-11C-18	0891-01-02	正朔一	大顺二年	大顺元年
1110-11C-19	0891-01-03	正朔一	大顺二年	大顺元年
1110-11C-20	0891-01-04	正朔一	大顺二年	大顺元年
1110-11C-21	0891-01-05	正朔一	大顺二年	大顺元年
1110-11C-22	0891-01-06	正朔一	大顺二年	大顺元年
1110-11C-23	0891-01-07	正朔一	大顺二年	大顺元年
1110-11C-24	0891-01-08	正朔一	大顺二年	大顺元年
1110-11C-25	0891-01-09	正朔一	大顺二年	大顺元年
1110-11C-26	0891-01-10	正朔一	大顺二年	大顺元年
1110-11C-27	0891-01-11	正朔一	大顺二年	大顺元年
1110-11C-28	0891-01-12	正朔一	大顺二年	大顺元年
1110-11C-29	0891-01-13	正朔一	大顺二年	大顺元年
1110-12C-01	0891-01-14	正朔一	大顺二年	大顺元年
1110-12C-02	0891-01-15	正朔一	大顺二年	大顺元年
1110-12C-03	0891-01-16	正朔一	大顺二年	大顺元年
1110-12C-04	0891-01-17	正朔一	大顺二年	大顺元年
1110-12C-05	0891-01-18	正朔一	大顺二年	大顺元年
1110-12C-06	0891-01-19	正朔一	大顺二年	大顺元年
1110-12C-07	0891-01-20	正朔一	大顺二年	大顺元年
1110-12C-08	0891-01-21	正朔一	大顺二年	大顺元年
1110-12C-09	0891-01-22	正朔一	大顺二年	大顺元年
1110-12C-10	0891-01-23	正朔一	大顺二年	大顺元年
1110-12C-11	0891-01-24	正朔一	大顺二年	大顺元年
1110-12C-12	0891-01-25	正朔一	大顺二年	大顺元年
1110-12C-13	0891-01-26	正朔一	大顺二年	大顺元年
1110-12C-14	0891-01-27	正朔一	大顺二年	大顺元年
1110-12C-15	0891-01-28	正朔一	大顺二年	大顺元年
1110-12C-16	0891-01-29	正朔一	大顺二年	大顺元年
1110-12C-17	0891-01-30	正朔一	大顺二年	大顺元年
1110-12C-18	0891-01-31	正朔一	大顺二年	大顺元年
1110-12C-19	0891-02-01	正朔一	大顺二年	大顺元年
1110-12C-20	0891-02-02	正朔一	大顺二年	大顺元年
1110-12C-21	0891-02-03	正朔一	大顺二年	大顺元年
1110-12C-22	0891-02-04	正朔一	大顺二年	大顺元年
1110-12C-23	0891-02-05	正朔一	大顺二年	大顺元年
1110-12C-24	0891-02-06	正朔一	大顺二年	大顺元年
1110-12C-25	0891-02-07	正朔一	大顺二年	大顺元年
1110-12C-26	0891-02-08	正朔一	大顺二年	大顺元年
1110-12C-27	0891-02-09	正朔一	大顺二年	大顺元年
1110-12C-28	0891-02-10	正朔一	大顺二年	大顺元年
1110-12C-29	0891-02-11	正朔一	大顺二年	大顺元年
1110-12C-30	0891-02-12	正朔一	大顺二年	大顺元年
1111-11C-28	0892-01-01	正朔一	大顺三年	大顺二年
1111-11C-29	0892-01-02	正朔一	大顺三年	大顺二年
1111-11C-30	0892-01-03	正朔一	大顺三年	大顺二年
1111-12C-01	0892-01-04	正朔一	大顺三年	大顺二年
1111-12C-02	0892-01-05	正朔一	大顺三年	大顺二年
1111-12C-03	0892-01-06	正朔一	大顺三年	大顺二年
1111-12C-04	0892-01-07	正朔一	大顺三年	大顺二年
1111-12C-05	0892-01-08	正朔一	大顺三年	大顺二年
1111-12C-06	0892-01-09	正朔一	大顺三年	大顺二年
1111-12C-07	0892-01-10	正朔一	大顺三年	大顺二年
1111-12C-08	0892-01-11	正朔一	大顺三年	大顺二年
1111-12C-09	0892-01-12	正朔一	大顺三年	大顺二年
1111-12C-10	0892-01-13	正朔一	大顺三年	大顺二年
1111-12C-11	0892-01-14	正朔一	大顺三年	大顺二年
1111-12C-12	0892-01-15	正朔一	大顺三年	大顺二年
1111-12C-13	0892-01-16	正朔一	大顺三年	大顺二年
1111-12C-14	0892-01-17	正朔一	大顺三年	大顺二年
1111-12C-15	0892-01-18	正朔一	大顺三年	大顺二年
1111-12C-16	0892-01-19	正朔一	大顺三年	大顺二年
1111-12C-17	0892-01-20	正朔一	大顺三年	大顺二年
1111-12C-18	0892-01-21	正朔一	大顺三年	大顺二年
1111-12C-19	0892-01-22	正朔一	大顺三年	大顺二年
1111-12C-20	0892-01-23	正朔一	大顺三年	大顺二年
1111-12C-21	0892-01-24	正朔一	大顺三年	大顺二年
1111-12C-22	0892-01-25	正朔一	大顺三年	大顺二年
1111-12C-23	0892-01-26	正朔一	大顺三年	大顺二年
1111-12C-24	0892-01-27	正朔一	大顺三年	大顺二年
1111-12C-25	0892-01-28	正朔一	大顺三年	大顺二年
1111-12C-26	0892-01-29	正朔一	大顺三年	大顺二年
1111-12C-27	0892-01-30	正朔一	大顺三年	大顺二年
1111-12C-28	0892-01-31	正朔一	大顺三年	大顺二年
1111-12C-29	0892-02-01	正朔一	大顺三年	大顺二年
1112-12C-10	0893-01-01	正朔一	景福二年	景福元年
1112-12C-11	0893-01-02	正朔一	景福二年	景福元年
1112-12C-12	0893-01-03	正朔一	景福二年	景福元年
1112-12C-13	0893-01-04	正朔一	景福二年	景福元年
1112-12C-14	0893-01-05	正朔一	景福二年	景福元年
1112-12C-15	0893-01-06	正朔一	景福二年	景福元年
1112-12C-16	0893-01-07	正朔一	景福二年	景福元年
1112-12C-17	0893-01-08	正朔一	景福二年	景福元年
1112-12C-18	0893-01-09	正朔一	景福二年	景福元年
1112-12C-19	0893-01-10	正朔一	景福二年	景福元年
1112-12C-20	0893-01-11	正朔一	景福二年	景福元年
1112-12C-21	0893-01-12	正朔一	景福二年	景福元年
1112-12C-22	0893-01-13	正朔一	景福二年	景福元年
1112-12C-23	0893-01-14	正朔一	景福二年	景福元年
1112-12C-24	0893-01-15	正朔一	景福二年	景福元年
1112-12C-25	0893-01-16	正朔一	景福二年	景福元年
1112-12C-26	0893-01-17	正朔一	景福二年	景福元年
1112-12C-27	0893-01-18	正朔一	景福二年	景福元年
1112-12C-28	0893-01-19	正朔一	景福二年	景福元年
1112-12C-29	0893-01-20	正朔一	景福二年	景福元年
1112-12C-30	0893-01-21	正朔一	景福二年	景福元年
1114-12C-02	0895-01-01	正朔一	乾宁二年	乾宁元年
1114-12C-03	0895-01-02	正朔一	乾宁二年	乾宁元年
1114-12C-04	0895-01-03	正朔一	乾宁二年	乾宁元年
1114-12C-05	0895-01-04	正朔一	乾宁二年	乾宁元年
1114-12C-06	0895-01-05	正朔一	乾宁二年	乾宁元年
1114-12C-07	0895-01-06	正朔一	乾宁二年	乾宁元年
1114-12C-08	0895-01-07	正朔一	乾宁二年	乾宁元年
1114-12C-09	0895-01-08	正朔一	乾宁二年	乾宁元年
1114-12C-10	0895-01-09	正朔一	乾宁二年	乾宁元年
1114-12C-11	0895-01-10	正朔一	乾宁二年	乾宁元年
1114-12C-12	0895-01-11	正朔一	乾宁二年	乾宁元年
1114-12C-13	0895-01-12	正朔一	乾宁二年	乾宁元年
1114-12C-14	0895-01-13	正朔一	乾宁二年	乾宁元年
1114-12C-15	0895-01-14	正朔一	乾宁二年	乾宁元年
1114-12C-16	0895-01-15	正朔一	乾宁二年	乾宁元年
1114-12C-17	0895-01-16	正朔一	乾宁二年	乾宁元年
1114-12C-18	0895-01-17	正朔一	乾宁二年	乾宁元年
1114-12C-19	0895-01-18	正朔一	乾宁二年	乾宁元年
1114-12C-20	0895-01-19	正朔一	乾宁二年	乾宁元年
1114-12C-21	0895-01-20	正朔一	乾宁二年	乾宁元年
1114-12C-22	0895-01-21	正朔一	乾宁二年	乾宁元年
1114-12C-23	0895-01-22	正朔一	乾宁二年	乾宁元年
1114-12C-24	0895-01-23	正朔一	乾宁二年	乾宁元年
1114-12C-25	0895-01-24	正朔一	乾宁二年	乾宁元年
1114-12C-26	0895-01-25	正朔一	乾宁二年	乾宁元年
1114-12C-27	0895-01-26	正朔一	乾宁二年	乾宁元年
1114-12C-28	0895-01-27	正朔一	乾宁二年	乾宁元年
1114-12C-29	0895-01-28	正朔一	乾宁二年	乾宁元年
1114-12C-30	0895-01-29	正朔一	乾宁二年	乾宁元年
1115-12C-13	0896-01-01	正朔一	乾宁三年	乾宁二年
1115-12C-14	0896-01-02	正朔一	乾宁三年	乾宁二年
1115-12C-15	0896-01-03	正朔一	乾宁三年	乾宁二年
1115-12C-16	0896-01-04	正朔一	乾宁三年	乾宁二年
1115-12C-17	0896-01-05	正朔一	乾宁三年	乾宁二年
1115-12C-18	0896-01-06	正朔一	乾宁三年	乾宁二年
1115-12C-19	0896-01-07	正朔一	乾宁三年	乾宁二年
1115-12C-20	0896-01-08	正朔一	乾宁三年	乾宁二年
1115-12C-21	0896-01-09	正朔一	乾宁三年	乾宁二年
1115-12C-22	0896-01-10	正朔一	乾宁三年	乾宁二年
1115-12C-23	0896-01-11	正朔一	乾宁三年	乾宁二年
1115-12C-24	0896-01-12	正朔一	乾宁三年	乾宁二年
1115-12C-25	0896-01-13	正朔一	乾宁三年	乾宁二年
1115-12C-26	0896-01-14	正朔一	乾宁三年	乾宁二年
1115-12C-27	0896-01-15	正朔一	乾宁三年	乾宁二年
1115-12C-28	0896-01-16	正朔一	乾宁三年	乾宁二年
1115-12C-29	0896-01-17	正朔一	乾宁三年	乾宁二年
1115-12C-30	0896-01-18	正朔一	乾宁三年	乾宁二年
1116-11C-25	0897-01-01	正朔一	乾宁四年	乾宁三年
1116-11C-26	0897-01-02	正朔一	乾宁四年	乾宁三年
1116-11C-27	0897-01-03	正朔一	乾宁四年	乾宁三年
1116-11C-28	0897-01-04	正朔一	乾宁四年	乾宁三年
1116-11C-29	0897-01-05	正朔一	乾宁四年	乾宁三年
1116-11C-30	0897-01-06	正朔一	乾宁四年	乾宁三年
1116-12C-01	0897-01-07	正朔一	乾宁四年	乾宁三年
1116-12C-02	0897-01-08	正朔一	乾宁四年	乾宁三年
1116-12C-03	0897-01-09	正朔一	乾宁四年	乾宁三年
1116-12C-04	0897-01-10	正朔一	乾宁四年	乾宁三年
1116-12C-05	0897-01-11	正朔一	乾宁四年	乾宁三年
1116-12C-06	0897-01-12	正朔一	乾宁四年	乾宁三年
1116-12C-07	0897-01-13	正朔一	乾宁四年	乾宁三年
1116-12C-08	0897-01-14	正朔一	乾宁四年	乾宁三年
1116-12C-09	0897-01-15	正朔一	乾宁四年	乾宁三年
1116-12C-10	0897-01-16	正朔一	乾宁四年	乾宁三年
1116-12C-11	0897-01-17	正朔一	乾宁四年	乾宁三年
1116-12C-12	0897-01-18	正朔一	乾宁四年	乾宁三年
1116-12C-13	0897-01-19	正朔一	乾宁四年	乾宁三年
1116-12C-14	0897-01-20	正朔一	乾宁四年	乾宁三年
1116-12C-15	0897-01-21	正朔一	乾宁四年	乾宁三年
1116-12C-16	0897-01-22	正朔一	乾宁四年	乾宁三年
1116-12C-17	0897-01-23	正朔一	乾宁四年	乾宁三年
1116-12C-18	0897-01-24	正朔一	乾宁四年	乾宁三年
1116-12C-19	0897-01-25	正朔一	乾宁四年	乾宁三年
1116-12C-20	0897-01-26	正朔一	乾宁四年	乾宁三年
1116-12C-21	0897-01-27	正朔一	乾宁四年	乾宁三年
1116-12C-22	0897-01-28	正朔一	乾宁四年	乾宁三年
1116-12C-23	0897-01-29	正朔一	乾宁四年	乾宁三年
1116-12C-24	0897-01-30	正朔一	乾宁四年	乾宁三年
1116-12C-25	0897-01-31	正朔一	乾宁四年	乾宁三年
1116-12C-26	0897-02-01	正朔一	乾宁四年	乾宁三年
1116-12C-27	0897-02-02	正朔一	乾宁四年	乾宁三年
1116-12C-28	0897-02-03	正朔一	乾宁四年	乾宁三年
1116-12C-29	0897-02-04	正朔一	乾宁四年	乾宁三年
1116-12C-30	0897-02-05	正朔一	乾宁四年	乾宁三年
1117-12C-05	0898-01-01	正朔一	乾宁五年	乾宁四年
1117-12C-06	0898-01-02	正朔一	乾宁五年	乾宁四年
1117-12C-07	0898-01-03	正朔一	乾宁五年	乾宁四年
1117-12C-08	0898-01-04	正朔一	乾宁五年	乾宁四年
1117-12C-09	0898-01-05	正朔一	乾宁五年	乾宁四年
1117-12C-10	0898-01-06	正朔一	乾宁五年	乾宁四年
1117-12C-11	0898-01-07	正朔一	乾宁五年	乾宁四年
1117-12C-12	0898-01-08	正朔一	乾宁五年	乾宁四年
1117-12C-13	0898-01-09	正朔一	乾宁五年	乾宁四年
1117-12C-14	0898-01-10	正朔一	乾宁五年	乾宁四年
1117-12C-15	0898-01-11	正朔一	乾宁五年	乾宁四年
1117-12C-16	0898-01-12	正朔一	乾宁五年	乾宁四年
1117-12C-17	0898-01-13	正朔一	乾宁五年	乾宁四年
1117-12C-18	0898-01-14	正朔一	乾宁五年	乾宁四年
1117-12C-19	0898-01-15	正朔一	乾宁五年	乾宁四年
1117-12C-20	0898-01-16	正朔一	乾宁五年	乾宁四年
1117-12C-21	0898-01-17	正朔一	乾宁五年	乾宁四年
1117-12C-22	0898-01-18	正朔一	乾宁五年	乾宁四年
1117-12C-23	0898-01-19	正朔一	乾宁五年	乾宁四年
1117-12C-24	0898-01-20	正朔一	乾宁五年	乾宁四年
1117-12C-25	0898-01-21	正朔一	乾宁五年	乾宁四年
1117-12C-26	0898-01-22	正朔一	乾宁五年	乾宁四年
1117-12C-27	0898-01-23	正朔一	乾宁五年	乾宁四年
1117-12C-28	0898-01-24	正朔一	乾宁五年	乾宁四年
1117-12C-29	0898-01-25	正朔一	乾宁五年	乾宁四年
1118-11C-16	0899-01-01	正朔一	光化二年	光化元年
1118-11C-17	0899-01-02	正朔一	光化二年	光化元年
1118-11C-18	0899-01-03	正朔一	光化二年	光化元年
1118-11C-19	0899-01-04	正朔一	光化二年	光化元年
1118-11C-20	0899-01-05	正朔一	光化二年	光化元年
1118-11C-21	0899-01-06	正朔一	光化二年	光化元年
1118-11C-22	0899-01-07	正朔一	光化二年	光化元年
1118-11C-23	0899-01-08	正朔一	光化二年	光化元年
1118-11C-24	0899-01-09	正朔一	光化二年	光化元年
1118-11C-25	0899-01-10	正朔一	光化二年	光化元年
1118-11C-26	0899-01-11	正朔一	光化二年	光化元年
1118-11C-27	0899-01-12	正朔一	光化二年	光化元年
1118-11C-28	0899-01-13	正朔一	光化二年	光化元年
1118-11C-29	0899-01-14	正朔一	光化二年	光化元年
1118-11C-30	0899-01-15	正朔一	光化二年	光化元年
1118-12C-01	0899-01-16	正朔一	光化二年	光化元年
1118-12C-02	0899-01-17	正朔一	光化二年	光化元年
1118-12C-03	0899-01-18	正朔一	光化二年	光化元年
1118-12C-04	0899-01-19	正朔一	光化二年	光化元年
1118-12C-05	0899-01-20	正朔一	光化二年	光化元年
1118-12C-06	0899-01-21	正朔一	光化二年	光化元年
1118-12C-07	0899-01-22	正朔一	光化二年	光化元年
1118-12C-08	0899-01-23	正朔一	光化二年	光化元年
1118-12C-09	0899-01-24	正朔一	光化二年	光化元年
1118-12C-10	0899-01-25	正朔一	光化二年	光化元年
1118-12C-11	0899-01-26	正朔一	光化二年	光化元年
1118-12C-12	0899-01-27	正朔一	光化二年	光化元年
1118-12C-13	0899-01-28	正朔一	光化二年	光化元年
1118-12C-14	0899-01-29	正朔一	光化二年	光化元年
1118-12C-15	0899-01-30	正朔一	光化二年	光化元年
1118-12C-16	0899-01-31	正朔一	光化二年	光化元年
1118-12C-17	0899-02-01	正朔一	光化二年	光化元年
1118-12C-18	0899-02-02	正朔一	光化二年	光化元年
1118-12C-19	0899-02-03	正朔一	光化二年	光化元年
1118-12C-20	0899-02-04	正朔一	光化二年	光化元年
1118-12C-21	0899-02-05	正朔一	光化二年	光化元年
1118-12C-22	0899-02-06	正朔一	光化二年	光化元年
1118-12C-23	0899-02-07	正朔一	光化二年	光化元年
1118-12C-24	0899-02-08	正朔一	光化二年	光化元年
1118-12C-25	0899-02-09	正朔一	光化二年	光化元年
1118-12C-26	0899-02-10	正朔一	光化二年	光化元年
1118-12C-27	0899-02-11	正朔一	光化二年	光化元年
1118-12C-28	0899-02-12	正朔一	光化二年	光化元年
1118-12C-29	0899-02-13	正朔一	光化二年	光化元年
1119-11C-26	0900-01-01	正朔一	光化三年	光化二年
1119-11C-27	0900-01-02	正朔一	光化三年	光化二年
1119-11C-28	0900-01-03	正朔一	光化三年	光化二年
1119-11C-29	0900-01-04	正朔一	光化三年	光化二年
1119-12C-01	0900-01-05	正朔一	光化三年	光化二年
1119-12C-02	0900-01-06	正朔一	光化三年	光化二年
1119-12C-03	0900-01-07	正朔一	光化三年	光化二年
1119-12C-04	0900-01-08	正朔一	光化三年	光化二年
1119-12C-05	0900-01-09	正朔一	光化三年	光化二年
1119-12C-06	0900-01-10	正朔一	光化三年	光化二年
1119-12C-07	0900-01-11	正朔一	光化三年	光化二年
1119-12C-08	0900-01-12	正朔一	光化三年	光化二年
1119-12C-09	0900-01-13	正朔一	光化三年	光化二年
1119-12C-10	0900-01-14	正朔一	光化三年	光化二年
1119-12C-11	0900-01-15	正朔一	光化三年	光化二年
1119-12C-12	0900-01-16	正朔一	光化三年	光化二年
1119-12C-13	0900-01-17	正朔一	光化三年	光化二年
1119-12C-14	0900-01-18	正朔一	光化三年	光化二年
1119-12C-15	0900-01-19	正朔一	光化三年	光化二年
1119-12C-16	0900-01-20	正朔一	光化三年	光化二年
1119-12C-17	0900-01-21	正朔一	光化三年	光化二年
1119-12C-18	0900-01-22	正朔一	光化三年	光化二年
1119-12C-19	0900-01-23	正朔一	光化三年	光化二年
1119-12C-20	0900-01-24	正朔一	光化三年	光化二年
1119-12C-21	0900-01-25	正朔一	光化三年	光化二年
1119-12C-22	0900-01-26	正朔一	光化三年	光化二年
1119-12C-23	0900-01-27	正朔一	光化三年	光化二年
1119-12C-24	0900-01-28	正朔一	光化三年	光化二年
1119-12C-25	0900-01-29	正朔一	光化三年	光化二年
1119-12C-26	0900-01-30	正朔一	光化三年	光化二年
1119-12C-27	0900-01-31	正朔一	光化三年	光化二年
1119-12C-28	0900-02-01	正朔一	光化三年	光化二年
1119-12C-29	0900-02-02	正朔一	光化三年	光化二年
1119-12C-30	0900-02-03	正朔一	光化三年	光化二年
1120-12C-08	0901-01-01	正朔一	光化四年	光化三年
1120-12C-09	0901-01-02	正朔一	光化四年	光化三年
1120-12C-10	0901-01-03	正朔一	光化四年	光化三年
1120-12C-11	0901-01-04	正朔一	光化四年	光化三年
1120-12C-12	0901-01-05	正朔一	光化四年	光化三年
1120-12C-13	0901-01-06	正朔一	光化四年	光化三年
1120-12C-14	0901-01-07	正朔一	光化四年	光化三年
1120-12C-15	0901-01-08	正朔一	光化四年	光化三年
1120-12C-16	0901-01-09	正朔一	光化四年	光化三年
1120-12C-17	0901-01-10	正朔一	光化四年	光化三年
1120-12C-18	0901-01-11	正朔一	光化四年	光化三年
1120-12C-19	0901-01-12	正朔一	光化四年	光化三年
1120-12C-20	0901-01-13	正朔一	光化四年	光化三年
1120-12C-21	0901-01-14	正朔一	光化四年	光化三年
1120-12C-22	0901-01-15	正朔一	光化四年	光化三年
1120-12C-23	0901-01-16	正朔一	光化四年	光化三年
1120-12C-24	0901-01-17	正朔一	光化四年	光化三年
1120-12C-25	0901-01-18	正朔一	光化四年	光化三年
1120-12C-26	0901-01-19	正朔一	光化四年	光化三年
1120-12C-27	0901-01-20	正朔一	光化四年	光化三年
1120-12C-28	0901-01-21	正朔一	光化四年	光化三年
1120-12C-29	0901-01-22	正朔一	光化四年	光化三年
1121-11C-19	0902-01-01	正朔一	天复二年	天复元年
1121-11C-20	0902-01-02	正朔一	天复二年	天复元年
1121-11C-21	0902-01-03	正朔一	天复二年	天复元年
1121-11C-22	0902-01-04	正朔一	天复二年	天复元年
1121-11C-23	0902-01-05	正朔一	天复二年	天复元年
1121-11C-24	0902-01-06	正朔一	天复二年	天复元年
1121-11C-25	0902-01-07	正朔一	天复二年	天复元年
1121-11C-26	0902-01-08	正朔一	天复二年	天复元年
1121-11C-27	0902-01-09	正朔一	天复二年	天复元年
1121-11C-28	0902-01-10	正朔一	天复二年	天复元年
1121-11C-29	0902-01-11	正朔一	天复二年	天复元年
1121-11C-30	0902-01-12	正朔一	天复二年	天复元年
1121-12C-01	0902-01-13	正朔一	天复二年	天复元年
1121-12C-02	0902-01-14	正朔一	天复二年	天复元年
1121-12C-03	0902-01-15	正朔一	天复二年	天复元年
1121-12C-04	0902-01-16	正朔一	天复二年	天复元年
1121-12C-05	0902-01-17	正朔一	天复二年	天复元年
1121-12C-06	0902-01-18	正朔一	天复二年	天复元年
1121-12C-07	0902-01-19	正朔一	天复二年	天复元年
1121-12C-08	0902-01-20	正朔一	天复二年	天复元年
1121-12C-09	0902-01-21	正朔一	天复二年	天复元年
1121-12C-10	0902-01-22	正朔一	天复二年	天复元年
1121-12C-11	0902-01-23	正朔一	天复二年	天复元年
1121-12C-12	0902-01-24	正朔一	天复二年	天复元年
1121-12C-13	0902-01-25	正朔一	天复二年	天复元年
1121-12C-14	0902-01-26	正朔一	天复二年	天复元年
1121-12C-15	0902-01-27	正朔一	天复二年	天复元年
1121-12C-16	0902-01-28	正朔一	天复二年	天复元年
1121-12C-17	0902-01-29	正朔一	天复二年	天复元年
1121-12C-18	0902-01-30	正朔一	天复二年	天复元年
1121-12C-19	0902-01-31	正朔一	天复二年	天复元年
1121-12C-20	0902-02-01	正朔一	天复二年	天复元年
1121-12C-21	0902-02-02	正朔一	天复二年	天复元年
1121-12C-22	0902-02-03	正朔一	天复二年	天复元年
1121-12C-23	0902-02-04	正朔一	天复二年	天复元年
1121-12C-24	0902-02-05	正朔一	天复二年	天复元年
1121-12C-25	0902-02-06	正朔一	天复二年	天复元年
1121-12C-26	0902-02-07	正朔一	天复二年	天复元年
1121-12C-27	0902-02-08	正朔一	天复二年	天复元年
1121-12C-28	0902-02-09	正朔一	天复二年	天复元年
1121-12C-29	0902-02-10	正朔一	天复二年	天复元年
1122-11C-30	0903-01-01	正朔一	天复三年	天复二年
1122-12C-01	0903-01-02	正朔一	天复三年	天复二年
1122-12C-02	0903-01-03	正朔一	天复三年	天复二年
1122-12C-03	0903-01-04	正朔一	天复三年	天复二年
1122-12C-04	0903-01-05	正朔一	天复三年	天复二年
1122-12C-05	0903-01-06	正朔一	天复三年	天复二年
1122-12C-06	0903-01-07	正朔一	天复三年	天复二年
1122-12C-07	0903-01-08	正朔一	天复三年	天复二年
1122-12C-08	0903-01-09	正朔一	天复三年	天复二年
1122-12C-09	0903-01-10	正朔一	天复三年	天复二年
1122-12C-10	0903-01-11	正朔一	天复三年	天复二年
1122-12C-11	0903-01-12	正朔一	天复三年	天复二年
1122-12C-12	0903-01-13	正朔一	天复三年	天复二年
1122-12C-13	0903-01-14	正朔一	天复三年	天复二年
1122-12C-14	0903-01-15	正朔一	天复三年	天复二年
1122-12C-15	0903-01-16	正朔一	天复三年	天复二年
1122-12C-16	0903-01-17	正朔一	天复三年	天复二年
1122-12C-17	0903-01-18	正朔一	天复三年	天复二年
1122-12C-18	0903-01-19	正朔一	天复三年	天复二年
1122-12C-19	0903-01-20	正朔一	天复三年	天复二年
1122-12C-20	0903-01-21	正朔一	天复三年	天复二年
1122-12C-21	0903-01-22	正朔一	天复三年	天复二年
1122-12C-22	0903-01-23	正朔一	天复三年	天复二年
1122-12C-23	0903-01-24	正朔一	天复三年	天复二年
1122-12C-24	0903-01-25	正朔一	天复三年	天复二年
1122-12C-25	0903-01-26	正朔一	天复三年	天复二年
1122-12C-26	0903-01-27	正朔一	天复三年	天复二年
1122-12C-27	0903-01-28	正朔一	天复三年	天复二年
1122-12C-28	0903-01-29	正朔一	天复三年	天复二年
1122-12C-29	0903-01-30	正朔一	天复三年	天复二年
1122-12C-30	0903-01-31	正朔一	天复三年	天复二年
1123-12C-11	0904-01-01	正朔一	天复四年	天复三年
1123-12C-12	0904-01-02	正朔一	天复四年	天复三年
1123-12C-13	0904-01-03	正朔一	天复四年	天复三年
1123-12C-14	0904-01-04	正朔一	天复四年	天复三年
1123-12C-15	0904-01-05	正朔一	天复四年	天复三年
1123-12C-16	0904-01-06	正朔一	天复四年	天复三年
1123-12C-17	0904-01-07	正朔一	天复四年	天复三年
1123-12C-18	0904-01-08	正朔一	天复四年	天复三年
1123-12C-19	0904-01-09	正朔一	天复四年	天复三年
1123-12C-20	0904-01-10	正朔一	天复四年	天复三年
1123-12C-21	0904-01-11	正朔一	天复四年	天复三年
1123-12C-22	0904-01-12	正朔一	天复四年	天复三年
1123-12C-23	0904-01-13	正朔一	天复四年	天复三年
1123-12C-24	0904-01-14	正朔一	天复四年	天复三年
1123-12C-25	0904-01-15	正朔一	天复四年	天复三年
1123-12C-26	0904-01-16	正朔一	天复四年	天复三年
1123-12C-27	0904-01-17	正朔一	天复四年	天复三年
1123-12C-28	0904-01-18	正朔一	天复四年	天复三年
1123-12C-29	0904-01-19	正朔一	天复四年	天复三年
1123-12C-30	0904-01-20	正朔一	天复四年	天复三年
1125-12C-04	0906-01-01	正朔一	天佑三年	天佑二年
1125-12C-05	0906-01-02	正朔一	天佑三年	天佑二年
1125-12C-06	0906-01-03	正朔一	天佑三年	天佑二年
1125-12C-07	0906-01-04	正朔一	天佑三年	天佑二年
1125-12C-08	0906-01-05	正朔一	天佑三年	天佑二年
1125-12C-09	0906-01-06	正朔一	天佑三年	天佑二年
1125-12C-10	0906-01-07	正朔一	天佑三年	天佑二年
1125-12C-11	0906-01-08	正朔一	天佑三年	天佑二年
1125-12C-12	0906-01-09	正朔一	天佑三年	天佑二年
1125-12C-13	0906-01-10	正朔一	天佑三年	天佑二年
1125-12C-14	0906-01-11	正朔一	天佑三年	天佑二年
1125-12C-15	0906-01-12	正朔一	天佑三年	天佑二年
1125-12C-16	0906-01-13	正朔一	天佑三年	天佑二年
1125-12C-17	0906-01-14	正朔一	天佑三年	天佑二年
1125-12C-18	0906-01-15	正朔一	天佑三年	天佑二年
1125-12C-19	0906-01-16	正朔一	天佑三年	天佑二年
1125-12C-20	0906-01-17	正朔一	天佑三年	天佑二年
1125-12C-21	0906-01-18	正朔一	天佑三年	天佑二年
1125-12C-22	0906-01-19	正朔一	天佑三年	天佑二年
1125-12C-23	0906-01-20	正朔一	天佑三年	天佑二年
1125-12C-24	0906-01-21	正朔一	天佑三年	天佑二年
1125-12C-25	0906-01-22	正朔一	天佑三年	天佑二年
1125-12C-26	0906-01-23	正朔一	天佑三年	天佑二年
1125-12C-27	0906-01-24	正朔一	天佑三年	天佑二年
1125-12C-28	0906-01-25	正朔一	天佑三年	天佑二年
1125-12C-29	0906-01-26	正朔一	天佑三年	天佑二年
1125-12C-30	0906-01-27	正朔一	天佑三年	天佑二年
1126-12C-15	0907-01-01	正朔一	天佑四年	天佑三年
1126-12C-16	0907-01-02	正朔一	天佑四年	天佑三年
1126-12C-17	0907-01-03	正朔一	天佑四年	天佑三年
1126-12C-18	0907-01-04	正朔一	天佑四年	天佑三年
1126-12C-19	0907-01-05	正朔一	天佑四年	天佑三年
1126-12C-20	0907-01-06	正朔一	天佑四年	天佑三年
1126-12C-21	0907-01-07	正朔一	天佑四年	天佑三年
1126-12C-22	0907-01-08	正朔一	天佑四年	天佑三年
1126-12C-23	0907-01-09	正朔一	天佑四年	天佑三年
1126-12C-24	0907-01-10	正朔一	天佑四年	天佑三年
1126-12C-25	0907-01-11	正朔一	天佑四年	天佑三年
1126-12C-26	0907-01-12	正朔一	天佑四年	天佑三年
1126-12C-27	0907-01-13	正朔一	天佑四年	天佑三年
1126-12C-28	0907-01-14	正朔一	天佑四年	天佑三年
1126-12C-29	0907-01-15	正朔一	天佑四年	天佑三年
1126-12C-30	0907-01-16	正朔一	天佑四年	天佑三年
1126-12L-01	0907-01-17	正朔一	天佑四年	天佑三年
1126-12L-02	0907-01-18	正朔一	天佑四年	天佑三年
1126-12L-03	0907-01-19	正朔一	天佑四年	天佑三年
1126-12L-04	0907-01-20	正朔一	天佑四年	天佑三年
1126-12L-05	0907-01-21	正朔一	天佑四年	天佑三年
1126-12L-06	0907-01-22	正朔一	天佑四年	天佑三年
1126-12L-07	0907-01-23	正朔一	天佑四年	天佑三年
1126-12L-08	0907-01-24	正朔一	天佑四年	天佑三年
1126-12L-09	0907-01-25	正朔一	天佑四年	天佑三年
1126-12L-10	0907-01-26	正朔一	天佑四年	天佑三年
1126-12L-11	0907-01-27	正朔一	天佑四年	天佑三年
1126-12L-12	0907-01-28	正朔一	天佑四年	天佑三年
1126-12L-13	0907-01-29	正朔一	天佑四年	天佑三年
1126-12L-14	0907-01-30	正朔一	天佑四年	天佑三年
1126-12L-15	0907-01-31	正朔一	天佑四年	天佑三年
1126-12L-16	0907-02-01	正朔一	天佑四年	天佑三年
1126-12L-17	0907-02-02	正朔一	天佑四年	天佑三年
1126-12L-18	0907-02-03	正朔一	天佑四年	天佑三年
1126-12L-19	0907-02-04	正朔一	天佑四年	天佑三年
1126-12L-20	0907-02-05	正朔一	天佑四年	天佑三年
1126-12L-21	0907-02-06	正朔一	天佑四年	天佑三年
1126-12L-22	0907-02-07	正朔一	天佑四年	天佑三年
1126-12L-23	0907-02-08	正朔一	天佑四年	天佑三年
1126-12L-24	0907-02-09	正朔一	天佑四年	天佑三年
1126-12L-25	0907-02-10	正朔一	天佑四年	天佑三年
1126-12L-26	0907-02-11	正朔一	天佑四年	天佑三年
1126-12L-27	0907-02-12	正朔一	天佑四年	天佑三年
1126-12L-28	0907-02-13	正朔一	天佑四年	天佑三年
1126-12L-29	0907-02-14	正朔一	天佑四年	天佑三年
1127-11C-25	0908-01-01	正朔一	开平二年	开平元年
1127-11C-26	0908-01-02	正朔一	开平二年	开平元年
1127-11C-27	0908-01-03	正朔一	开平二年	开平元年
1127-11C-28	0908-01-04	正朔一	开平二年	开平元年
1127-11C-29	0908-01-05	正朔一	开平二年	开平元年
1127-11C-30	0908-01-06	正朔一	开平二年	开平元年
1127-12C-01	0908-01-07	正朔一	开平二年	开平元年
1127-12C-02	0908-01-08	正朔一	开平二年	开平元年
1127-12C-03	0908-01-09	正朔一	开平二年	开平元年
1127-12C-04	0908-01-10	正朔一	开平二年	开平元年
1127-12C-05	0908-01-11	正朔一	开平二年	开平元年
1127-12C-06	0908-01-12	正朔一	开平二年	开平元年
1127-12C-07	0908-01-13	正朔一	开平二年	开平元年
1127-12C-08	0908-01-14	正朔一	开平二年	开平元年
1127-12C-09	0908-01-15	正朔一	开平二年	开平元年
1127-12C-10	0908-01-16	正朔一	开平二年	开平元年
1127-12C-11	0908-01-17	正朔一	开平二年	开平元年
1127-12C-12	0908-01-18	正朔一	开平二年	开平元年
1127-12C-13	0908-01-19	正朔一	开平二年	开平元年
1127-12C-14	0908-01-20	正朔一	开平二年	开平元年
1127-12C-15	0908-01-21	正朔一	开平二年	开平元年
1127-12C-16	0908-01-22	正朔一	开平二年	开平元年
1127-12C-17	0908-01-23	正朔一	开平二年	开平元年
1127-12C-18	0908-01-24	正朔一	开平二年	开平元年
1127-12C-19	0908-01-25	正朔一	开平二年	开平元年
1127-12C-20	0908-01-26	正朔一	开平二年	开平元年
1127-12C-21	0908-01-27	正朔一	开平二年	开平元年
1127-12C-22	0908-01-28	正朔一	开平二年	开平元年
1127-12C-23	0908-01-29	正朔一	开平二年	开平元年
1127-12C-24	0908-01-30	正朔一	开平二年	开平元年
1127-12C-25	0908-01-31	正朔一	开平二年	开平元年
1127-12C-26	0908-02-01	正朔一	开平二年	开平元年
1127-12C-27	0908-02-02	正朔一	开平二年	开平元年
1127-12C-28	0908-02-03	正朔一	开平二年	开平元年
1127-12C-29	0908-02-04	正朔一	开平二年	开平元年
1128-12C-07	0909-01-01	正朔一	开平三年	开平二年
1128-12C-08	0909-01-02	正朔一	开平三年	开平二年
1128-12C-09	0909-01-03	正朔一	开平三年	开平二年
1128-12C-10	0909-01-04	正朔一	开平三年	开平二年
1128-12C-11	0909-01-05	正朔一	开平三年	开平二年
1128-12C-12	0909-01-06	正朔一	开平三年	开平二年
1128-12C-13	0909-01-07	正朔一	开平三年	开平二年
1128-12C-14	0909-01-08	正朔一	开平三年	开平二年
1128-12C-15	0909-01-09	正朔一	开平三年	开平二年
1128-12C-16	0909-01-10	正朔一	开平三年	开平二年
1128-12C-17	0909-01-11	正朔一	开平三年	开平二年
1128-12C-18	0909-01-12	正朔一	开平三年	开平二年
1128-12C-19	0909-01-13	正朔一	开平三年	开平二年
1128-12C-20	0909-01-14	正朔一	开平三年	开平二年
1128-12C-21	0909-01-15	正朔一	开平三年	开平二年
1128-12C-22	0909-01-16	正朔一	开平三年	开平二年
1128-12C-23	0909-01-17	正朔一	开平三年	开平二年
1128-12C-24	0909-01-18	正朔一	开平三年	开平二年
1128-12C-25	0909-01-19	正朔一	开平三年	开平二年
1128-12C-26	0909-01-20	正朔一	开平三年	开平二年
1128-12C-27	0909-01-21	正朔一	开平三年	开平二年
1128-12C-28	0909-01-22	正朔一	开平三年	开平二年
1128-12C-29	0909-01-23	正朔一	开平三年	开平二年
1128-12C-30	0909-01-24	正朔一	开平三年	开平二年
1129-11C-17	0910-01-01	正朔一	开平四年	开平三年
1129-11C-18	0910-01-02	正朔一	开平四年	开平三年
1129-11C-19	0910-01-03	正朔一	开平四年	开平三年
1129-11C-20	0910-01-04	正朔一	开平四年	开平三年
1129-11C-21	0910-01-05	正朔一	开平四年	开平三年
1129-11C-22	0910-01-06	正朔一	开平四年	开平三年
1129-11C-23	0910-01-07	正朔一	开平四年	开平三年
1129-11C-24	0910-01-08	正朔一	开平四年	开平三年
1129-11C-25	0910-01-09	正朔一	开平四年	开平三年
1129-11C-26	0910-01-10	正朔一	开平四年	开平三年
1129-11C-27	0910-01-11	正朔一	开平四年	开平三年
1129-11C-28	0910-01-12	正朔一	开平四年	开平三年
1129-11C-29	0910-01-13	正朔一	开平四年	开平三年
1129-12C-01	0910-01-14	正朔一	开平四年	开平三年
1129-12C-02	0910-01-15	正朔一	开平四年	开平三年
1129-12C-03	0910-01-16	正朔一	开平四年	开平三年
1129-12C-04	0910-01-17	正朔一	开平四年	开平三年
1129-12C-05	0910-01-18	正朔一	开平四年	开平三年
1129-12C-06	0910-01-19	正朔一	开平四年	开平三年
1129-12C-07	0910-01-20	正朔一	开平四年	开平三年
1129-12C-08	0910-01-21	正朔一	开平四年	开平三年
1129-12C-09	0910-01-22	正朔一	开平四年	开平三年
1129-12C-10	0910-01-23	正朔一	开平四年	开平三年
1129-12C-11	0910-01-24	正朔一	开平四年	开平三年
1129-12C-12	0910-01-25	正朔一	开平四年	开平三年
1129-12C-13	0910-01-26	正朔一	开平四年	开平三年
1129-12C-14	0910-01-27	正朔一	开平四年	开平三年
1129-12C-15	0910-01-28	正朔一	开平四年	开平三年
1129-12C-16	0910-01-29	正朔一	开平四年	开平三年
1129-12C-17	0910-01-30	正朔一	开平四年	开平三年
1129-12C-18	0910-01-31	正朔一	开平四年	开平三年
1129-12C-19	0910-02-01	正朔一	开平四年	开平三年
1129-12C-20	0910-02-02	正朔一	开平四年	开平三年
1129-12C-21	0910-02-03	正朔一	开平四年	开平三年
1129-12C-22	0910-02-04	正朔一	开平四年	开平三年
1129-12C-23	0910-02-05	正朔一	开平四年	开平三年
1129-12C-24	0910-02-06	正朔一	开平四年	开平三年
1129-12C-25	0910-02-07	正朔一	开平四年	开平三年
1129-12C-26	0910-02-08	正朔一	开平四年	开平三年
1129-12C-27	0910-02-09	正朔一	开平四年	开平三年
1129-12C-28	0910-02-10	正朔一	开平四年	开平三年
1129-12C-29	0910-02-11	正朔一	开平四年	开平三年
1129-12C-30	0910-02-12	正朔一	开平四年	开平三年
1131-12C-09	0912-01-01	正朔一	乾化二年	开平五年/乾化元年
1131-12C-10	0912-01-02	正朔一	乾化二年	开平五年/乾化元年
1131-12C-11	0912-01-03	正朔一	乾化二年	开平五年/乾化元年
1131-12C-12	0912-01-04	正朔一	乾化二年	开平五年/乾化元年
1131-12C-13	0912-01-05	正朔一	乾化二年	开平五年/乾化元年
1131-12C-14	0912-01-06	正朔一	乾化二年	开平五年/乾化元年
1131-12C-15	0912-01-07	正朔一	乾化二年	开平五年/乾化元年
1131-12C-16	0912-01-08	正朔一	乾化二年	开平五年/乾化元年
1131-12C-17	0912-01-09	正朔一	乾化二年	开平五年/乾化元年
1131-12C-18	0912-01-10	正朔一	乾化二年	开平五年/乾化元年
1131-12C-19	0912-01-11	正朔一	乾化二年	开平五年/乾化元年
1131-12C-20	0912-01-12	正朔一	乾化二年	开平五年/乾化元年
1131-12C-21	0912-01-13	正朔一	乾化二年	开平五年/乾化元年
1131-12C-22	0912-01-14	正朔一	乾化二年	开平五年/乾化元年
1131-12C-23	0912-01-15	正朔一	乾化二年	开平五年/乾化元年
1131-12C-24	0912-01-16	正朔一	乾化二年	开平五年/乾化元年
1131-12C-25	0912-01-17	正朔一	乾化二年	开平五年/乾化元年
1131-12C-26	0912-01-18	正朔一	乾化二年	开平五年/乾化元年
1131-12C-27	0912-01-19	正朔一	乾化二年	开平五年/乾化元年
1131-12C-28	0912-01-20	正朔一	乾化二年	开平五年/乾化元年
1131-12C-29	0912-01-21	正朔一	乾化二年	开平五年/乾化元年
1132-11C-21	0913-01-01	正朔一	凤曆元年/乾化三年	乾化二年
1132-11C-22	0913-01-02	正朔一	凤曆元年/乾化三年	乾化二年
1132-11C-23	0913-01-03	正朔一	凤曆元年/乾化三年	乾化二年
1132-11C-24	0913-01-04	正朔一	凤曆元年/乾化三年	乾化二年
1132-11C-25	0913-01-05	正朔一	凤曆元年/乾化三年	乾化二年
1132-11C-26	0913-01-06	正朔一	凤曆元年/乾化三年	乾化二年
1132-11C-27	0913-01-07	正朔一	凤曆元年/乾化三年	乾化二年
1132-11C-28	0913-01-08	正朔一	凤曆元年/乾化三年	乾化二年
1132-11C-29	0913-01-09	正朔一	凤曆元年/乾化三年	乾化二年
1132-12C-01	0913-01-10	正朔一	凤曆元年/乾化三年	乾化二年
1132-12C-02	0913-01-11	正朔一	凤曆元年/乾化三年	乾化二年
1132-12C-03	0913-01-12	正朔一	凤曆元年/乾化三年	乾化二年
1132-12C-04	0913-01-13	正朔一	凤曆元年/乾化三年	乾化二年
1132-12C-05	0913-01-14	正朔一	凤曆元年/乾化三年	乾化二年
1132-12C-06	0913-01-15	正朔一	凤曆元年/乾化三年	乾化二年
1132-12C-07	0913-01-16	正朔一	凤曆元年/乾化三年	乾化二年
1132-12C-08	0913-01-17	正朔一	凤曆元年/乾化三年	乾化二年
1132-12C-09	0913-01-18	正朔一	凤曆元年/乾化三年	乾化二年
1132-12C-10	0913-01-19	正朔一	凤曆元年/乾化三年	乾化二年
1132-12C-11	0913-01-20	正朔一	凤曆元年/乾化三年	乾化二年
1132-12C-12	0913-01-21	正朔一	凤曆元年/乾化三年	乾化二年
1132-12C-13	0913-01-22	正朔一	凤曆元年/乾化三年	乾化二年
1132-12C-14	0913-01-23	正朔一	凤曆元年/乾化三年	乾化二年
1132-12C-15	0913-01-24	正朔一	凤曆元年/乾化三年	乾化二年
1132-12C-16	0913-01-25	正朔一	凤曆元年/乾化三年	乾化二年
1132-12C-17	0913-01-26	正朔一	凤曆元年/乾化三年	乾化二年
1132-12C-18	0913-01-27	正朔一	凤曆元年/乾化三年	乾化二年
1132-12C-19	0913-01-28	正朔一	凤曆元年/乾化三年	乾化二年
1132-12C-20	0913-01-29	正朔一	凤曆元年/乾化三年	乾化二年
1132-12C-21	0913-01-30	正朔一	凤曆元年/乾化三年	乾化二年
1132-12C-22	0913-01-31	正朔一	凤曆元年/乾化三年	乾化二年
1132-12C-23	0913-02-01	正朔一	凤曆元年/乾化三年	乾化二年
1132-12C-24	0913-02-02	正朔一	凤曆元年/乾化三年	乾化二年
1132-12C-25	0913-02-03	正朔一	凤曆元年/乾化三年	乾化二年
1132-12C-26	0913-02-04	正朔一	凤曆元年/乾化三年	乾化二年
1132-12C-27	0913-02-05	正朔一	凤曆元年/乾化三年	乾化二年
1132-12C-28	0913-02-06	正朔一	凤曆元年/乾化三年	乾化二年
1132-12C-29	0913-02-07	正朔一	凤曆元年/乾化三年	乾化二年
1132-12C-30	0913-02-08	正朔一	凤曆元年/乾化三年	乾化二年
1133-12C-03	0914-01-01	正朔一	乾化四年	凤曆元年/乾化三年
1133-12C-04	0914-01-02	正朔一	乾化四年	凤曆元年/乾化三年
1133-12C-05	0914-01-03	正朔一	乾化四年	凤曆元年/乾化三年
1133-12C-06	0914-01-04	正朔一	乾化四年	凤曆元年/乾化三年
1133-12C-07	0914-01-05	正朔一	乾化四年	凤曆元年/乾化三年
1133-12C-08	0914-01-06	正朔一	乾化四年	凤曆元年/乾化三年
1133-12C-09	0914-01-07	正朔一	乾化四年	凤曆元年/乾化三年
1133-12C-10	0914-01-08	正朔一	乾化四年	凤曆元年/乾化三年
1133-12C-11	0914-01-09	正朔一	乾化四年	凤曆元年/乾化三年
1133-12C-12	0914-01-10	正朔一	乾化四年	凤曆元年/乾化三年
1133-12C-13	0914-01-11	正朔一	乾化四年	凤曆元年/乾化三年
1133-12C-14	0914-01-12	正朔一	乾化四年	凤曆元年/乾化三年
1133-12C-15	0914-01-13	正朔一	乾化四年	凤曆元年/乾化三年
1133-12C-16	0914-01-14	正朔一	乾化四年	凤曆元年/乾化三年
1133-12C-17	0914-01-15	正朔一	乾化四年	凤曆元年/乾化三年
1133-12C-18	0914-01-16	正朔一	乾化四年	凤曆元年/乾化三年
1133-12C-19	0914-01-17	正朔一	乾化四年	凤曆元年/乾化三年
1133-12C-20	0914-01-18	正朔一	乾化四年	凤曆元年/乾化三年
1133-12C-21	0914-01-19	正朔一	乾化四年	凤曆元年/乾化三年
1133-12C-22	0914-01-20	正朔一	乾化四年	凤曆元年/乾化三年
1133-12C-23	0914-01-21	正朔一	乾化四年	凤曆元年/乾化三年
1133-12C-24	0914-01-22	正朔一	乾化四年	凤曆元年/乾化三年
1133-12C-25	0914-01-23	正朔一	乾化四年	凤曆元年/乾化三年
1133-12C-26	0914-01-24	正朔一	乾化四年	凤曆元年/乾化三年
1133-12C-27	0914-01-25	正朔一	乾化四年	凤曆元年/乾化三年
1133-12C-28	0914-01-26	正朔一	乾化四年	凤曆元年/乾化三年
1133-12C-29	0914-01-27	正朔一	乾化四年	凤曆元年/乾化三年
1133-12C-30	0914-01-28	正朔一	乾化四年	凤曆元年/乾化三年
1135-11C-24	0916-01-01	正朔一	贞明二年	乾化五年/贞明元年
1135-11C-25	0916-01-02	正朔一	贞明二年	乾化五年/贞明元年
1135-11C-26	0916-01-03	正朔一	贞明二年	乾化五年/贞明元年
1135-11C-27	0916-01-04	正朔一	贞明二年	乾化五年/贞明元年
1135-11C-28	0916-01-05	正朔一	贞明二年	乾化五年/贞明元年
1135-11C-29	0916-01-06	正朔一	贞明二年	乾化五年/贞明元年
1135-11C-30	0916-01-07	正朔一	贞明二年	乾化五年/贞明元年
1135-12C-01	0916-01-08	正朔一	贞明二年	乾化五年/贞明元年
1135-12C-02	0916-01-09	正朔一	贞明二年	乾化五年/贞明元年
1135-12C-03	0916-01-10	正朔一	贞明二年	乾化五年/贞明元年
1135-12C-04	0916-01-11	正朔一	贞明二年	乾化五年/贞明元年
1135-12C-05	0916-01-12	正朔一	贞明二年	乾化五年/贞明元年
1135-12C-06	0916-01-13	正朔一	贞明二年	乾化五年/贞明元年
1135-12C-07	0916-01-14	正朔一	贞明二年	乾化五年/贞明元年
1135-12C-08	0916-01-15	正朔一	贞明二年	乾化五年/贞明元年
1135-12C-09	0916-01-16	正朔一	贞明二年	乾化五年/贞明元年
1135-12C-10	0916-01-17	正朔一	贞明二年	乾化五年/贞明元年
1135-12C-11	0916-01-18	正朔一	贞明二年	乾化五年/贞明元年
1135-12C-12	0916-01-19	正朔一	贞明二年	乾化五年/贞明元年
1135-12C-13	0916-01-20	正朔一	贞明二年	乾化五年/贞明元年
1135-12C-14	0916-01-21	正朔一	贞明二年	乾化五年/贞明元年
1135-12C-15	0916-01-22	正朔一	贞明二年	乾化五年/贞明元年
1135-12C-16	0916-01-23	正朔一	贞明二年	乾化五年/贞明元年
1135-12C-17	0916-01-24	正朔一	贞明二年	乾化五年/贞明元年
1135-12C-18	0916-01-25	正朔一	贞明二年	乾化五年/贞明元年
1135-12C-19	0916-01-26	正朔一	贞明二年	乾化五年/贞明元年
1135-12C-20	0916-01-27	正朔一	贞明二年	乾化五年/贞明元年
1135-12C-21	0916-01-28	正朔一	贞明二年	乾化五年/贞明元年
1135-12C-22	0916-01-29	正朔一	贞明二年	乾化五年/贞明元年
1135-12C-23	0916-01-30	正朔一	贞明二年	乾化五年/贞明元年
1135-12C-24	0916-01-31	正朔一	贞明二年	乾化五年/贞明元年
1135-12C-25	0916-02-01	正朔一	贞明二年	乾化五年/贞明元年
1135-12C-26	0916-02-02	正朔一	贞明二年	乾化五年/贞明元年
1135-12C-27	0916-02-03	正朔一	贞明二年	乾化五年/贞明元年
1135-12C-28	0916-02-04	正朔一	贞明二年	乾化五年/贞明元年
1135-12C-29	0916-02-05	正朔一	贞明二年	乾化五年/贞明元年
1136-12C-05	0917-01-01	正朔一	贞明三年	贞明二年
1136-12C-06	0917-01-02	正朔一	贞明三年	贞明二年
1136-12C-07	0917-01-03	正朔一	贞明三年	贞明二年
1136-12C-08	0917-01-04	正朔一	贞明三年	贞明二年
1136-12C-09	0917-01-05	正朔一	贞明三年	贞明二年
1136-12C-10	0917-01-06	正朔一	贞明三年	贞明二年
1136-12C-11	0917-01-07	正朔一	贞明三年	贞明二年
1136-12C-12	0917-01-08	正朔一	贞明三年	贞明二年
1136-12C-13	0917-01-09	正朔一	贞明三年	贞明二年
1136-12C-14	0917-01-10	正朔一	贞明三年	贞明二年
1136-12C-15	0917-01-11	正朔一	贞明三年	贞明二年
1136-12C-16	0917-01-12	正朔一	贞明三年	贞明二年
1136-12C-17	0917-01-13	正朔一	贞明三年	贞明二年
1136-12C-18	0917-01-14	正朔一	贞明三年	贞明二年
1136-12C-19	0917-01-15	正朔一	贞明三年	贞明二年
1136-12C-20	0917-01-16	正朔一	贞明三年	贞明二年
1136-12C-21	0917-01-17	正朔一	贞明三年	贞明二年
1136-12C-22	0917-01-18	正朔一	贞明三年	贞明二年
1136-12C-23	0917-01-19	正朔一	贞明三年	贞明二年
1136-12C-24	0917-01-20	正朔一	贞明三年	贞明二年
1136-12C-25	0917-01-21	正朔一	贞明三年	贞明二年
1136-12C-26	0917-01-22	正朔一	贞明三年	贞明二年
1136-12C-27	0917-01-23	正朔一	贞明三年	贞明二年
1136-12C-28	0917-01-24	正朔一	贞明三年	贞明二年
1136-12C-29	0917-01-25	正朔一	贞明三年	贞明二年
1137-11C-16	0918-01-01	正朔一	贞明四年	贞明三年
1137-11C-17	0918-01-02	正朔一	贞明四年	贞明三年
1137-11C-18	0918-01-03	正朔一	贞明四年	贞明三年
1137-11C-19	0918-01-04	正朔一	贞明四年	贞明三年
1137-11C-20	0918-01-05	正朔一	贞明四年	贞明三年
1137-11C-21	0918-01-06	正朔一	贞明四年	贞明三年
1137-11C-22	0918-01-07	正朔一	贞明四年	贞明三年
1137-11C-23	0918-01-08	正朔一	贞明四年	贞明三年
1137-11C-24	0918-01-09	正朔一	贞明四年	贞明三年
1137-11C-25	0918-01-10	正朔一	贞明四年	贞明三年
1137-11C-26	0918-01-11	正朔一	贞明四年	贞明三年
1137-11C-27	0918-01-12	正朔一	贞明四年	贞明三年
1137-11C-28	0918-01-13	正朔一	贞明四年	贞明三年
1137-11C-29	0918-01-14	正朔一	贞明四年	贞明三年
1137-11C-30	0918-01-15	正朔一	贞明四年	贞明三年
1137-12C-01	0918-01-16	正朔一	贞明四年	贞明三年
1137-12C-02	0918-01-17	正朔一	贞明四年	贞明三年
1137-12C-03	0918-01-18	正朔一	贞明四年	贞明三年
1137-12C-04	0918-01-19	正朔一	贞明四年	贞明三年
1137-12C-05	0918-01-20	正朔一	贞明四年	贞明三年
1137-12C-06	0918-01-21	正朔一	贞明四年	贞明三年
1137-12C-07	0918-01-22	正朔一	贞明四年	贞明三年
1137-12C-08	0918-01-23	正朔一	贞明四年	贞明三年
1137-12C-09	0918-01-24	正朔一	贞明四年	贞明三年
1137-12C-10	0918-01-25	正朔一	贞明四年	贞明三年
1137-12C-11	0918-01-26	正朔一	贞明四年	贞明三年
1137-12C-12	0918-01-27	正朔一	贞明四年	贞明三年
1137-12C-13	0918-01-28	正朔一	贞明四年	贞明三年
1137-12C-14	0918-01-29	正朔一	贞明四年	贞明三年
1137-12C-15	0918-01-30	正朔一	贞明四年	贞明三年
1137-12C-16	0918-01-31	正朔一	贞明四年	贞明三年
1137-12C-17	0918-02-01	正朔一	贞明四年	贞明三年
1137-12C-18	0918-02-02	正朔一	贞明四年	贞明三年
1137-12C-19	0918-02-03	正朔一	贞明四年	贞明三年
1137-12C-20	0918-02-04	正朔一	贞明四年	贞明三年
1137-12C-21	0918-02-05	正朔一	贞明四年	贞明三年
1137-12C-22	0918-02-06	正朔一	贞明四年	贞明三年
1137-12C-23	0918-02-07	正朔一	贞明四年	贞明三年
1137-12C-24	0918-02-08	正朔一	贞明四年	贞明三年
1137-12C-25	0918-02-09	正朔一	贞明四年	贞明三年
1137-12C-26	0918-02-10	正朔一	贞明四年	贞明三年
1137-12C-27	0918-02-11	正朔一	贞明四年	贞明三年
1137-12C-28	0918-02-12	正朔一	贞明四年	贞明三年
1137-12C-29	0918-02-13	正朔一	贞明四年	贞明三年
1138-11C-27	0919-01-01	正朔一	贞明五年	贞明四年
1138-11C-28	0919-01-02	正朔一	贞明五年	贞明四年
1138-11C-29	0919-01-03	正朔一	贞明五年	贞明四年
1138-11C-30	0919-01-04	正朔一	贞明五年	贞明四年
1138-12C-01	0919-01-05	正朔一	贞明五年	贞明四年
1138-12C-02	0919-01-06	正朔一	贞明五年	贞明四年
1138-12C-03	0919-01-07	正朔一	贞明五年	贞明四年
1138-12C-04	0919-01-08	正朔一	贞明五年	贞明四年
1138-12C-05	0919-01-09	正朔一	贞明五年	贞明四年
1138-12C-06	0919-01-10	正朔一	贞明五年	贞明四年
1138-12C-07	0919-01-11	正朔一	贞明五年	贞明四年
1138-12C-08	0919-01-12	正朔一	贞明五年	贞明四年
1138-12C-09	0919-01-13	正朔一	贞明五年	贞明四年
1138-12C-10	0919-01-14	正朔一	贞明五年	贞明四年
1138-12C-11	0919-01-15	正朔一	贞明五年	贞明四年
1138-12C-12	0919-01-16	正朔一	贞明五年	贞明四年
1138-12C-13	0919-01-17	正朔一	贞明五年	贞明四年
1138-12C-14	0919-01-18	正朔一	贞明五年	贞明四年
1138-12C-15	0919-01-19	正朔一	贞明五年	贞明四年
1138-12C-16	0919-01-20	正朔一	贞明五年	贞明四年
1138-12C-17	0919-01-21	正朔一	贞明五年	贞明四年
1138-12C-18	0919-01-22	正朔一	贞明五年	贞明四年
1138-12C-19	0919-01-23	正朔一	贞明五年	贞明四年
1138-12C-20	0919-01-24	正朔一	贞明五年	贞明四年
1138-12C-21	0919-01-25	正朔一	贞明五年	贞明四年
1138-12C-22	0919-01-26	正朔一	贞明五年	贞明四年
1138-12C-23	0919-01-27	正朔一	贞明五年	贞明四年
1138-12C-24	0919-01-28	正朔一	贞明五年	贞明四年
1138-12C-25	0919-01-29	正朔一	贞明五年	贞明四年
1138-12C-26	0919-01-30	正朔一	贞明五年	贞明四年
1138-12C-27	0919-01-31	正朔一	贞明五年	贞明四年
1138-12C-28	0919-02-01	正朔一	贞明五年	贞明四年
1138-12C-29	0919-02-02	正朔一	贞明五年	贞明四年
1138-12C-30	0919-02-03	正朔一	贞明五年	贞明四年
1139-12C-08	0920-01-01	正朔一	贞明六年	贞明五年
1139-12C-09	0920-01-02	正朔一	贞明六年	贞明五年
1139-12C-10	0920-01-03	正朔一	贞明六年	贞明五年
1139-12C-11	0920-01-04	正朔一	贞明六年	贞明五年
1139-12C-12	0920-01-05	正朔一	贞明六年	贞明五年
1139-12C-13	0920-01-06	正朔一	贞明六年	贞明五年
1139-12C-14	0920-01-07	正朔一	贞明六年	贞明五年
1139-12C-15	0920-01-08	正朔一	贞明六年	贞明五年
1139-12C-16	0920-01-09	正朔一	贞明六年	贞明五年
1139-12C-17	0920-01-10	正朔一	贞明六年	贞明五年
1139-12C-18	0920-01-11	正朔一	贞明六年	贞明五年
1139-12C-19	0920-01-12	正朔一	贞明六年	贞明五年
1139-12C-20	0920-01-13	正朔一	贞明六年	贞明五年
1139-12C-21	0920-01-14	正朔一	贞明六年	贞明五年
1139-12C-22	0920-01-15	正朔一	贞明六年	贞明五年
1139-12C-23	0920-01-16	正朔一	贞明六年	贞明五年
1139-12C-24	0920-01-17	正朔一	贞明六年	贞明五年
1139-12C-25	0920-01-18	正朔一	贞明六年	贞明五年
1139-12C-26	0920-01-19	正朔一	贞明六年	贞明五年
1139-12C-27	0920-01-20	正朔一	贞明六年	贞明五年
1139-12C-28	0920-01-21	正朔一	贞明六年	贞明五年
1139-12C-29	0920-01-22	正朔一	贞明六年	贞明五年
1139-12C-30	0920-01-23	正朔一	贞明六年	贞明五年
1141-12C-01	0922-01-01	正朔一	龙德二年	贞明七年/龙德元年
1141-12C-02	0922-01-02	正朔一	龙德二年	贞明七年/龙德元年
1141-12C-03	0922-01-03	正朔一	龙德二年	贞明七年/龙德元年
1141-12C-04	0922-01-04	正朔一	龙德二年	贞明七年/龙德元年
1141-12C-05	0922-01-05	正朔一	龙德二年	贞明七年/龙德元年
1141-12C-06	0922-01-06	正朔一	龙德二年	贞明七年/龙德元年
1141-12C-07	0922-01-07	正朔一	龙德二年	贞明七年/龙德元年
1141-12C-08	0922-01-08	正朔一	龙德二年	贞明七年/龙德元年
1141-12C-09	0922-01-09	正朔一	龙德二年	贞明七年/龙德元年
1141-12C-10	0922-01-10	正朔一	龙德二年	贞明七年/龙德元年
1141-12C-11	0922-01-11	正朔一	龙德二年	贞明七年/龙德元年
1141-12C-12	0922-01-12	正朔一	龙德二年	贞明七年/龙德元年
1141-12C-13	0922-01-13	正朔一	龙德二年	贞明七年/龙德元年
1141-12C-14	0922-01-14	正朔一	龙德二年	贞明七年/龙德元年
1141-12C-15	0922-01-15	正朔一	龙德二年	贞明七年/龙德元年
1141-12C-16	0922-01-16	正朔一	龙德二年	贞明七年/龙德元年
1141-12C-17	0922-01-17	正朔一	龙德二年	贞明七年/龙德元年
1141-12C-18	0922-01-18	正朔一	龙德二年	贞明七年/龙德元年
1141-12C-19	0922-01-19	正朔一	龙德二年	贞明七年/龙德元年
1141-12C-20	0922-01-20	正朔一	龙德二年	贞明七年/龙德元年
1141-12C-21	0922-01-21	正朔一	龙德二年	贞明七年/龙德元年
1141-12C-22	0922-01-22	正朔一	龙德二年	贞明七年/龙德元年
1141-12C-23	0922-01-23	正朔一	龙德二年	贞明七年/龙德元年
1141-12C-24	0922-01-24	正朔一	龙德二年	贞明七年/龙德元年
1141-12C-25	0922-01-25	正朔一	龙德二年	贞明七年/龙德元年
1141-12C-26	0922-01-26	正朔一	龙德二年	贞明七年/龙德元年
1141-12C-27	0922-01-27	正朔一	龙德二年	贞明七年/龙德元年
1141-12C-28	0922-01-28	正朔一	龙德二年	贞明七年/龙德元年
1141-12C-29	0922-01-29	正朔一	龙德二年	贞明七年/龙德元年
1141-12C-30	0922-01-30	正朔一	龙德二年	贞明七年/龙德元年
